record_id,synthetic,source_version,country,plate,plate_normalized,vehicle_make,vehicle_model,vehicle_color,insurer_id,insurer_name,driver_name,driver_email,insurer_contact_name,insurer_email,policy_reference,coverage_start,coverage_end,correspondent_fr_id,correspondent_fr_name
DEMO-FR-0001,True,mock-insurance-v2,FR,AA-123-AA,AA123AA,Peugeot,208,silver,DEMO-FR-INS-00,Hexagone Demo Assurance (fictional),Conducteur fictif FR 0001,conducteur-fr-0001@example.test,Gestionnaire fictif DEMO-FR-INS-00,sinistres@demo-fr-ins-00.test,DEMO-FR-POL-0001,2026-01-01,2026-12-31,,
DEMO-FR-0002,True,mock-insurance-v2,FR,FR-482-KL,FR482KL,Peugeot,,silver,DEMO-FR-INS-01,Azur Demo Auto (fictional),Conducteur fictif FR 0002,conducteur-fr-0002@example.test,Gestionnaire fictif DEMO-FR-INS-01,sinistres@demo-fr-ins-01.test,DEMO-FR-POL-0002,2026-01-01,2026-12-31,,
DEMO-FR-0003,True,mock-insurance-v2,FR,GH-271-RM,GH271RM,Renault,Megane,silver,DEMO-FR-INS-02,Loire Demo Motor (fictional),Conducteur fictif FR 0003,conducteur-fr-0003@example.test,Gestionnaire fictif DEMO-FR-INS-02,sinistres@demo-fr-ins-02.test,DEMO-FR-POL-0003,2026-01-01,2026-12-31,,
DEMO-FR-0004,True,mock-insurance-v2,FR,GT-638-VN,GT638VN,Citroen,C3,light grey,DEMO-FR-INS-03,Alpes Demo Assurance (fictional),Conducteur fictif FR 0004,conducteur-fr-0004@example.test,Gestionnaire fictif DEMO-FR-INS-03,sinistres@demo-fr-ins-03.test,DEMO-FR-POL-0004,2026-01-01,2026-12-31,,
DEMO-FR-0005,True,mock-insurance-v2,FR,CN-495-ZA,CN495ZA,Ford,Focus,black,DEMO-FR-INS-04,Rivage Demo Auto (fictional),Conducteur fictif FR 0005,conducteur-fr-0005@example.test,Gestionnaire fictif DEMO-FR-INS-04,sinistres@demo-fr-ins-04.test,DEMO-FR-POL-0005,2026-01-01,2026-12-31,,
DEMO-FR-0006,True,mock-insurance-v2,FR,ZA-794-AH,ZA794AH,Ford,Focus,white,DEMO-FR-INS-00,Hexagone Demo Assurance (fictional),Conducteur fictif FR 0006,conducteur-fr-0006@example.test,Gestionnaire fictif DEMO-FR-INS-00,sinistres@demo-fr-ins-00.test,DEMO-FR-POL-0006,2026-01-01,2026-12-31,,
DEMO-FR-0007,True,mock-insurance-v2,FR,JT-838-MY,JT838MY,Ford,Focus,red,DEMO-FR-INS-01,Azur Demo Auto (fictional),Conducteur fictif FR 0007,conducteur-fr-0007@example.test,Gestionnaire fictif DEMO-FR-INS-01,sinistres@demo-fr-ins-01.test,DEMO-FR-POL-0007,2026-01-01,2026-12-31,,
DEMO-FR-0008,True,mock-insurance-v2,FR,MT-307-ER,MT307ER,Ford,Focus,black,DEMO-FR-INS-02,Loire Demo Motor (fictional),Conducteur fictif FR 0008,conducteur-fr-0008@example.test,Gestionnaire fictif DEMO-FR-INS-02,sinistres@demo-fr-ins-02.test,DEMO-FR-POL-0008,2026-01-01,2026-12-31,,
DEMO-FR-0009,True,mock-insurance-v2,FR,LC-746-JB,LC746JB,Ford,Focus,grey,DEMO-FR-INS-03,Alpes Demo Assurance (fictional),Conducteur fictif FR 0009,conducteur-fr-0009@example.test,Gestionnaire fictif DEMO-FR-INS-03,sinistres@demo-fr-ins-03.test,DEMO-FR-POL-0009,2026-01-01,2026-12-31,,
DEMO-FR-0010,True,mock-insurance-v2,FR,ZR-528-GB,ZR528GB,Peugeot,208,grey,DEMO-FR-INS-04,Rivage Demo Auto (fictional),Conducteur fictif FR 0010,conducteur-fr-0010@example.test,Gestionnaire fictif DEMO-FR-INS-04,sinistres@demo-fr-ins-04.test,DEMO-FR-POL-0010,2026-01-01,2026-12-31,,
DEMO-FR-0011,True,mock-insurance-v2,FR,PF-704-DR,PF704DR,Volkswagen,Golf,blue,DEMO-FR-INS-00,Hexagone Demo Assurance (fictional),Conducteur fictif FR 0011,conducteur-fr-0011@example.test,Gestionnaire fictif DEMO-FR-INS-00,sinistres@demo-fr-ins-00.test,DEMO-FR-POL-0011,2026-01-01,2026-12-31,,
DEMO-FR-0012,True,mock-insurance-v2,FR,LH-923-RL,LH923RL,Peugeot,208,red,DEMO-FR-INS-01,Azur Demo Auto (fictional),Conducteur fictif FR 0012,conducteur-fr-0012@example.test,Gestionnaire fictif DEMO-FR-INS-01,sinistres@demo-fr-ins-01.test,DEMO-FR-POL-0012,2026-01-01,2026-12-31,,
DEMO-FR-0013,True,mock-insurance-v2,FR,DS-378-WT,DS378WT,Toyota,Yaris,silver,DEMO-FR-INS-02,Loire Demo Motor (fictional),Conducteur fictif FR 0013,conducteur-fr-0013@example.test,Gestionnaire fictif DEMO-FR-INS-02,sinistres@demo-fr-ins-02.test,DEMO-FR-POL-0013,2026-01-01,2026-12-31,,
DEMO-FR-0014,True,mock-insurance-v2,FR,ZM-467-ST,ZM467ST,Toyota,Yaris,grey,DEMO-FR-INS-03,Alpes Demo Assurance (fictional),Conducteur fictif FR 0014,conducteur-fr-0014@example.test,Gestionnaire fictif DEMO-FR-INS-03,sinistres@demo-fr-ins-03.test,DEMO-FR-POL-0014,2026-01-01,2026-12-31,,
DEMO-FR-0015,True,mock-insurance-v2,FR,ZY-982-WA,ZY982WA,Renault,Clio,grey,DEMO-FR-INS-04,Rivage Demo Auto (fictional),Conducteur fictif FR 0015,conducteur-fr-0015@example.test,Gestionnaire fictif DEMO-FR-INS-04,sinistres@demo-fr-ins-04.test,DEMO-FR-POL-0015,2026-01-01,2026-12-31,,
DEMO-FR-0016,True,mock-insurance-v2,FR,MJ-031-VK,MJ031VK,Ford,Focus,black,DEMO-FR-INS-00,Hexagone Demo Assurance (fictional),Conducteur fictif FR 0016,conducteur-fr-0016@example.test,Gestionnaire fictif DEMO-FR-INS-00,sinistres@demo-fr-ins-00.test,DEMO-FR-POL-0016,2026-01-01,2026-12-31,,
DEMO-FR-0017,True,mock-insurance-v2,FR,HL-828-ZH,HL828ZH,Renault,Clio,black,DEMO-FR-INS-01,Azur Demo Auto (fictional),Conducteur fictif FR 0017,conducteur-fr-0017@example.test,Gestionnaire fictif DEMO-FR-INS-01,sinistres@demo-fr-ins-01.test,DEMO-FR-POL-0017,2026-01-01,2026-12-31,,
DEMO-FR-0018,True,mock-insurance-v2,FR,AV-531-EM,AV531EM,Toyota,Yaris,blue,DEMO-FR-INS-02,Loire Demo Motor (fictional),Conducteur fictif FR 0018,conducteur-fr-0018@example.test,Gestionnaire fictif DEMO-FR-INS-02,sinistres@demo-fr-ins-02.test,DEMO-FR-POL-0018,2026-01-01,2026-12-31,,
DEMO-FR-0019,True,mock-insurance-v2,FR,GP-298-WN,GP298WN,BMW,3 Series,silver,DEMO-FR-INS-03,Alpes Demo Assurance (fictional),Conducteur fictif FR 0019,conducteur-fr-0019@example.test,Gestionnaire fictif DEMO-FR-INS-03,sinistres@demo-fr-ins-03.test,DEMO-FR-POL-0019,2026-01-01,2026-12-31,,
DEMO-FR-0020,True,mock-insurance-v2,FR,VF-530-CJ,VF530CJ,Toyota,Yaris,white,DEMO-FR-INS-04,Rivage Demo Auto (fictional),Conducteur fictif FR 0020,conducteur-fr-0020@example.test,Gestionnaire fictif DEMO-FR-INS-04,sinistres@demo-fr-ins-04.test,DEMO-FR-POL-0020,2026-01-01,2026-12-31,,
DEMO-FR-0021,True,mock-insurance-v2,FR,YY-053-VF,YY053VF,Renault,Clio,blue,DEMO-FR-INS-00,Hexagone Demo Assurance (fictional),Conducteur fictif FR 0021,conducteur-fr-0021@example.test,Gestionnaire fictif DEMO-FR-INS-00,sinistres@demo-fr-ins-00.test,DEMO-FR-POL-0021,2026-01-01,2026-12-31,,
DEMO-FR-0022,True,mock-insurance-v2,FR,XA-316-JH,XA316JH,Renault,Clio,black,DEMO-FR-INS-01,Azur Demo Auto (fictional),Conducteur fictif FR 0022,conducteur-fr-0022@example.test,Gestionnaire fictif DEMO-FR-INS-01,sinistres@demo-fr-ins-01.test,DEMO-FR-POL-0022,2026-01-01,2026-12-31,,
DEMO-FR-0023,True,mock-insurance-v2,FR,FT-907-YE,FT907YE,Toyota,Yaris,silver,DEMO-FR-INS-02,Loire Demo Motor (fictional),Conducteur fictif FR 0023,conducteur-fr-0023@example.test,Gestionnaire fictif DEMO-FR-INS-02,sinistres@demo-fr-ins-02.test,DEMO-FR-POL-0023,2026-01-01,2026-12-31,,
DEMO-FR-0024,True,mock-insurance-v2,FR,WV-560-NM,WV560NM,Ford,Focus,blue,DEMO-FR-INS-03,Alpes Demo Assurance (fictional),Conducteur fictif FR 0024,conducteur-fr-0024@example.test,Gestionnaire fictif DEMO-FR-INS-03,sinistres@demo-fr-ins-03.test,DEMO-FR-POL-0024,2026-01-01,2026-12-31,,
DEMO-FR-0025,True,mock-insurance-v2,FR,CT-663-RR,CT663RR,BMW,3 Series,red,DEMO-FR-INS-04,Rivage Demo Auto (fictional),Conducteur fictif FR 0025,conducteur-fr-0025@example.test,Gestionnaire fictif DEMO-FR-INS-04,sinistres@demo-fr-ins-04.test,DEMO-FR-POL-0025,2026-01-01,2026-12-31,,
DEMO-FR-0026,True,mock-insurance-v2,FR,BB-466-EC,BB466EC,Peugeot,208,red,DEMO-FR-INS-00,Hexagone Demo Assurance (fictional),Conducteur fictif FR 0026,conducteur-fr-0026@example.test,Gestionnaire fictif DEMO-FR-INS-00,sinistres@demo-fr-ins-00.test,DEMO-FR-POL-0026,2026-01-01,2026-12-31,,
DEMO-FR-0027,True,mock-insurance-v2,FR,VC-906-SA,VC906SA,Ford,Focus,blue,DEMO-FR-INS-01,Azur Demo Auto (fictional),Conducteur fictif FR 0027,conducteur-fr-0027@example.test,Gestionnaire fictif DEMO-FR-INS-01,sinistres@demo-fr-ins-01.test,DEMO-FR-POL-0027,2026-01-01,2026-12-31,,
DEMO-FR-0028,True,mock-insurance-v2,FR,WC-453-NS,WC453NS,Volkswagen,Golf,silver,DEMO-FR-INS-02,Loire Demo Motor (fictional),Conducteur fictif FR 0028,conducteur-fr-0028@example.test,Gestionnaire fictif DEMO-FR-INS-02,sinistres@demo-fr-ins-02.test,DEMO-FR-POL-0028,2026-01-01,2026-12-31,,
DEMO-FR-0029,True,mock-insurance-v2,FR,WH-413-CC,WH413CC,Ford,Focus,white,DEMO-FR-INS-03,Alpes Demo Assurance (fictional),Conducteur fictif FR 0029,conducteur-fr-0029@example.test,Gestionnaire fictif DEMO-FR-INS-03,sinistres@demo-fr-ins-03.test,DEMO-FR-POL-0029,2026-01-01,2026-12-31,,
DEMO-FR-0030,True,mock-insurance-v2,FR,BD-105-KZ,BD105KZ,Ford,Focus,grey,DEMO-FR-INS-04,Rivage Demo Auto (fictional),Conducteur fictif FR 0030,conducteur-fr-0030@example.test,Gestionnaire fictif DEMO-FR-INS-04,sinistres@demo-fr-ins-04.test,DEMO-FR-POL-0030,2026-01-01,2026-12-31,,
DEMO-FR-0031,True,mock-insurance-v2,FR,HX-978-JJ,HX978JJ,Renault,Clio,white,DEMO-FR-INS-00,Hexagone Demo Assurance (fictional),Conducteur fictif FR 0031,conducteur-fr-0031@example.test,Gestionnaire fictif DEMO-FR-INS-00,sinistres@demo-fr-ins-00.test,DEMO-FR-POL-0031,2026-01-01,2026-12-31,,
DEMO-FR-0032,True,mock-insurance-v2,FR,PA-141-EJ,PA141EJ,Volkswagen,Golf,grey,DEMO-FR-INS-01,Azur Demo Auto (fictional),Conducteur fictif FR 0032,conducteur-fr-0032@example.test,Gestionnaire fictif DEMO-FR-INS-01,sinistres@demo-fr-ins-01.test,DEMO-FR-POL-0032,2026-01-01,2026-12-31,,
DEMO-FR-0033,True,mock-insurance-v2,FR,NM-037-TG,NM037TG,Peugeot,208,silver,DEMO-FR-INS-02,Loire Demo Motor (fictional),Conducteur fictif FR 0033,conducteur-fr-0033@example.test,Gestionnaire fictif DEMO-FR-INS-02,sinistres@demo-fr-ins-02.test,DEMO-FR-POL-0033,2026-01-01,2026-12-31,,
DEMO-FR-0034,True,mock-insurance-v2,FR,GM-763-BJ,GM763BJ,BMW,3 Series,blue,DEMO-FR-INS-03,Alpes Demo Assurance (fictional),Conducteur fictif FR 0034,conducteur-fr-0034@example.test,Gestionnaire fictif DEMO-FR-INS-03,sinistres@demo-fr-ins-03.test,DEMO-FR-POL-0034,2026-01-01,2026-12-31,,
DEMO-FR-0035,True,mock-insurance-v2,FR,RJ-451-PP,RJ451PP,Ford,Focus,grey,DEMO-FR-INS-04,Rivage Demo Auto (fictional),Conducteur fictif FR 0035,conducteur-fr-0035@example.test,Gestionnaire fictif DEMO-FR-INS-04,sinistres@demo-fr-ins-04.test,DEMO-FR-POL-0035,2026-01-01,2026-12-31,,
DEMO-FR-0036,True,mock-insurance-v2,FR,HN-413-PA,HN413PA,Ford,Focus,grey,DEMO-FR-INS-00,Hexagone Demo Assurance (fictional),Conducteur fictif FR 0036,conducteur-fr-0036@example.test,Gestionnaire fictif DEMO-FR-INS-00,sinistres@demo-fr-ins-00.test,DEMO-FR-POL-0036,2026-01-01,2026-12-31,,
DEMO-FR-0037,True,mock-insurance-v2,FR,XW-973-PF,XW973PF,BMW,3 Series,red,DEMO-FR-INS-01,Azur Demo Auto (fictional),Conducteur fictif FR 0037,conducteur-fr-0037@example.test,Gestionnaire fictif DEMO-FR-INS-01,sinistres@demo-fr-ins-01.test,DEMO-FR-POL-0037,2026-01-01,2026-12-31,,
DEMO-FR-0038,True,mock-insurance-v2,FR,HV-567-SC,HV567SC,Peugeot,208,red,DEMO-FR-INS-02,Loire Demo Motor (fictional),Conducteur fictif FR 0038,conducteur-fr-0038@example.test,Gestionnaire fictif DEMO-FR-INS-02,sinistres@demo-fr-ins-02.test,DEMO-FR-POL-0038,2026-01-01,2026-12-31,,
DEMO-FR-0039,True,mock-insurance-v2,FR,HZ-298-BR,HZ298BR,Toyota,Yaris,grey,DEMO-FR-INS-03,Alpes Demo Assurance (fictional),Conducteur fictif FR 0039,conducteur-fr-0039@example.test,Gestionnaire fictif DEMO-FR-INS-03,sinistres@demo-fr-ins-03.test,DEMO-FR-POL-0039,2026-01-01,2026-12-31,,
DEMO-FR-0040,True,mock-insurance-v2,FR,RM-745-JR,RM745JR,BMW,3 Series,red,DEMO-FR-INS-04,Rivage Demo Auto (fictional),Conducteur fictif FR 0040,conducteur-fr-0040@example.test,Gestionnaire fictif DEMO-FR-INS-04,sinistres@demo-fr-ins-04.test,DEMO-FR-POL-0040,2026-01-01,2026-12-31,,
DEMO-FR-0041,True,mock-insurance-v2,FR,SG-628-XE,SG628XE,Toyota,Yaris,grey,DEMO-FR-INS-00,Hexagone Demo Assurance (fictional),Conducteur fictif FR 0041,conducteur-fr-0041@example.test,Gestionnaire fictif DEMO-FR-INS-00,sinistres@demo-fr-ins-00.test,DEMO-FR-POL-0041,2026-01-01,2026-12-31,,
DEMO-FR-0042,True,mock-insurance-v2,FR,GN-695-LN,GN695LN,Renault,Clio,black,DEMO-FR-INS-01,Azur Demo Auto (fictional),Conducteur fictif FR 0042,conducteur-fr-0042@example.test,Gestionnaire fictif DEMO-FR-INS-01,sinistres@demo-fr-ins-01.test,DEMO-FR-POL-0042,2026-01-01,2026-12-31,,
DEMO-FR-0043,True,mock-insurance-v2,FR,FR-461-LG,FR461LG,Toyota,Yaris,white,DEMO-FR-INS-02,Loire Demo Motor (fictional),Conducteur fictif FR 0043,conducteur-fr-0043@example.test,Gestionnaire fictif DEMO-FR-INS-02,sinistres@demo-fr-ins-02.test,DEMO-FR-POL-0043,2026-01-01,2026-12-31,,
DEMO-FR-0044,True,mock-insurance-v2,FR,JP-961-TP,JP961TP,Peugeot,208,black,DEMO-FR-INS-03,Alpes Demo Assurance (fictional),Conducteur fictif FR 0044,conducteur-fr-0044@example.test,Gestionnaire fictif DEMO-FR-INS-03,sinistres@demo-fr-ins-03.test,DEMO-FR-POL-0044,2026-01-01,2026-12-31,,
DEMO-FR-0045,True,mock-insurance-v2,FR,YT-105-HE,YT105HE,Toyota,Yaris,blue,DEMO-FR-INS-04,Rivage Demo Auto (fictional),Conducteur fictif FR 0045,conducteur-fr-0045@example.test,Gestionnaire fictif DEMO-FR-INS-04,sinistres@demo-fr-ins-04.test,DEMO-FR-POL-0045,2026-01-01,2026-12-31,,
DEMO-FR-0046,True,mock-insurance-v2,FR,EF-416-WP,EF416WP,Volkswagen,Golf,grey,DEMO-FR-INS-00,Hexagone Demo Assurance (fictional),Conducteur fictif FR 0046,conducteur-fr-0046@example.test,Gestionnaire fictif DEMO-FR-INS-00,sinistres@demo-fr-ins-00.test,DEMO-FR-POL-0046,2026-01-01,2026-12-31,,
DEMO-FR-0047,True,mock-insurance-v2,FR,ME-190-CD,ME190CD,Volkswagen,Golf,black,DEMO-FR-INS-01,Azur Demo Auto (fictional),Conducteur fictif FR 0047,conducteur-fr-0047@example.test,Gestionnaire fictif DEMO-FR-INS-01,sinistres@demo-fr-ins-01.test,DEMO-FR-POL-0047,2026-01-01,2026-12-31,,
DEMO-FR-0048,True,mock-insurance-v2,FR,VB-155-NY,VB155NY,Ford,Focus,white,DEMO-FR-INS-02,Loire Demo Motor (fictional),Conducteur fictif FR 0048,conducteur-fr-0048@example.test,Gestionnaire fictif DEMO-FR-INS-02,sinistres@demo-fr-ins-02.test,DEMO-FR-POL-0048,2026-01-01,2026-12-31,,
DEMO-FR-0049,True,mock-insurance-v2,FR,XS-248-TL,XS248TL,Peugeot,208,red,DEMO-FR-INS-03,Alpes Demo Assurance (fictional),Conducteur fictif FR 0049,conducteur-fr-0049@example.test,Gestionnaire fictif DEMO-FR-INS-03,sinistres@demo-fr-ins-03.test,DEMO-FR-POL-0049,2026-01-01,2026-12-31,,
DEMO-FR-0050,True,mock-insurance-v2,FR,SA-105-AP,SA105AP,Toyota,Yaris,silver,DEMO-FR-INS-04,Rivage Demo Auto (fictional),Conducteur fictif FR 0050,conducteur-fr-0050@example.test,Gestionnaire fictif DEMO-FR-INS-04,sinistres@demo-fr-ins-04.test,DEMO-FR-POL-0050,2026-01-01,2026-12-31,,
DEMO-FR-0051,True,mock-insurance-v2,FR,MV-143-EM,MV143EM,BMW,3 Series,white,DEMO-FR-INS-00,Hexagone Demo Assurance (fictional),Conducteur fictif FR 0051,conducteur-fr-0051@example.test,Gestionnaire fictif DEMO-FR-INS-00,sinistres@demo-fr-ins-00.test,DEMO-FR-POL-0051,2026-01-01,2026-12-31,,
DEMO-FR-0052,True,mock-insurance-v2,FR,ZW-754-KR,ZW754KR,BMW,3 Series,grey,DEMO-FR-INS-01,Azur Demo Auto (fictional),Conducteur fictif FR 0052,conducteur-fr-0052@example.test,Gestionnaire fictif DEMO-FR-INS-01,sinistres@demo-fr-ins-01.test,DEMO-FR-POL-0052,2026-01-01,2026-12-31,,
DEMO-FR-0053,True,mock-insurance-v2,FR,DX-556-WL,DX556WL,Renault,Clio,red,DEMO-FR-INS-02,Loire Demo Motor (fictional),Conducteur fictif FR 0053,conducteur-fr-0053@example.test,Gestionnaire fictif DEMO-FR-INS-02,sinistres@demo-fr-ins-02.test,DEMO-FR-POL-0053,2026-01-01,2026-12-31,,
DEMO-FR-0054,True,mock-insurance-v2,FR,TK-655-LE,TK655LE,Volkswagen,Golf,silver,DEMO-FR-INS-03,Alpes Demo Assurance (fictional),Conducteur fictif FR 0054,conducteur-fr-0054@example.test,Gestionnaire fictif DEMO-FR-INS-03,sinistres@demo-fr-ins-03.test,DEMO-FR-POL-0054,2026-01-01,2026-12-31,,
DEMO-FR-0055,True,mock-insurance-v2,FR,DR-769-GT,DR769GT,Renault,Clio,red,DEMO-FR-INS-04,Rivage Demo Auto (fictional),Conducteur fictif FR 0055,conducteur-fr-0055@example.test,Gestionnaire fictif DEMO-FR-INS-04,sinistres@demo-fr-ins-04.test,DEMO-FR-POL-0055,2026-01-01,2026-12-31,,
DEMO-FR-0056,True,mock-insurance-v2,FR,VX-353-KZ,VX353KZ,Ford,Focus,black,DEMO-FR-INS-00,Hexagone Demo Assurance (fictional),Conducteur fictif FR 0056,conducteur-fr-0056@example.test,Gestionnaire fictif DEMO-FR-INS-00,sinistres@demo-fr-ins-00.test,DEMO-FR-POL-0056,2026-01-01,2026-12-31,,
DEMO-FR-0057,True,mock-insurance-v2,FR,EY-151-ZZ,EY151ZZ,Volkswagen,Golf,blue,DEMO-FR-INS-01,Azur Demo Auto (fictional),Conducteur fictif FR 0057,conducteur-fr-0057@example.test,Gestionnaire fictif DEMO-FR-INS-01,sinistres@demo-fr-ins-01.test,DEMO-FR-POL-0057,2026-01-01,2026-12-31,,
DEMO-FR-0058,True,mock-insurance-v2,FR,CG-768-JS,CG768JS,Volkswagen,Golf,silver,DEMO-FR-INS-02,Loire Demo Motor (fictional),Conducteur fictif FR 0058,conducteur-fr-0058@example.test,Gestionnaire fictif DEMO-FR-INS-02,sinistres@demo-fr-ins-02.test,DEMO-FR-POL-0058,2026-01-01,2026-12-31,,
DEMO-FR-0059,True,mock-insurance-v2,FR,NJ-317-WA,NJ317WA,Renault,Clio,black,DEMO-FR-INS-03,Alpes Demo Assurance (fictional),Conducteur fictif FR 0059,conducteur-fr-0059@example.test,Gestionnaire fictif DEMO-FR-INS-03,sinistres@demo-fr-ins-03.test,DEMO-FR-POL-0059,2026-01-01,2026-12-31,,
DEMO-FR-0060,True,mock-insurance-v2,FR,DH-580-XE,DH580XE,Peugeot,208,blue,DEMO-FR-INS-04,Rivage Demo Auto (fictional),Conducteur fictif FR 0060,conducteur-fr-0060@example.test,Gestionnaire fictif DEMO-FR-INS-04,sinistres@demo-fr-ins-04.test,DEMO-FR-POL-0060,2026-01-01,2026-12-31,,
DEMO-FR-0061,True,mock-insurance-v2,FR,LJ-302-NG,LJ302NG,Renault,Clio,black,DEMO-FR-INS-00,Hexagone Demo Assurance (fictional),Conducteur fictif FR 0061,conducteur-fr-0061@example.test,Gestionnaire fictif DEMO-FR-INS-00,sinistres@demo-fr-ins-00.test,DEMO-FR-POL-0061,2026-01-01,2026-12-31,,
DEMO-FR-0062,True,mock-insurance-v2,FR,YT-686-WX,YT686WX,Volkswagen,Golf,silver,DEMO-FR-INS-01,Azur Demo Auto (fictional),Conducteur fictif FR 0062,conducteur-fr-0062@example.test,Gestionnaire fictif DEMO-FR-INS-01,sinistres@demo-fr-ins-01.test,DEMO-FR-POL-0062,2026-01-01,2026-12-31,,
DEMO-FR-0063,True,mock-insurance-v2,FR,CK-447-FE,CK447FE,Ford,Focus,blue,DEMO-FR-INS-02,Loire Demo Motor (fictional),Conducteur fictif FR 0063,conducteur-fr-0063@example.test,Gestionnaire fictif DEMO-FR-INS-02,sinistres@demo-fr-ins-02.test,DEMO-FR-POL-0063,2026-01-01,2026-12-31,,
DEMO-FR-0064,True,mock-insurance-v2,FR,KL-461-KX,KL461KX,Ford,Focus,grey,DEMO-FR-INS-03,Alpes Demo Assurance (fictional),Conducteur fictif FR 0064,conducteur-fr-0064@example.test,Gestionnaire fictif DEMO-FR-INS-03,sinistres@demo-fr-ins-03.test,DEMO-FR-POL-0064,2026-01-01,2026-12-31,,
DEMO-FR-0065,True,mock-insurance-v2,FR,CM-626-MK,CM626MK,Toyota,Yaris,white,DEMO-FR-INS-04,Rivage Demo Auto (fictional),Conducteur fictif FR 0065,conducteur-fr-0065@example.test,Gestionnaire fictif DEMO-FR-INS-04,sinistres@demo-fr-ins-04.test,DEMO-FR-POL-0065,2026-01-01,2026-12-31,,
DEMO-FR-0066,True,mock-insurance-v2,FR,MZ-664-JR,MZ664JR,BMW,3 Series,red,DEMO-FR-INS-00,Hexagone Demo Assurance (fictional),Conducteur fictif FR 0066,conducteur-fr-0066@example.test,Gestionnaire fictif DEMO-FR-INS-00,sinistres@demo-fr-ins-00.test,DEMO-FR-POL-0066,2026-01-01,2026-12-31,,
DEMO-FR-0067,True,mock-insurance-v2,FR,RA-128-AM,RA128AM,Toyota,Yaris,black,DEMO-FR-INS-01,Azur Demo Auto (fictional),Conducteur fictif FR 0067,conducteur-fr-0067@example.test,Gestionnaire fictif DEMO-FR-INS-01,sinistres@demo-fr-ins-01.test,DEMO-FR-POL-0067,2026-01-01,2026-12-31,,
DEMO-FR-0068,True,mock-insurance-v2,FR,AP-188-KW,AP188KW,Peugeot,208,red,DEMO-FR-INS-02,Loire Demo Motor (fictional),Conducteur fictif FR 0068,conducteur-fr-0068@example.test,Gestionnaire fictif DEMO-FR-INS-02,sinistres@demo-fr-ins-02.test,DEMO-FR-POL-0068,2026-01-01,2026-12-31,,
DEMO-FR-0069,True,mock-insurance-v2,FR,YY-636-RS,YY636RS,Ford,Focus,grey,DEMO-FR-INS-03,Alpes Demo Assurance (fictional),Conducteur fictif FR 0069,conducteur-fr-0069@example.test,Gestionnaire fictif DEMO-FR-INS-03,sinistres@demo-fr-ins-03.test,DEMO-FR-POL-0069,2026-01-01,2026-12-31,,
DEMO-FR-0070,True,mock-insurance-v2,FR,YF-185-LR,YF185LR,Renault,Clio,red,DEMO-FR-INS-04,Rivage Demo Auto (fictional),Conducteur fictif FR 0070,conducteur-fr-0070@example.test,Gestionnaire fictif DEMO-FR-INS-04,sinistres@demo-fr-ins-04.test,DEMO-FR-POL-0070,2026-01-01,2026-12-31,,
DEMO-FR-0071,True,mock-insurance-v2,FR,PB-095-WW,PB095WW,Peugeot,208,blue,DEMO-FR-INS-00,Hexagone Demo Assurance (fictional),Conducteur fictif FR 0071,conducteur-fr-0071@example.test,Gestionnaire fictif DEMO-FR-INS-00,sinistres@demo-fr-ins-00.test,DEMO-FR-POL-0071,2026-01-01,2026-12-31,,
DEMO-FR-0072,True,mock-insurance-v2,FR,FV-163-GH,FV163GH,Toyota,Yaris,blue,DEMO-FR-INS-01,Azur Demo Auto (fictional),Conducteur fictif FR 0072,conducteur-fr-0072@example.test,Gestionnaire fictif DEMO-FR-INS-01,sinistres@demo-fr-ins-01.test,DEMO-FR-POL-0072,2026-01-01,2026-12-31,,
DEMO-FR-0073,True,mock-insurance-v2,FR,LX-983-VY,LX983VY,BMW,3 Series,grey,DEMO-FR-INS-02,Loire Demo Motor (fictional),Conducteur fictif FR 0073,conducteur-fr-0073@example.test,Gestionnaire fictif DEMO-FR-INS-02,sinistres@demo-fr-ins-02.test,DEMO-FR-POL-0073,2026-01-01,2026-12-31,,
DEMO-FR-0074,True,mock-insurance-v2,FR,CD-504-KY,CD504KY,Toyota,Yaris,grey,DEMO-FR-INS-03,Alpes Demo Assurance (fictional),Conducteur fictif FR 0074,conducteur-fr-0074@example.test,Gestionnaire fictif DEMO-FR-INS-03,sinistres@demo-fr-ins-03.test,DEMO-FR-POL-0074,2026-01-01,2026-12-31,,
DEMO-FR-0075,True,mock-insurance-v2,FR,LF-657-RL,LF657RL,Ford,Focus,blue,DEMO-FR-INS-04,Rivage Demo Auto (fictional),Conducteur fictif FR 0075,conducteur-fr-0075@example.test,Gestionnaire fictif DEMO-FR-INS-04,sinistres@demo-fr-ins-04.test,DEMO-FR-POL-0075,2026-01-01,2026-12-31,,
DEMO-FR-0076,True,mock-insurance-v2,FR,TC-549-AS,TC549AS,Volkswagen,Golf,silver,DEMO-FR-INS-00,Hexagone Demo Assurance (fictional),Conducteur fictif FR 0076,conducteur-fr-0076@example.test,Gestionnaire fictif DEMO-FR-INS-00,sinistres@demo-fr-ins-00.test,DEMO-FR-POL-0076,2026-01-01,2026-12-31,,
DEMO-FR-0077,True,mock-insurance-v2,FR,RD-041-PZ,RD041PZ,Ford,Focus,grey,DEMO-FR-INS-01,Azur Demo Auto (fictional),Conducteur fictif FR 0077,conducteur-fr-0077@example.test,Gestionnaire fictif DEMO-FR-INS-01,sinistres@demo-fr-ins-01.test,DEMO-FR-POL-0077,2026-01-01,2026-12-31,,
DEMO-FR-0078,True,mock-insurance-v2,FR,KP-818-JW,KP818JW,Toyota,Yaris,silver,DEMO-FR-INS-02,Loire Demo Motor (fictional),Conducteur fictif FR 0078,conducteur-fr-0078@example.test,Gestionnaire fictif DEMO-FR-INS-02,sinistres@demo-fr-ins-02.test,DEMO-FR-POL-0078,2026-01-01,2026-12-31,,
DEMO-FR-0079,True,mock-insurance-v2,FR,NX-611-WJ,NX611WJ,Toyota,Yaris,grey,DEMO-FR-INS-03,Alpes Demo Assurance (fictional),Conducteur fictif FR 0079,conducteur-fr-0079@example.test,Gestionnaire fictif DEMO-FR-INS-03,sinistres@demo-fr-ins-03.test,DEMO-FR-POL-0079,2026-01-01,2026-12-31,,
DEMO-FR-0080,True,mock-insurance-v2,FR,FP-119-WS,FP119WS,Renault,Clio,silver,DEMO-FR-INS-04,Rivage Demo Auto (fictional),Conducteur fictif FR 0080,conducteur-fr-0080@example.test,Gestionnaire fictif DEMO-FR-INS-04,sinistres@demo-fr-ins-04.test,DEMO-FR-POL-0080,2026-01-01,2026-12-31,,
DEMO-FR-0081,True,mock-insurance-v2,FR,WK-052-TY,WK052TY,BMW,3 Series,white,DEMO-FR-INS-00,Hexagone Demo Assurance (fictional),Conducteur fictif FR 0081,conducteur-fr-0081@example.test,Gestionnaire fictif DEMO-FR-INS-00,sinistres@demo-fr-ins-00.test,DEMO-FR-POL-0081,2026-01-01,2026-12-31,,
DEMO-FR-0082,True,mock-insurance-v2,FR,ZN-548-YV,ZN548YV,Peugeot,208,grey,DEMO-FR-INS-01,Azur Demo Auto (fictional),Conducteur fictif FR 0082,conducteur-fr-0082@example.test,Gestionnaire fictif DEMO-FR-INS-01,sinistres@demo-fr-ins-01.test,DEMO-FR-POL-0082,2026-01-01,2026-12-31,,
DEMO-FR-0083,True,mock-insurance-v2,FR,ZG-771-KT,ZG771KT,Ford,Focus,blue,DEMO-FR-INS-02,Loire Demo Motor (fictional),Conducteur fictif FR 0083,conducteur-fr-0083@example.test,Gestionnaire fictif DEMO-FR-INS-02,sinistres@demo-fr-ins-02.test,DEMO-FR-POL-0083,2026-01-01,2026-12-31,,
DEMO-FR-0084,True,mock-insurance-v2,FR,WV-297-KD,WV297KD,Volkswagen,Golf,silver,DEMO-FR-INS-03,Alpes Demo Assurance (fictional),Conducteur fictif FR 0084,conducteur-fr-0084@example.test,Gestionnaire fictif DEMO-FR-INS-03,sinistres@demo-fr-ins-03.test,DEMO-FR-POL-0084,2026-01-01,2026-12-31,,
DEMO-FR-0085,True,mock-insurance-v2,FR,WG-869-XS,WG869XS,Toyota,Yaris,white,DEMO-FR-INS-04,Rivage Demo Auto (fictional),Conducteur fictif FR 0085,conducteur-fr-0085@example.test,Gestionnaire fictif DEMO-FR-INS-04,sinistres@demo-fr-ins-04.test,DEMO-FR-POL-0085,2026-01-01,2026-12-31,,
DEMO-FR-0086,True,mock-insurance-v2,FR,LS-059-LA,LS059LA,Volkswagen,Golf,silver,DEMO-FR-INS-00,Hexagone Demo Assurance (fictional),Conducteur fictif FR 0086,conducteur-fr-0086@example.test,Gestionnaire fictif DEMO-FR-INS-00,sinistres@demo-fr-ins-00.test,DEMO-FR-POL-0086,2026-01-01,2026-12-31,,
DEMO-FR-0087,True,mock-insurance-v2,FR,FY-635-BW,FY635BW,Toyota,Yaris,blue,DEMO-FR-INS-01,Azur Demo Auto (fictional),Conducteur fictif FR 0087,conducteur-fr-0087@example.test,Gestionnaire fictif DEMO-FR-INS-01,sinistres@demo-fr-ins-01.test,DEMO-FR-POL-0087,2026-01-01,2026-12-31,,
DEMO-FR-0088,True,mock-insurance-v2,FR,HX-350-BC,HX350BC,BMW,3 Series,black,DEMO-FR-INS-02,Loire Demo Motor (fictional),Conducteur fictif FR 0088,conducteur-fr-0088@example.test,Gestionnaire fictif DEMO-FR-INS-02,sinistres@demo-fr-ins-02.test,DEMO-FR-POL-0088,2026-01-01,2026-12-31,,
DEMO-FR-0089,True,mock-insurance-v2,FR,VP-166-NH,VP166NH,Renault,Clio,grey,DEMO-FR-INS-03,Alpes Demo Assurance (fictional),Conducteur fictif FR 0089,conducteur-fr-0089@example.test,Gestionnaire fictif DEMO-FR-INS-03,sinistres@demo-fr-ins-03.test,DEMO-FR-POL-0089,2026-01-01,2026-12-31,,
DEMO-FR-0090,True,mock-insurance-v2,FR,LS-189-AE,LS189AE,BMW,3 Series,silver,DEMO-FR-INS-04,Rivage Demo Auto (fictional),Conducteur fictif FR 0090,conducteur-fr-0090@example.test,Gestionnaire fictif DEMO-FR-INS-04,sinistres@demo-fr-ins-04.test,DEMO-FR-POL-0090,2026-01-01,2026-12-31,,
DEMO-FR-0091,True,mock-insurance-v2,FR,MN-043-NS,MN043NS,BMW,3 Series,white,DEMO-FR-INS-00,Hexagone Demo Assurance (fictional),Conducteur fictif FR 0091,conducteur-fr-0091@example.test,Gestionnaire fictif DEMO-FR-INS-00,sinistres@demo-fr-ins-00.test,DEMO-FR-POL-0091,2026-01-01,2026-12-31,,
DEMO-FR-0092,True,mock-insurance-v2,FR,EA-334-DL,EA334DL,BMW,3 Series,grey,DEMO-FR-INS-01,Azur Demo Auto (fictional),Conducteur fictif FR 0092,conducteur-fr-0092@example.test,Gestionnaire fictif DEMO-FR-INS-01,sinistres@demo-fr-ins-01.test,DEMO-FR-POL-0092,2026-01-01,2026-12-31,,
DEMO-FR-0093,True,mock-insurance-v2,FR,CW-292-HH,CW292HH,BMW,3 Series,black,DEMO-FR-INS-02,Loire Demo Motor (fictional),Conducteur fictif FR 0093,conducteur-fr-0093@example.test,Gestionnaire fictif DEMO-FR-INS-02,sinistres@demo-fr-ins-02.test,DEMO-FR-POL-0093,2026-01-01,2026-12-31,,
DEMO-FR-0094,True,mock-insurance-v2,FR,HZ-210-KS,HZ210KS,Ford,Focus,silver,DEMO-FR-INS-03,Alpes Demo Assurance (fictional),Conducteur fictif FR 0094,conducteur-fr-0094@example.test,Gestionnaire fictif DEMO-FR-INS-03,sinistres@demo-fr-ins-03.test,DEMO-FR-POL-0094,2026-01-01,2026-12-31,,
DEMO-FR-0095,True,mock-insurance-v2,FR,NZ-444-VW,NZ444VW,Toyota,Yaris,white,DEMO-FR-INS-04,Rivage Demo Auto (fictional),Conducteur fictif FR 0095,conducteur-fr-0095@example.test,Gestionnaire fictif DEMO-FR-INS-04,sinistres@demo-fr-ins-04.test,DEMO-FR-POL-0095,2026-01-01,2026-12-31,,
DEMO-FR-0096,True,mock-insurance-v2,FR,CD-852-EY,CD852EY,Peugeot,208,blue,DEMO-FR-INS-00,Hexagone Demo Assurance (fictional),Conducteur fictif FR 0096,conducteur-fr-0096@example.test,Gestionnaire fictif DEMO-FR-INS-00,sinistres@demo-fr-ins-00.test,DEMO-FR-POL-0096,2026-01-01,2026-12-31,,
DEMO-FR-0097,True,mock-insurance-v2,FR,TF-043-LA,TF043LA,Volkswagen,Golf,grey,DEMO-FR-INS-01,Azur Demo Auto (fictional),Conducteur fictif FR 0097,conducteur-fr-0097@example.test,Gestionnaire fictif DEMO-FR-INS-01,sinistres@demo-fr-ins-01.test,DEMO-FR-POL-0097,2026-01-01,2026-12-31,,
DEMO-FR-0098,True,mock-insurance-v2,FR,VP-534-VX,VP534VX,Toyota,Yaris,grey,DEMO-FR-INS-02,Loire Demo Motor (fictional),Conducteur fictif FR 0098,conducteur-fr-0098@example.test,Gestionnaire fictif DEMO-FR-INS-02,sinistres@demo-fr-ins-02.test,DEMO-FR-POL-0098,2026-01-01,2026-12-31,,
DEMO-FR-0099,True,mock-insurance-v2,FR,HZ-488-TB,HZ488TB,Ford,Focus,blue,DEMO-FR-INS-03,Alpes Demo Assurance (fictional),Conducteur fictif FR 0099,conducteur-fr-0099@example.test,Gestionnaire fictif DEMO-FR-INS-03,sinistres@demo-fr-ins-03.test,DEMO-FR-POL-0099,2026-01-01,2026-12-31,,
DEMO-FR-0100,True,mock-insurance-v2,FR,WT-370-JG,WT370JG,Toyota,Yaris,grey,DEMO-FR-INS-04,Rivage Demo Auto (fictional),Conducteur fictif FR 0100,conducteur-fr-0100@example.test,Gestionnaire fictif DEMO-FR-INS-04,sinistres@demo-fr-ins-04.test,DEMO-FR-POL-0100,2026-01-01,2026-12-31,,
DEMO-FR-0101,True,mock-insurance-v2,FR,BY-964-RK,BY964RK,Volkswagen,Golf,blue,DEMO-FR-INS-00,Hexagone Demo Assurance (fictional),Conducteur fictif FR 0101,conducteur-fr-0101@example.test,Gestionnaire fictif DEMO-FR-INS-00,sinistres@demo-fr-ins-00.test,DEMO-FR-POL-0101,2026-01-01,2026-12-31,,
DEMO-FR-0102,True,mock-insurance-v2,FR,ZP-472-MT,ZP472MT,Peugeot,208,black,DEMO-FR-INS-01,Azur Demo Auto (fictional),Conducteur fictif FR 0102,conducteur-fr-0102@example.test,Gestionnaire fictif DEMO-FR-INS-01,sinistres@demo-fr-ins-01.test,DEMO-FR-POL-0102,2026-01-01,2026-12-31,,
DEMO-FR-0103,True,mock-insurance-v2,FR,FE-092-ZV,FE092ZV,Peugeot,208,black,DEMO-FR-INS-02,Loire Demo Motor (fictional),Conducteur fictif FR 0103,conducteur-fr-0103@example.test,Gestionnaire fictif DEMO-FR-INS-02,sinistres@demo-fr-ins-02.test,DEMO-FR-POL-0103,2026-01-01,2026-12-31,,
DEMO-FR-0104,True,mock-insurance-v2,FR,AJ-818-PD,AJ818PD,Volkswagen,Golf,silver,DEMO-FR-INS-03,Alpes Demo Assurance (fictional),Conducteur fictif FR 0104,conducteur-fr-0104@example.test,Gestionnaire fictif DEMO-FR-INS-03,sinistres@demo-fr-ins-03.test,DEMO-FR-POL-0104,2026-01-01,2026-12-31,,
DEMO-FR-0105,True,mock-insurance-v2,FR,BC-717-EN,BC717EN,Renault,Clio,red,DEMO-FR-INS-04,Rivage Demo Auto (fictional),Conducteur fictif FR 0105,conducteur-fr-0105@example.test,Gestionnaire fictif DEMO-FR-INS-04,sinistres@demo-fr-ins-04.test,DEMO-FR-POL-0105,2026-01-01,2026-12-31,,
DEMO-FR-0106,True,mock-insurance-v2,FR,XG-771-TL,XG771TL,Renault,Clio,white,DEMO-FR-INS-00,Hexagone Demo Assurance (fictional),Conducteur fictif FR 0106,conducteur-fr-0106@example.test,Gestionnaire fictif DEMO-FR-INS-00,sinistres@demo-fr-ins-00.test,DEMO-FR-POL-0106,2026-01-01,2026-12-31,,
DEMO-FR-0107,True,mock-insurance-v2,FR,KL-673-FG,KL673FG,Ford,Focus,black,DEMO-FR-INS-01,Azur Demo Auto (fictional),Conducteur fictif FR 0107,conducteur-fr-0107@example.test,Gestionnaire fictif DEMO-FR-INS-01,sinistres@demo-fr-ins-01.test,DEMO-FR-POL-0107,2026-01-01,2026-12-31,,
DEMO-FR-0108,True,mock-insurance-v2,FR,MM-345-FL,MM345FL,Renault,Clio,black,DEMO-FR-INS-02,Loire Demo Motor (fictional),Conducteur fictif FR 0108,conducteur-fr-0108@example.test,Gestionnaire fictif DEMO-FR-INS-02,sinistres@demo-fr-ins-02.test,DEMO-FR-POL-0108,2026-01-01,2026-12-31,,
DEMO-FR-0109,True,mock-insurance-v2,FR,XN-169-ZJ,XN169ZJ,BMW,3 Series,silver,DEMO-FR-INS-03,Alpes Demo Assurance (fictional),Conducteur fictif FR 0109,conducteur-fr-0109@example.test,Gestionnaire fictif DEMO-FR-INS-03,sinistres@demo-fr-ins-03.test,DEMO-FR-POL-0109,2026-01-01,2026-12-31,,
DEMO-FR-0110,True,mock-insurance-v2,FR,YF-129-YR,YF129YR,Renault,Clio,black,DEMO-FR-INS-04,Rivage Demo Auto (fictional),Conducteur fictif FR 0110,conducteur-fr-0110@example.test,Gestionnaire fictif DEMO-FR-INS-04,sinistres@demo-fr-ins-04.test,DEMO-FR-POL-0110,2026-01-01,2026-12-31,,
DEMO-FR-0111,True,mock-insurance-v2,FR,HZ-057-RV,HZ057RV,Volkswagen,Golf,silver,DEMO-FR-INS-00,Hexagone Demo Assurance (fictional),Conducteur fictif FR 0111,conducteur-fr-0111@example.test,Gestionnaire fictif DEMO-FR-INS-00,sinistres@demo-fr-ins-00.test,DEMO-FR-POL-0111,2026-01-01,2026-12-31,,
DEMO-FR-0112,True,mock-insurance-v2,FR,PD-032-YS,PD032YS,Toyota,Yaris,black,DEMO-FR-INS-01,Azur Demo Auto (fictional),Conducteur fictif FR 0112,conducteur-fr-0112@example.test,Gestionnaire fictif DEMO-FR-INS-01,sinistres@demo-fr-ins-01.test,DEMO-FR-POL-0112,2026-01-01,2026-12-31,,
DEMO-FR-0113,True,mock-insurance-v2,FR,AL-543-MJ,AL543MJ,Renault,Clio,red,DEMO-FR-INS-02,Loire Demo Motor (fictional),Conducteur fictif FR 0113,conducteur-fr-0113@example.test,Gestionnaire fictif DEMO-FR-INS-02,sinistres@demo-fr-ins-02.test,DEMO-FR-POL-0113,2026-01-01,2026-12-31,,
DEMO-FR-0114,True,mock-insurance-v2,FR,FH-528-PB,FH528PB,Renault,Clio,blue,DEMO-FR-INS-03,Alpes Demo Assurance (fictional),Conducteur fictif FR 0114,conducteur-fr-0114@example.test,Gestionnaire fictif DEMO-FR-INS-03,sinistres@demo-fr-ins-03.test,DEMO-FR-POL-0114,2026-01-01,2026-12-31,,
DEMO-FR-0115,True,mock-insurance-v2,FR,AN-336-WP,AN336WP,Ford,Focus,blue,DEMO-FR-INS-04,Rivage Demo Auto (fictional),Conducteur fictif FR 0115,conducteur-fr-0115@example.test,Gestionnaire fictif DEMO-FR-INS-04,sinistres@demo-fr-ins-04.test,DEMO-FR-POL-0115,2026-01-01,2026-12-31,,
DEMO-FR-0116,True,mock-insurance-v2,FR,XG-183-BD,XG183BD,Renault,Clio,blue,DEMO-FR-INS-00,Hexagone Demo Assurance (fictional),Conducteur fictif FR 0116,conducteur-fr-0116@example.test,Gestionnaire fictif DEMO-FR-INS-00,sinistres@demo-fr-ins-00.test,DEMO-FR-POL-0116,2026-01-01,2026-12-31,,
DEMO-FR-0117,True,mock-insurance-v2,FR,AH-661-PK,AH661PK,Renault,Clio,red,DEMO-FR-INS-01,Azur Demo Auto (fictional),Conducteur fictif FR 0117,conducteur-fr-0117@example.test,Gestionnaire fictif DEMO-FR-INS-01,sinistres@demo-fr-ins-01.test,DEMO-FR-POL-0117,2026-01-01,2026-12-31,,
DEMO-FR-0118,True,mock-insurance-v2,FR,SZ-530-BJ,SZ530BJ,Renault,Clio,white,DEMO-FR-INS-02,Loire Demo Motor (fictional),Conducteur fictif FR 0118,conducteur-fr-0118@example.test,Gestionnaire fictif DEMO-FR-INS-02,sinistres@demo-fr-ins-02.test,DEMO-FR-POL-0118,2026-01-01,2026-12-31,,
DEMO-FR-0119,True,mock-insurance-v2,FR,TW-078-LX,TW078LX,Toyota,Yaris,black,DEMO-FR-INS-03,Alpes Demo Assurance (fictional),Conducteur fictif FR 0119,conducteur-fr-0119@example.test,Gestionnaire fictif DEMO-FR-INS-03,sinistres@demo-fr-ins-03.test,DEMO-FR-POL-0119,2026-01-01,2026-12-31,,
DEMO-FR-0120,True,mock-insurance-v2,FR,NR-937-DA,NR937DA,Toyota,Yaris,grey,DEMO-FR-INS-04,Rivage Demo Auto (fictional),Conducteur fictif FR 0120,conducteur-fr-0120@example.test,Gestionnaire fictif DEMO-FR-INS-04,sinistres@demo-fr-ins-04.test,DEMO-FR-POL-0120,2026-01-01,2026-12-31,,
DEMO-FR-0121,True,mock-insurance-v2,FR,ML-214-ZH,ML214ZH,Ford,Focus,black,DEMO-FR-INS-00,Hexagone Demo Assurance (fictional),Conducteur fictif FR 0121,conducteur-fr-0121@example.test,Gestionnaire fictif DEMO-FR-INS-00,sinistres@demo-fr-ins-00.test,DEMO-FR-POL-0121,2026-01-01,2026-12-31,,
DEMO-FR-0122,True,mock-insurance-v2,FR,BZ-350-KZ,BZ350KZ,BMW,3 Series,blue,DEMO-FR-INS-01,Azur Demo Auto (fictional),Conducteur fictif FR 0122,conducteur-fr-0122@example.test,Gestionnaire fictif DEMO-FR-INS-01,sinistres@demo-fr-ins-01.test,DEMO-FR-POL-0122,2026-01-01,2026-12-31,,
DEMO-FR-0123,True,mock-insurance-v2,FR,AM-419-WH,AM419WH,BMW,3 Series,red,DEMO-FR-INS-02,Loire Demo Motor (fictional),Conducteur fictif FR 0123,conducteur-fr-0123@example.test,Gestionnaire fictif DEMO-FR-INS-02,sinistres@demo-fr-ins-02.test,DEMO-FR-POL-0123,2026-01-01,2026-12-31,,
DEMO-FR-0124,True,mock-insurance-v2,FR,BX-720-BN,BX720BN,Renault,Clio,blue,DEMO-FR-INS-03,Alpes Demo Assurance (fictional),Conducteur fictif FR 0124,conducteur-fr-0124@example.test,Gestionnaire fictif DEMO-FR-INS-03,sinistres@demo-fr-ins-03.test,DEMO-FR-POL-0124,2026-01-01,2026-12-31,,
DEMO-FR-0125,True,mock-insurance-v2,FR,PE-398-GH,PE398GH,Volkswagen,Golf,red,DEMO-FR-INS-04,Rivage Demo Auto (fictional),Conducteur fictif FR 0125,conducteur-fr-0125@example.test,Gestionnaire fictif DEMO-FR-INS-04,sinistres@demo-fr-ins-04.test,DEMO-FR-POL-0125,2026-01-01,2026-12-31,,
DEMO-FR-0126,True,mock-insurance-v2,FR,LR-992-PS,LR992PS,Ford,Focus,black,DEMO-FR-INS-00,Hexagone Demo Assurance (fictional),Conducteur fictif FR 0126,conducteur-fr-0126@example.test,Gestionnaire fictif DEMO-FR-INS-00,sinistres@demo-fr-ins-00.test,DEMO-FR-POL-0126,2026-01-01,2026-12-31,,
DEMO-FR-0127,True,mock-insurance-v2,FR,BA-149-KE,BA149KE,Peugeot,208,black,DEMO-FR-INS-01,Azur Demo Auto (fictional),Conducteur fictif FR 0127,conducteur-fr-0127@example.test,Gestionnaire fictif DEMO-FR-INS-01,sinistres@demo-fr-ins-01.test,DEMO-FR-POL-0127,2026-01-01,2026-12-31,,
DEMO-FR-0128,True,mock-insurance-v2,FR,XY-980-LM,XY980LM,Ford,Focus,red,DEMO-FR-INS-02,Loire Demo Motor (fictional),Conducteur fictif FR 0128,conducteur-fr-0128@example.test,Gestionnaire fictif DEMO-FR-INS-02,sinistres@demo-fr-ins-02.test,DEMO-FR-POL-0128,2026-01-01,2026-12-31,,
DEMO-FR-0129,True,mock-insurance-v2,FR,WE-879-GS,WE879GS,Volkswagen,Golf,white,DEMO-FR-INS-03,Alpes Demo Assurance (fictional),Conducteur fictif FR 0129,conducteur-fr-0129@example.test,Gestionnaire fictif DEMO-FR-INS-03,sinistres@demo-fr-ins-03.test,DEMO-FR-POL-0129,2026-01-01,2026-12-31,,
DEMO-FR-0130,True,mock-insurance-v2,FR,RT-649-MW,RT649MW,Renault,Clio,grey,DEMO-FR-INS-04,Rivage Demo Auto (fictional),Conducteur fictif FR 0130,conducteur-fr-0130@example.test,Gestionnaire fictif DEMO-FR-INS-04,sinistres@demo-fr-ins-04.test,DEMO-FR-POL-0130,2026-01-01,2026-12-31,,
DEMO-FR-0131,True,mock-insurance-v2,FR,JC-967-DP,JC967DP,Toyota,Yaris,red,DEMO-FR-INS-00,Hexagone Demo Assurance (fictional),Conducteur fictif FR 0131,conducteur-fr-0131@example.test,Gestionnaire fictif DEMO-FR-INS-00,sinistres@demo-fr-ins-00.test,DEMO-FR-POL-0131,2026-01-01,2026-12-31,,
DEMO-FR-0132,True,mock-insurance-v2,FR,SM-937-SP,SM937SP,Renault,Clio,blue,DEMO-FR-INS-01,Azur Demo Auto (fictional),Conducteur fictif FR 0132,conducteur-fr-0132@example.test,Gestionnaire fictif DEMO-FR-INS-01,sinistres@demo-fr-ins-01.test,DEMO-FR-POL-0132,2026-01-01,2026-12-31,,
DEMO-FR-0133,True,mock-insurance-v2,FR,RD-945-MF,RD945MF,Ford,Focus,blue,DEMO-FR-INS-02,Loire Demo Motor (fictional),Conducteur fictif FR 0133,conducteur-fr-0133@example.test,Gestionnaire fictif DEMO-FR-INS-02,sinistres@demo-fr-ins-02.test,DEMO-FR-POL-0133,2026-01-01,2026-12-31,,
DEMO-FR-0134,True,mock-insurance-v2,FR,ZT-630-SL,ZT630SL,Volkswagen,Golf,grey,DEMO-FR-INS-03,Alpes Demo Assurance (fictional),Conducteur fictif FR 0134,conducteur-fr-0134@example.test,Gestionnaire fictif DEMO-FR-INS-03,sinistres@demo-fr-ins-03.test,DEMO-FR-POL-0134,2026-01-01,2026-12-31,,
DEMO-FR-0135,True,mock-insurance-v2,FR,FF-501-RH,FF501RH,Peugeot,208,silver,DEMO-FR-INS-04,Rivage Demo Auto (fictional),Conducteur fictif FR 0135,conducteur-fr-0135@example.test,Gestionnaire fictif DEMO-FR-INS-04,sinistres@demo-fr-ins-04.test,DEMO-FR-POL-0135,2026-01-01,2026-12-31,,
DEMO-FR-0136,True,mock-insurance-v2,FR,XC-308-TR,XC308TR,BMW,3 Series,blue,DEMO-FR-INS-00,Hexagone Demo Assurance (fictional),Conducteur fictif FR 0136,conducteur-fr-0136@example.test,Gestionnaire fictif DEMO-FR-INS-00,sinistres@demo-fr-ins-00.test,DEMO-FR-POL-0136,2026-01-01,2026-12-31,,
DEMO-FR-0137,True,mock-insurance-v2,FR,XD-063-ZN,XD063ZN,Peugeot,208,red,DEMO-FR-INS-01,Azur Demo Auto (fictional),Conducteur fictif FR 0137,conducteur-fr-0137@example.test,Gestionnaire fictif DEMO-FR-INS-01,sinistres@demo-fr-ins-01.test,DEMO-FR-POL-0137,2026-01-01,2026-12-31,,
DEMO-FR-0138,True,mock-insurance-v2,FR,CB-925-GY,CB925GY,BMW,3 Series,black,DEMO-FR-INS-02,Loire Demo Motor (fictional),Conducteur fictif FR 0138,conducteur-fr-0138@example.test,Gestionnaire fictif DEMO-FR-INS-02,sinistres@demo-fr-ins-02.test,DEMO-FR-POL-0138,2026-01-01,2026-12-31,,
DEMO-FR-0139,True,mock-insurance-v2,FR,JM-057-KJ,JM057KJ,Ford,Focus,silver,DEMO-FR-INS-03,Alpes Demo Assurance (fictional),Conducteur fictif FR 0139,conducteur-fr-0139@example.test,Gestionnaire fictif DEMO-FR-INS-03,sinistres@demo-fr-ins-03.test,DEMO-FR-POL-0139,2026-01-01,2026-12-31,,
DEMO-FR-0140,True,mock-insurance-v2,FR,CH-275-KW,CH275KW,BMW,3 Series,red,DEMO-FR-INS-04,Rivage Demo Auto (fictional),Conducteur fictif FR 0140,conducteur-fr-0140@example.test,Gestionnaire fictif DEMO-FR-INS-04,sinistres@demo-fr-ins-04.test,DEMO-FR-POL-0140,2026-01-01,2026-12-31,,
DEMO-FR-0141,True,mock-insurance-v2,FR,KZ-358-FZ,KZ358FZ,Renault,Clio,white,DEMO-FR-INS-00,Hexagone Demo Assurance (fictional),Conducteur fictif FR 0141,conducteur-fr-0141@example.test,Gestionnaire fictif DEMO-FR-INS-00,sinistres@demo-fr-ins-00.test,DEMO-FR-POL-0141,2026-01-01,2026-12-31,,
DEMO-FR-0142,True,mock-insurance-v2,FR,WC-297-VC,WC297VC,Peugeot,208,white,DEMO-FR-INS-01,Azur Demo Auto (fictional),Conducteur fictif FR 0142,conducteur-fr-0142@example.test,Gestionnaire fictif DEMO-FR-INS-01,sinistres@demo-fr-ins-01.test,DEMO-FR-POL-0142,2026-01-01,2026-12-31,,
DEMO-FR-0143,True,mock-insurance-v2,FR,KJ-606-PA,KJ606PA,Ford,Focus,grey,DEMO-FR-INS-02,Loire Demo Motor (fictional),Conducteur fictif FR 0143,conducteur-fr-0143@example.test,Gestionnaire fictif DEMO-FR-INS-02,sinistres@demo-fr-ins-02.test,DEMO-FR-POL-0143,2026-01-01,2026-12-31,,
DEMO-FR-0144,True,mock-insurance-v2,FR,KG-622-YA,KG622YA,Volkswagen,Golf,silver,DEMO-FR-INS-03,Alpes Demo Assurance (fictional),Conducteur fictif FR 0144,conducteur-fr-0144@example.test,Gestionnaire fictif DEMO-FR-INS-03,sinistres@demo-fr-ins-03.test,DEMO-FR-POL-0144,2026-01-01,2026-12-31,,
DEMO-FR-0145,True,mock-insurance-v2,FR,LR-323-LB,LR323LB,Peugeot,208,black,DEMO-FR-INS-04,Rivage Demo Auto (fictional),Conducteur fictif FR 0145,conducteur-fr-0145@example.test,Gestionnaire fictif DEMO-FR-INS-04,sinistres@demo-fr-ins-04.test,DEMO-FR-POL-0145,2026-01-01,2026-12-31,,
DEMO-FR-0146,True,mock-insurance-v2,FR,DV-215-TM,DV215TM,Renault,Clio,white,DEMO-FR-INS-00,Hexagone Demo Assurance (fictional),Conducteur fictif FR 0146,conducteur-fr-0146@example.test,Gestionnaire fictif DEMO-FR-INS-00,sinistres@demo-fr-ins-00.test,DEMO-FR-POL-0146,2026-01-01,2026-12-31,,
DEMO-FR-0147,True,mock-insurance-v2,FR,YY-978-GY,YY978GY,Renault,Clio,white,DEMO-FR-INS-01,Azur Demo Auto (fictional),Conducteur fictif FR 0147,conducteur-fr-0147@example.test,Gestionnaire fictif DEMO-FR-INS-01,sinistres@demo-fr-ins-01.test,DEMO-FR-POL-0147,2026-01-01,2026-12-31,,
DEMO-FR-0148,True,mock-insurance-v2,FR,AC-081-FF,AC081FF,Renault,Clio,blue,DEMO-FR-INS-02,Loire Demo Motor (fictional),Conducteur fictif FR 0148,conducteur-fr-0148@example.test,Gestionnaire fictif DEMO-FR-INS-02,sinistres@demo-fr-ins-02.test,DEMO-FR-POL-0148,2026-01-01,2026-12-31,,
DEMO-FR-0149,True,mock-insurance-v2,FR,TB-630-JL,TB630JL,BMW,3 Series,white,DEMO-FR-INS-03,Alpes Demo Assurance (fictional),Conducteur fictif FR 0149,conducteur-fr-0149@example.test,Gestionnaire fictif DEMO-FR-INS-03,sinistres@demo-fr-ins-03.test,DEMO-FR-POL-0149,2026-01-01,2026-12-31,,
DEMO-FR-0150,True,mock-insurance-v2,FR,AS-156-BD,AS156BD,BMW,3 Series,red,DEMO-FR-INS-04,Rivage Demo Auto (fictional),Conducteur fictif FR 0150,conducteur-fr-0150@example.test,Gestionnaire fictif DEMO-FR-INS-04,sinistres@demo-fr-ins-04.test,DEMO-FR-POL-0150,2026-01-01,2026-12-31,,
DEMO-FR-0151,True,mock-insurance-v2,FR,CK-856-JS,CK856JS,Ford,Focus,black,DEMO-FR-INS-00,Hexagone Demo Assurance (fictional),Conducteur fictif FR 0151,conducteur-fr-0151@example.test,Gestionnaire fictif DEMO-FR-INS-00,sinistres@demo-fr-ins-00.test,DEMO-FR-POL-0151,2026-01-01,2026-12-31,,
DEMO-FR-0152,True,mock-insurance-v2,FR,RY-328-NT,RY328NT,Renault,Clio,black,DEMO-FR-INS-01,Azur Demo Auto (fictional),Conducteur fictif FR 0152,conducteur-fr-0152@example.test,Gestionnaire fictif DEMO-FR-INS-01,sinistres@demo-fr-ins-01.test,DEMO-FR-POL-0152,2026-01-01,2026-12-31,,
DEMO-FR-0153,True,mock-insurance-v2,FR,AD-292-WZ,AD292WZ,Peugeot,208,silver,DEMO-FR-INS-02,Loire Demo Motor (fictional),Conducteur fictif FR 0153,conducteur-fr-0153@example.test,Gestionnaire fictif DEMO-FR-INS-02,sinistres@demo-fr-ins-02.test,DEMO-FR-POL-0153,2026-01-01,2026-12-31,,
DEMO-FR-0154,True,mock-insurance-v2,FR,RS-660-BR,RS660BR,Toyota,Yaris,grey,DEMO-FR-INS-03,Alpes Demo Assurance (fictional),Conducteur fictif FR 0154,conducteur-fr-0154@example.test,Gestionnaire fictif DEMO-FR-INS-03,sinistres@demo-fr-ins-03.test,DEMO-FR-POL-0154,2026-01-01,2026-12-31,,
DEMO-FR-0155,True,mock-insurance-v2,FR,NH-947-AM,NH947AM,Toyota,Yaris,blue,DEMO-FR-INS-04,Rivage Demo Auto (fictional),Conducteur fictif FR 0155,conducteur-fr-0155@example.test,Gestionnaire fictif DEMO-FR-INS-04,sinistres@demo-fr-ins-04.test,DEMO-FR-POL-0155,2026-01-01,2026-12-31,,
DEMO-FR-0156,True,mock-insurance-v2,FR,GF-976-KX,GF976KX,BMW,3 Series,black,DEMO-FR-INS-00,Hexagone Demo Assurance (fictional),Conducteur fictif FR 0156,conducteur-fr-0156@example.test,Gestionnaire fictif DEMO-FR-INS-00,sinistres@demo-fr-ins-00.test,DEMO-FR-POL-0156,2026-01-01,2026-12-31,,
DEMO-FR-0157,True,mock-insurance-v2,FR,HD-223-NV,HD223NV,Ford,Focus,grey,DEMO-FR-INS-01,Azur Demo Auto (fictional),Conducteur fictif FR 0157,conducteur-fr-0157@example.test,Gestionnaire fictif DEMO-FR-INS-01,sinistres@demo-fr-ins-01.test,DEMO-FR-POL-0157,2026-01-01,2026-12-31,,
DEMO-FR-0158,True,mock-insurance-v2,FR,YH-146-HW,YH146HW,Peugeot,208,blue,DEMO-FR-INS-02,Loire Demo Motor (fictional),Conducteur fictif FR 0158,conducteur-fr-0158@example.test,Gestionnaire fictif DEMO-FR-INS-02,sinistres@demo-fr-ins-02.test,DEMO-FR-POL-0158,2026-01-01,2026-12-31,,
DEMO-FR-0159,True,mock-insurance-v2,FR,AS-529-XX,AS529XX,Toyota,Yaris,red,DEMO-FR-INS-03,Alpes Demo Assurance (fictional),Conducteur fictif FR 0159,conducteur-fr-0159@example.test,Gestionnaire fictif DEMO-FR-INS-03,sinistres@demo-fr-ins-03.test,DEMO-FR-POL-0159,2026-01-01,2026-12-31,,
DEMO-FR-0160,True,mock-insurance-v2,FR,HD-933-HP,HD933HP,Renault,Clio,black,DEMO-FR-INS-04,Rivage Demo Auto (fictional),Conducteur fictif FR 0160,conducteur-fr-0160@example.test,Gestionnaire fictif DEMO-FR-INS-04,sinistres@demo-fr-ins-04.test,DEMO-FR-POL-0160,2026-01-01,2026-12-31,,
DEMO-FR-0161,True,mock-insurance-v2,FR,VH-066-TD,VH066TD,Toyota,Yaris,white,DEMO-FR-INS-00,Hexagone Demo Assurance (fictional),Conducteur fictif FR 0161,conducteur-fr-0161@example.test,Gestionnaire fictif DEMO-FR-INS-00,sinistres@demo-fr-ins-00.test,DEMO-FR-POL-0161,2026-01-01,2026-12-31,,
DEMO-FR-0162,True,mock-insurance-v2,FR,AR-156-VD,AR156VD,Renault,Clio,blue,DEMO-FR-INS-01,Azur Demo Auto (fictional),Conducteur fictif FR 0162,conducteur-fr-0162@example.test,Gestionnaire fictif DEMO-FR-INS-01,sinistres@demo-fr-ins-01.test,DEMO-FR-POL-0162,2026-01-01,2026-12-31,,
DEMO-FR-0163,True,mock-insurance-v2,FR,XF-523-EP,XF523EP,Volkswagen,Golf,silver,DEMO-FR-INS-02,Loire Demo Motor (fictional),Conducteur fictif FR 0163,conducteur-fr-0163@example.test,Gestionnaire fictif DEMO-FR-INS-02,sinistres@demo-fr-ins-02.test,DEMO-FR-POL-0163,2026-01-01,2026-12-31,,
DEMO-FR-0164,True,mock-insurance-v2,FR,CE-559-FT,CE559FT,Peugeot,208,black,DEMO-FR-INS-03,Alpes Demo Assurance (fictional),Conducteur fictif FR 0164,conducteur-fr-0164@example.test,Gestionnaire fictif DEMO-FR-INS-03,sinistres@demo-fr-ins-03.test,DEMO-FR-POL-0164,2026-01-01,2026-12-31,,
DEMO-FR-0165,True,mock-insurance-v2,FR,HF-992-PT,HF992PT,Volkswagen,Golf,grey,DEMO-FR-INS-04,Rivage Demo Auto (fictional),Conducteur fictif FR 0165,conducteur-fr-0165@example.test,Gestionnaire fictif DEMO-FR-INS-04,sinistres@demo-fr-ins-04.test,DEMO-FR-POL-0165,2026-01-01,2026-12-31,,
DEMO-FR-0166,True,mock-insurance-v2,FR,VZ-049-YM,VZ049YM,Renault,Clio,red,DEMO-FR-INS-00,Hexagone Demo Assurance (fictional),Conducteur fictif FR 0166,conducteur-fr-0166@example.test,Gestionnaire fictif DEMO-FR-INS-00,sinistres@demo-fr-ins-00.test,DEMO-FR-POL-0166,2026-01-01,2026-12-31,,
DEMO-FR-0167,True,mock-insurance-v2,FR,DA-483-WB,DA483WB,Volkswagen,Golf,blue,DEMO-FR-INS-01,Azur Demo Auto (fictional),Conducteur fictif FR 0167,conducteur-fr-0167@example.test,Gestionnaire fictif DEMO-FR-INS-01,sinistres@demo-fr-ins-01.test,DEMO-FR-POL-0167,2026-01-01,2026-12-31,,
DEMO-FR-0168,True,mock-insurance-v2,FR,RB-810-KX,RB810KX,Renault,Clio,silver,DEMO-FR-INS-02,Loire Demo Motor (fictional),Conducteur fictif FR 0168,conducteur-fr-0168@example.test,Gestionnaire fictif DEMO-FR-INS-02,sinistres@demo-fr-ins-02.test,DEMO-FR-POL-0168,2026-01-01,2026-12-31,,
DEMO-FR-0169,True,mock-insurance-v2,FR,XX-479-FV,XX479FV,Renault,Clio,silver,DEMO-FR-INS-03,Alpes Demo Assurance (fictional),Conducteur fictif FR 0169,conducteur-fr-0169@example.test,Gestionnaire fictif DEMO-FR-INS-03,sinistres@demo-fr-ins-03.test,DEMO-FR-POL-0169,2026-01-01,2026-12-31,,
DEMO-FR-0170,True,mock-insurance-v2,FR,VP-754-CL,VP754CL,BMW,3 Series,grey,DEMO-FR-INS-04,Rivage Demo Auto (fictional),Conducteur fictif FR 0170,conducteur-fr-0170@example.test,Gestionnaire fictif DEMO-FR-INS-04,sinistres@demo-fr-ins-04.test,DEMO-FR-POL-0170,2026-01-01,2026-12-31,,
DEMO-FR-0171,True,mock-insurance-v2,FR,BB-338-FS,BB338FS,Volkswagen,Golf,blue,DEMO-FR-INS-00,Hexagone Demo Assurance (fictional),Conducteur fictif FR 0171,conducteur-fr-0171@example.test,Gestionnaire fictif DEMO-FR-INS-00,sinistres@demo-fr-ins-00.test,DEMO-FR-POL-0171,2026-01-01,2026-12-31,,
DEMO-FR-0172,True,mock-insurance-v2,FR,GD-264-KM,GD264KM,BMW,3 Series,red,DEMO-FR-INS-01,Azur Demo Auto (fictional),Conducteur fictif FR 0172,conducteur-fr-0172@example.test,Gestionnaire fictif DEMO-FR-INS-01,sinistres@demo-fr-ins-01.test,DEMO-FR-POL-0172,2026-01-01,2026-12-31,,
DEMO-FR-0173,True,mock-insurance-v2,FR,LC-974-VD,LC974VD,Ford,Focus,white,DEMO-FR-INS-02,Loire Demo Motor (fictional),Conducteur fictif FR 0173,conducteur-fr-0173@example.test,Gestionnaire fictif DEMO-FR-INS-02,sinistres@demo-fr-ins-02.test,DEMO-FR-POL-0173,2026-01-01,2026-12-31,,
DEMO-FR-0174,True,mock-insurance-v2,FR,XL-889-PW,XL889PW,Volkswagen,Golf,black,DEMO-FR-INS-03,Alpes Demo Assurance (fictional),Conducteur fictif FR 0174,conducteur-fr-0174@example.test,Gestionnaire fictif DEMO-FR-INS-03,sinistres@demo-fr-ins-03.test,DEMO-FR-POL-0174,2026-01-01,2026-12-31,,
DEMO-FR-0175,True,mock-insurance-v2,FR,SC-402-WZ,SC402WZ,Ford,Focus,black,DEMO-FR-INS-04,Rivage Demo Auto (fictional),Conducteur fictif FR 0175,conducteur-fr-0175@example.test,Gestionnaire fictif DEMO-FR-INS-04,sinistres@demo-fr-ins-04.test,DEMO-FR-POL-0175,2026-01-01,2026-12-31,,
DEMO-FR-0176,True,mock-insurance-v2,FR,YJ-157-YR,YJ157YR,Renault,Clio,grey,DEMO-FR-INS-00,Hexagone Demo Assurance (fictional),Conducteur fictif FR 0176,conducteur-fr-0176@example.test,Gestionnaire fictif DEMO-FR-INS-00,sinistres@demo-fr-ins-00.test,DEMO-FR-POL-0176,2026-01-01,2026-12-31,,
DEMO-FR-0177,True,mock-insurance-v2,FR,AF-254-LZ,AF254LZ,Ford,Focus,white,DEMO-FR-INS-01,Azur Demo Auto (fictional),Conducteur fictif FR 0177,conducteur-fr-0177@example.test,Gestionnaire fictif DEMO-FR-INS-01,sinistres@demo-fr-ins-01.test,DEMO-FR-POL-0177,2026-01-01,2026-12-31,,
DEMO-FR-0178,True,mock-insurance-v2,FR,SC-614-MW,SC614MW,Ford,Focus,white,DEMO-FR-INS-02,Loire Demo Motor (fictional),Conducteur fictif FR 0178,conducteur-fr-0178@example.test,Gestionnaire fictif DEMO-FR-INS-02,sinistres@demo-fr-ins-02.test,DEMO-FR-POL-0178,2026-01-01,2026-12-31,,
DEMO-FR-0179,True,mock-insurance-v2,FR,NP-013-AD,NP013AD,Toyota,Yaris,silver,DEMO-FR-INS-03,Alpes Demo Assurance (fictional),Conducteur fictif FR 0179,conducteur-fr-0179@example.test,Gestionnaire fictif DEMO-FR-INS-03,sinistres@demo-fr-ins-03.test,DEMO-FR-POL-0179,2026-01-01,2026-12-31,,
DEMO-FR-0180,True,mock-insurance-v2,FR,BT-452-ZT,BT452ZT,Peugeot,208,black,DEMO-FR-INS-04,Rivage Demo Auto (fictional),Conducteur fictif FR 0180,conducteur-fr-0180@example.test,Gestionnaire fictif DEMO-FR-INS-04,sinistres@demo-fr-ins-04.test,DEMO-FR-POL-0180,2026-01-01,2026-12-31,,
DEMO-FR-0181,True,mock-insurance-v2,FR,AV-271-CP,AV271CP,Ford,Focus,white,DEMO-FR-INS-00,Hexagone Demo Assurance (fictional),Conducteur fictif FR 0181,conducteur-fr-0181@example.test,Gestionnaire fictif DEMO-FR-INS-00,sinistres@demo-fr-ins-00.test,DEMO-FR-POL-0181,2026-01-01,2026-12-31,,
DEMO-FR-0182,True,mock-insurance-v2,FR,DM-706-KY,DM706KY,Peugeot,208,blue,DEMO-FR-INS-01,Azur Demo Auto (fictional),Conducteur fictif FR 0182,conducteur-fr-0182@example.test,Gestionnaire fictif DEMO-FR-INS-01,sinistres@demo-fr-ins-01.test,DEMO-FR-POL-0182,2026-01-01,2026-12-31,,
DEMO-FR-0183,True,mock-insurance-v2,FR,VT-993-KW,VT993KW,Volkswagen,Golf,red,DEMO-FR-INS-02,Loire Demo Motor (fictional),Conducteur fictif FR 0183,conducteur-fr-0183@example.test,Gestionnaire fictif DEMO-FR-INS-02,sinistres@demo-fr-ins-02.test,DEMO-FR-POL-0183,2026-01-01,2026-12-31,,
DEMO-FR-0184,True,mock-insurance-v2,FR,ZG-166-EE,ZG166EE,Toyota,Yaris,red,DEMO-FR-INS-03,Alpes Demo Assurance (fictional),Conducteur fictif FR 0184,conducteur-fr-0184@example.test,Gestionnaire fictif DEMO-FR-INS-03,sinistres@demo-fr-ins-03.test,DEMO-FR-POL-0184,2026-01-01,2026-12-31,,
DEMO-FR-0185,True,mock-insurance-v2,FR,GD-394-DD,GD394DD,Toyota,Yaris,black,DEMO-FR-INS-04,Rivage Demo Auto (fictional),Conducteur fictif FR 0185,conducteur-fr-0185@example.test,Gestionnaire fictif DEMO-FR-INS-04,sinistres@demo-fr-ins-04.test,DEMO-FR-POL-0185,2026-01-01,2026-12-31,,
DEMO-FR-0186,True,mock-insurance-v2,FR,GW-106-KT,GW106KT,Peugeot,208,blue,DEMO-FR-INS-00,Hexagone Demo Assurance (fictional),Conducteur fictif FR 0186,conducteur-fr-0186@example.test,Gestionnaire fictif DEMO-FR-INS-00,sinistres@demo-fr-ins-00.test,DEMO-FR-POL-0186,2026-01-01,2026-12-31,,
DEMO-FR-0187,True,mock-insurance-v2,FR,KE-581-PW,KE581PW,Peugeot,208,blue,DEMO-FR-INS-01,Azur Demo Auto (fictional),Conducteur fictif FR 0187,conducteur-fr-0187@example.test,Gestionnaire fictif DEMO-FR-INS-01,sinistres@demo-fr-ins-01.test,DEMO-FR-POL-0187,2026-01-01,2026-12-31,,
DEMO-FR-0188,True,mock-insurance-v2,FR,KM-775-YX,KM775YX,Ford,Focus,blue,DEMO-FR-INS-02,Loire Demo Motor (fictional),Conducteur fictif FR 0188,conducteur-fr-0188@example.test,Gestionnaire fictif DEMO-FR-INS-02,sinistres@demo-fr-ins-02.test,DEMO-FR-POL-0188,2026-01-01,2026-12-31,,
DEMO-FR-0189,True,mock-insurance-v2,FR,TX-410-HB,TX410HB,Toyota,Yaris,black,DEMO-FR-INS-03,Alpes Demo Assurance (fictional),Conducteur fictif FR 0189,conducteur-fr-0189@example.test,Gestionnaire fictif DEMO-FR-INS-03,sinistres@demo-fr-ins-03.test,DEMO-FR-POL-0189,2026-01-01,2026-12-31,,
DEMO-FR-0190,True,mock-insurance-v2,FR,BH-677-MT,BH677MT,Renault,Clio,white,DEMO-FR-INS-04,Rivage Demo Auto (fictional),Conducteur fictif FR 0190,conducteur-fr-0190@example.test,Gestionnaire fictif DEMO-FR-INS-04,sinistres@demo-fr-ins-04.test,DEMO-FR-POL-0190,2026-01-01,2026-12-31,,
DEMO-FR-0191,True,mock-insurance-v2,FR,WB-304-RH,WB304RH,Toyota,Yaris,red,DEMO-FR-INS-00,Hexagone Demo Assurance (fictional),Conducteur fictif FR 0191,conducteur-fr-0191@example.test,Gestionnaire fictif DEMO-FR-INS-00,sinistres@demo-fr-ins-00.test,DEMO-FR-POL-0191,2026-01-01,2026-12-31,,
DEMO-FR-0192,True,mock-insurance-v2,FR,WJ-613-RC,WJ613RC,Ford,Focus,white,DEMO-FR-INS-01,Azur Demo Auto (fictional),Conducteur fictif FR 0192,conducteur-fr-0192@example.test,Gestionnaire fictif DEMO-FR-INS-01,sinistres@demo-fr-ins-01.test,DEMO-FR-POL-0192,2026-01-01,2026-12-31,,
DEMO-FR-0193,True,mock-insurance-v2,FR,TD-373-PR,TD373PR,Volkswagen,Golf,blue,DEMO-FR-INS-02,Loire Demo Motor (fictional),Conducteur fictif FR 0193,conducteur-fr-0193@example.test,Gestionnaire fictif DEMO-FR-INS-02,sinistres@demo-fr-ins-02.test,DEMO-FR-POL-0193,2026-01-01,2026-12-31,,
DEMO-FR-0194,True,mock-insurance-v2,FR,KK-745-YJ,KK745YJ,Volkswagen,Golf,silver,DEMO-FR-INS-03,Alpes Demo Assurance (fictional),Conducteur fictif FR 0194,conducteur-fr-0194@example.test,Gestionnaire fictif DEMO-FR-INS-03,sinistres@demo-fr-ins-03.test,DEMO-FR-POL-0194,2026-01-01,2026-12-31,,
DEMO-FR-0195,True,mock-insurance-v2,FR,EG-654-PR,EG654PR,Ford,Focus,silver,DEMO-FR-INS-04,Rivage Demo Auto (fictional),Conducteur fictif FR 0195,conducteur-fr-0195@example.test,Gestionnaire fictif DEMO-FR-INS-04,sinistres@demo-fr-ins-04.test,DEMO-FR-POL-0195,2026-01-01,2026-12-31,,
DEMO-FR-0196,True,mock-insurance-v2,FR,DK-604-JB,DK604JB,Toyota,Yaris,silver,DEMO-FR-INS-00,Hexagone Demo Assurance (fictional),Conducteur fictif FR 0196,conducteur-fr-0196@example.test,Gestionnaire fictif DEMO-FR-INS-00,sinistres@demo-fr-ins-00.test,DEMO-FR-POL-0196,2026-01-01,2026-12-31,,
DEMO-FR-0197,True,mock-insurance-v2,FR,YZ-526-TT,YZ526TT,Toyota,Yaris,red,DEMO-FR-INS-01,Azur Demo Auto (fictional),Conducteur fictif FR 0197,conducteur-fr-0197@example.test,Gestionnaire fictif DEMO-FR-INS-01,sinistres@demo-fr-ins-01.test,DEMO-FR-POL-0197,2026-01-01,2026-12-31,,
DEMO-FR-0198,True,mock-insurance-v2,FR,HN-901-AN,HN901AN,BMW,3 Series,silver,DEMO-FR-INS-02,Loire Demo Motor (fictional),Conducteur fictif FR 0198,conducteur-fr-0198@example.test,Gestionnaire fictif DEMO-FR-INS-02,sinistres@demo-fr-ins-02.test,DEMO-FR-POL-0198,2026-01-01,2026-12-31,,
DEMO-FR-0199,True,mock-insurance-v2,FR,PP-785-MC,PP785MC,Toyota,Yaris,grey,DEMO-FR-INS-03,Alpes Demo Assurance (fictional),Conducteur fictif FR 0199,conducteur-fr-0199@example.test,Gestionnaire fictif DEMO-FR-INS-03,sinistres@demo-fr-ins-03.test,DEMO-FR-POL-0199,2026-01-01,2026-12-31,,
DEMO-FR-0200,True,mock-insurance-v2,FR,CM-614-NS,CM614NS,Toyota,Yaris,white,DEMO-FR-INS-04,Rivage Demo Auto (fictional),Conducteur fictif FR 0200,conducteur-fr-0200@example.test,Gestionnaire fictif DEMO-FR-INS-04,sinistres@demo-fr-ins-04.test,DEMO-FR-POL-0200,2026-01-01,2026-12-31,,
DEMO-FR-0201,True,mock-insurance-v2,FR,GY-951-CH,GY951CH,Renault,Clio,grey,DEMO-FR-INS-00,Hexagone Demo Assurance (fictional),Conducteur fictif FR 0201,conducteur-fr-0201@example.test,Gestionnaire fictif DEMO-FR-INS-00,sinistres@demo-fr-ins-00.test,DEMO-FR-POL-0201,2026-01-01,2026-12-31,,
DEMO-FR-0202,True,mock-insurance-v2,FR,BH-944-HJ,BH944HJ,Peugeot,208,blue,DEMO-FR-INS-01,Azur Demo Auto (fictional),Conducteur fictif FR 0202,conducteur-fr-0202@example.test,Gestionnaire fictif DEMO-FR-INS-01,sinistres@demo-fr-ins-01.test,DEMO-FR-POL-0202,2026-01-01,2026-12-31,,
DEMO-FR-0203,True,mock-insurance-v2,FR,GA-605-LX,GA605LX,Toyota,Yaris,white,DEMO-FR-INS-02,Loire Demo Motor (fictional),Conducteur fictif FR 0203,conducteur-fr-0203@example.test,Gestionnaire fictif DEMO-FR-INS-02,sinistres@demo-fr-ins-02.test,DEMO-FR-POL-0203,2026-01-01,2026-12-31,,
DEMO-FR-0204,True,mock-insurance-v2,FR,AH-866-HD,AH866HD,Toyota,Yaris,grey,DEMO-FR-INS-03,Alpes Demo Assurance (fictional),Conducteur fictif FR 0204,conducteur-fr-0204@example.test,Gestionnaire fictif DEMO-FR-INS-03,sinistres@demo-fr-ins-03.test,DEMO-FR-POL-0204,2026-01-01,2026-12-31,,
DEMO-FR-0205,True,mock-insurance-v2,FR,JE-036-TC,JE036TC,Ford,Focus,blue,DEMO-FR-INS-04,Rivage Demo Auto (fictional),Conducteur fictif FR 0205,conducteur-fr-0205@example.test,Gestionnaire fictif DEMO-FR-INS-04,sinistres@demo-fr-ins-04.test,DEMO-FR-POL-0205,2026-01-01,2026-12-31,,
DEMO-FR-0206,True,mock-insurance-v2,FR,BC-588-MC,BC588MC,Toyota,Yaris,red,DEMO-FR-INS-00,Hexagone Demo Assurance (fictional),Conducteur fictif FR 0206,conducteur-fr-0206@example.test,Gestionnaire fictif DEMO-FR-INS-00,sinistres@demo-fr-ins-00.test,DEMO-FR-POL-0206,2026-01-01,2026-12-31,,
DEMO-FR-0207,True,mock-insurance-v2,FR,KA-145-TK,KA145TK,Peugeot,208,blue,DEMO-FR-INS-01,Azur Demo Auto (fictional),Conducteur fictif FR 0207,conducteur-fr-0207@example.test,Gestionnaire fictif DEMO-FR-INS-01,sinistres@demo-fr-ins-01.test,DEMO-FR-POL-0207,2026-01-01,2026-12-31,,
DEMO-FR-0208,True,mock-insurance-v2,FR,WX-459-SH,WX459SH,Toyota,Yaris,white,DEMO-FR-INS-02,Loire Demo Motor (fictional),Conducteur fictif FR 0208,conducteur-fr-0208@example.test,Gestionnaire fictif DEMO-FR-INS-02,sinistres@demo-fr-ins-02.test,DEMO-FR-POL-0208,2026-01-01,2026-12-31,,
DEMO-FR-0209,True,mock-insurance-v2,FR,VF-757-RC,VF757RC,Peugeot,208,red,DEMO-FR-INS-03,Alpes Demo Assurance (fictional),Conducteur fictif FR 0209,conducteur-fr-0209@example.test,Gestionnaire fictif DEMO-FR-INS-03,sinistres@demo-fr-ins-03.test,DEMO-FR-POL-0209,2026-01-01,2026-12-31,,
DEMO-FR-0210,True,mock-insurance-v2,FR,CH-954-ZL,CH954ZL,Ford,Focus,red,DEMO-FR-INS-04,Rivage Demo Auto (fictional),Conducteur fictif FR 0210,conducteur-fr-0210@example.test,Gestionnaire fictif DEMO-FR-INS-04,sinistres@demo-fr-ins-04.test,DEMO-FR-POL-0210,2026-01-01,2026-12-31,,
DEMO-FR-0211,True,mock-insurance-v2,FR,LS-626-ZJ,LS626ZJ,Peugeot,208,red,DEMO-FR-INS-00,Hexagone Demo Assurance (fictional),Conducteur fictif FR 0211,conducteur-fr-0211@example.test,Gestionnaire fictif DEMO-FR-INS-00,sinistres@demo-fr-ins-00.test,DEMO-FR-POL-0211,2026-01-01,2026-12-31,,
DEMO-FR-0212,True,mock-insurance-v2,FR,SX-854-CE,SX854CE,Ford,Focus,blue,DEMO-FR-INS-01,Azur Demo Auto (fictional),Conducteur fictif FR 0212,conducteur-fr-0212@example.test,Gestionnaire fictif DEMO-FR-INS-01,sinistres@demo-fr-ins-01.test,DEMO-FR-POL-0212,2026-01-01,2026-12-31,,
DEMO-FR-0213,True,mock-insurance-v2,FR,GW-900-MF,GW900MF,Ford,Focus,blue,DEMO-FR-INS-02,Loire Demo Motor (fictional),Conducteur fictif FR 0213,conducteur-fr-0213@example.test,Gestionnaire fictif DEMO-FR-INS-02,sinistres@demo-fr-ins-02.test,DEMO-FR-POL-0213,2026-01-01,2026-12-31,,
DEMO-FR-0214,True,mock-insurance-v2,FR,HD-003-MD,HD003MD,Renault,Clio,blue,DEMO-FR-INS-03,Alpes Demo Assurance (fictional),Conducteur fictif FR 0214,conducteur-fr-0214@example.test,Gestionnaire fictif DEMO-FR-INS-03,sinistres@demo-fr-ins-03.test,DEMO-FR-POL-0214,2026-01-01,2026-12-31,,
DEMO-FR-0215,True,mock-insurance-v2,FR,BV-370-MP,BV370MP,Renault,Clio,white,DEMO-FR-INS-04,Rivage Demo Auto (fictional),Conducteur fictif FR 0215,conducteur-fr-0215@example.test,Gestionnaire fictif DEMO-FR-INS-04,sinistres@demo-fr-ins-04.test,DEMO-FR-POL-0215,2026-01-01,2026-12-31,,
DEMO-FR-0216,True,mock-insurance-v2,FR,CA-714-ZP,CA714ZP,BMW,3 Series,black,DEMO-FR-INS-00,Hexagone Demo Assurance (fictional),Conducteur fictif FR 0216,conducteur-fr-0216@example.test,Gestionnaire fictif DEMO-FR-INS-00,sinistres@demo-fr-ins-00.test,DEMO-FR-POL-0216,2026-01-01,2026-12-31,,
DEMO-FR-0217,True,mock-insurance-v2,FR,ML-445-BB,ML445BB,Toyota,Yaris,white,DEMO-FR-INS-01,Azur Demo Auto (fictional),Conducteur fictif FR 0217,conducteur-fr-0217@example.test,Gestionnaire fictif DEMO-FR-INS-01,sinistres@demo-fr-ins-01.test,DEMO-FR-POL-0217,2026-01-01,2026-12-31,,
DEMO-FR-0218,True,mock-insurance-v2,FR,LP-416-ZM,LP416ZM,Renault,Clio,white,DEMO-FR-INS-02,Loire Demo Motor (fictional),Conducteur fictif FR 0218,conducteur-fr-0218@example.test,Gestionnaire fictif DEMO-FR-INS-02,sinistres@demo-fr-ins-02.test,DEMO-FR-POL-0218,2026-01-01,2026-12-31,,
DEMO-FR-0219,True,mock-insurance-v2,FR,BY-644-HG,BY644HG,Toyota,Yaris,white,DEMO-FR-INS-03,Alpes Demo Assurance (fictional),Conducteur fictif FR 0219,conducteur-fr-0219@example.test,Gestionnaire fictif DEMO-FR-INS-03,sinistres@demo-fr-ins-03.test,DEMO-FR-POL-0219,2026-01-01,2026-12-31,,
DEMO-FR-0220,True,mock-insurance-v2,FR,EH-581-AL,EH581AL,Volkswagen,Golf,silver,DEMO-FR-INS-04,Rivage Demo Auto (fictional),Conducteur fictif FR 0220,conducteur-fr-0220@example.test,Gestionnaire fictif DEMO-FR-INS-04,sinistres@demo-fr-ins-04.test,DEMO-FR-POL-0220,2026-01-01,2026-12-31,,
DEMO-FR-0221,True,mock-insurance-v2,FR,MW-031-RF,MW031RF,Volkswagen,Golf,red,DEMO-FR-INS-00,Hexagone Demo Assurance (fictional),Conducteur fictif FR 0221,conducteur-fr-0221@example.test,Gestionnaire fictif DEMO-FR-INS-00,sinistres@demo-fr-ins-00.test,DEMO-FR-POL-0221,2026-01-01,2026-12-31,,
DEMO-FR-0222,True,mock-insurance-v2,FR,HK-890-HR,HK890HR,Peugeot,208,silver,DEMO-FR-INS-01,Azur Demo Auto (fictional),Conducteur fictif FR 0222,conducteur-fr-0222@example.test,Gestionnaire fictif DEMO-FR-INS-01,sinistres@demo-fr-ins-01.test,DEMO-FR-POL-0222,2026-01-01,2026-12-31,,
DEMO-FR-0223,True,mock-insurance-v2,FR,MC-171-BB,MC171BB,Renault,Clio,red,DEMO-FR-INS-02,Loire Demo Motor (fictional),Conducteur fictif FR 0223,conducteur-fr-0223@example.test,Gestionnaire fictif DEMO-FR-INS-02,sinistres@demo-fr-ins-02.test,DEMO-FR-POL-0223,2026-01-01,2026-12-31,,
DEMO-FR-0224,True,mock-insurance-v2,FR,JS-643-ZP,JS643ZP,Toyota,Yaris,silver,DEMO-FR-INS-03,Alpes Demo Assurance (fictional),Conducteur fictif FR 0224,conducteur-fr-0224@example.test,Gestionnaire fictif DEMO-FR-INS-03,sinistres@demo-fr-ins-03.test,DEMO-FR-POL-0224,2026-01-01,2026-12-31,,
DEMO-FR-0225,True,mock-insurance-v2,FR,JV-090-XZ,JV090XZ,Ford,Focus,white,DEMO-FR-INS-04,Rivage Demo Auto (fictional),Conducteur fictif FR 0225,conducteur-fr-0225@example.test,Gestionnaire fictif DEMO-FR-INS-04,sinistres@demo-fr-ins-04.test,DEMO-FR-POL-0225,2026-01-01,2026-12-31,,
DEMO-FR-0226,True,mock-insurance-v2,FR,SF-677-YF,SF677YF,BMW,3 Series,grey,DEMO-FR-INS-00,Hexagone Demo Assurance (fictional),Conducteur fictif FR 0226,conducteur-fr-0226@example.test,Gestionnaire fictif DEMO-FR-INS-00,sinistres@demo-fr-ins-00.test,DEMO-FR-POL-0226,2026-01-01,2026-12-31,,
DEMO-FR-0227,True,mock-insurance-v2,FR,ND-474-EJ,ND474EJ,Renault,Clio,red,DEMO-FR-INS-01,Azur Demo Auto (fictional),Conducteur fictif FR 0227,conducteur-fr-0227@example.test,Gestionnaire fictif DEMO-FR-INS-01,sinistres@demo-fr-ins-01.test,DEMO-FR-POL-0227,2026-01-01,2026-12-31,,
DEMO-FR-0228,True,mock-insurance-v2,FR,PR-695-KZ,PR695KZ,Ford,Focus,blue,DEMO-FR-INS-02,Loire Demo Motor (fictional),Conducteur fictif FR 0228,conducteur-fr-0228@example.test,Gestionnaire fictif DEMO-FR-INS-02,sinistres@demo-fr-ins-02.test,DEMO-FR-POL-0228,2026-01-01,2026-12-31,,
DEMO-FR-0229,True,mock-insurance-v2,FR,PP-196-TD,PP196TD,Peugeot,208,black,DEMO-FR-INS-03,Alpes Demo Assurance (fictional),Conducteur fictif FR 0229,conducteur-fr-0229@example.test,Gestionnaire fictif DEMO-FR-INS-03,sinistres@demo-fr-ins-03.test,DEMO-FR-POL-0229,2026-01-01,2026-12-31,,
DEMO-FR-0230,True,mock-insurance-v2,FR,VR-681-CX,VR681CX,Volkswagen,Golf,white,DEMO-FR-INS-04,Rivage Demo Auto (fictional),Conducteur fictif FR 0230,conducteur-fr-0230@example.test,Gestionnaire fictif DEMO-FR-INS-04,sinistres@demo-fr-ins-04.test,DEMO-FR-POL-0230,2026-01-01,2026-12-31,,
DEMO-FR-0231,True,mock-insurance-v2,FR,GW-935-FW,GW935FW,Ford,Focus,white,DEMO-FR-INS-00,Hexagone Demo Assurance (fictional),Conducteur fictif FR 0231,conducteur-fr-0231@example.test,Gestionnaire fictif DEMO-FR-INS-00,sinistres@demo-fr-ins-00.test,DEMO-FR-POL-0231,2026-01-01,2026-12-31,,
DEMO-FR-0232,True,mock-insurance-v2,FR,YY-301-PF,YY301PF,Ford,Focus,grey,DEMO-FR-INS-01,Azur Demo Auto (fictional),Conducteur fictif FR 0232,conducteur-fr-0232@example.test,Gestionnaire fictif DEMO-FR-INS-01,sinistres@demo-fr-ins-01.test,DEMO-FR-POL-0232,2026-01-01,2026-12-31,,
DEMO-FR-0233,True,mock-insurance-v2,FR,MM-051-FV,MM051FV,Peugeot,208,blue,DEMO-FR-INS-02,Loire Demo Motor (fictional),Conducteur fictif FR 0233,conducteur-fr-0233@example.test,Gestionnaire fictif DEMO-FR-INS-02,sinistres@demo-fr-ins-02.test,DEMO-FR-POL-0233,2026-01-01,2026-12-31,,
DEMO-FR-0234,True,mock-insurance-v2,FR,JT-376-BG,JT376BG,Ford,Focus,silver,DEMO-FR-INS-03,Alpes Demo Assurance (fictional),Conducteur fictif FR 0234,conducteur-fr-0234@example.test,Gestionnaire fictif DEMO-FR-INS-03,sinistres@demo-fr-ins-03.test,DEMO-FR-POL-0234,2026-01-01,2026-12-31,,
DEMO-FR-0235,True,mock-insurance-v2,FR,XF-605-BN,XF605BN,Toyota,Yaris,black,DEMO-FR-INS-04,Rivage Demo Auto (fictional),Conducteur fictif FR 0235,conducteur-fr-0235@example.test,Gestionnaire fictif DEMO-FR-INS-04,sinistres@demo-fr-ins-04.test,DEMO-FR-POL-0235,2026-01-01,2026-12-31,,
DEMO-FR-0236,True,mock-insurance-v2,FR,EA-646-YZ,EA646YZ,Peugeot,208,black,DEMO-FR-INS-00,Hexagone Demo Assurance (fictional),Conducteur fictif FR 0236,conducteur-fr-0236@example.test,Gestionnaire fictif DEMO-FR-INS-00,sinistres@demo-fr-ins-00.test,DEMO-FR-POL-0236,2026-01-01,2026-12-31,,
DEMO-FR-0237,True,mock-insurance-v2,FR,PX-627-FY,PX627FY,Ford,Focus,red,DEMO-FR-INS-01,Azur Demo Auto (fictional),Conducteur fictif FR 0237,conducteur-fr-0237@example.test,Gestionnaire fictif DEMO-FR-INS-01,sinistres@demo-fr-ins-01.test,DEMO-FR-POL-0237,2026-01-01,2026-12-31,,
DEMO-FR-0238,True,mock-insurance-v2,FR,ND-223-GE,ND223GE,Toyota,Yaris,silver,DEMO-FR-INS-02,Loire Demo Motor (fictional),Conducteur fictif FR 0238,conducteur-fr-0238@example.test,Gestionnaire fictif DEMO-FR-INS-02,sinistres@demo-fr-ins-02.test,DEMO-FR-POL-0238,2026-01-01,2026-12-31,,
DEMO-FR-0239,True,mock-insurance-v2,FR,KF-834-VF,KF834VF,Volkswagen,Golf,red,DEMO-FR-INS-03,Alpes Demo Assurance (fictional),Conducteur fictif FR 0239,conducteur-fr-0239@example.test,Gestionnaire fictif DEMO-FR-INS-03,sinistres@demo-fr-ins-03.test,DEMO-FR-POL-0239,2026-01-01,2026-12-31,,
DEMO-FR-0240,True,mock-insurance-v2,FR,FN-130-CT,FN130CT,Volkswagen,Golf,blue,DEMO-FR-INS-04,Rivage Demo Auto (fictional),Conducteur fictif FR 0240,conducteur-fr-0240@example.test,Gestionnaire fictif DEMO-FR-INS-04,sinistres@demo-fr-ins-04.test,DEMO-FR-POL-0240,2026-01-01,2026-12-31,,
DEMO-FR-0241,True,mock-insurance-v2,FR,SC-478-AN,SC478AN,Volkswagen,Golf,grey,DEMO-FR-INS-00,Hexagone Demo Assurance (fictional),Conducteur fictif FR 0241,conducteur-fr-0241@example.test,Gestionnaire fictif DEMO-FR-INS-00,sinistres@demo-fr-ins-00.test,DEMO-FR-POL-0241,2026-01-01,2026-12-31,,
DEMO-FR-0242,True,mock-insurance-v2,FR,SH-183-ZR,SH183ZR,Ford,Focus,black,DEMO-FR-INS-01,Azur Demo Auto (fictional),Conducteur fictif FR 0242,conducteur-fr-0242@example.test,Gestionnaire fictif DEMO-FR-INS-01,sinistres@demo-fr-ins-01.test,DEMO-FR-POL-0242,2026-01-01,2026-12-31,,
DEMO-FR-0243,True,mock-insurance-v2,FR,RR-734-XB,RR734XB,Ford,Focus,black,DEMO-FR-INS-02,Loire Demo Motor (fictional),Conducteur fictif FR 0243,conducteur-fr-0243@example.test,Gestionnaire fictif DEMO-FR-INS-02,sinistres@demo-fr-ins-02.test,DEMO-FR-POL-0243,2026-01-01,2026-12-31,,
DEMO-FR-0244,True,mock-insurance-v2,FR,ZY-101-TT,ZY101TT,Renault,Clio,silver,DEMO-FR-INS-03,Alpes Demo Assurance (fictional),Conducteur fictif FR 0244,conducteur-fr-0244@example.test,Gestionnaire fictif DEMO-FR-INS-03,sinistres@demo-fr-ins-03.test,DEMO-FR-POL-0244,2026-01-01,2026-12-31,,
DEMO-FR-0245,True,mock-insurance-v2,FR,AH-491-NG,AH491NG,Peugeot,208,red,DEMO-FR-INS-04,Rivage Demo Auto (fictional),Conducteur fictif FR 0245,conducteur-fr-0245@example.test,Gestionnaire fictif DEMO-FR-INS-04,sinistres@demo-fr-ins-04.test,DEMO-FR-POL-0245,2026-01-01,2026-12-31,,
DEMO-FR-0246,True,mock-insurance-v2,FR,TJ-799-MH,TJ799MH,Volkswagen,Golf,red,DEMO-FR-INS-00,Hexagone Demo Assurance (fictional),Conducteur fictif FR 0246,conducteur-fr-0246@example.test,Gestionnaire fictif DEMO-FR-INS-00,sinistres@demo-fr-ins-00.test,DEMO-FR-POL-0246,2026-01-01,2026-12-31,,
DEMO-FR-0247,True,mock-insurance-v2,FR,KR-988-TZ,KR988TZ,Peugeot,208,silver,DEMO-FR-INS-01,Azur Demo Auto (fictional),Conducteur fictif FR 0247,conducteur-fr-0247@example.test,Gestionnaire fictif DEMO-FR-INS-01,sinistres@demo-fr-ins-01.test,DEMO-FR-POL-0247,2026-01-01,2026-12-31,,
DEMO-FR-0248,True,mock-insurance-v2,FR,XA-073-KR,XA073KR,Volkswagen,Golf,silver,DEMO-FR-INS-02,Loire Demo Motor (fictional),Conducteur fictif FR 0248,conducteur-fr-0248@example.test,Gestionnaire fictif DEMO-FR-INS-02,sinistres@demo-fr-ins-02.test,DEMO-FR-POL-0248,2026-01-01,2026-12-31,,
DEMO-FR-0249,True,mock-insurance-v2,FR,XJ-653-FX,XJ653FX,Peugeot,208,white,DEMO-FR-INS-03,Alpes Demo Assurance (fictional),Conducteur fictif FR 0249,conducteur-fr-0249@example.test,Gestionnaire fictif DEMO-FR-INS-03,sinistres@demo-fr-ins-03.test,DEMO-FR-POL-0249,2026-01-01,2026-12-31,,
DEMO-FR-0250,True,mock-insurance-v2,FR,MX-960-YV,MX960YV,Volkswagen,Golf,blue,DEMO-FR-INS-04,Rivage Demo Auto (fictional),Conducteur fictif FR 0250,conducteur-fr-0250@example.test,Gestionnaire fictif DEMO-FR-INS-04,sinistres@demo-fr-ins-04.test,DEMO-FR-POL-0250,2026-01-01,2026-12-31,,
DEMO-FR-0251,True,mock-insurance-v2,FR,FL-848-WX,FL848WX,BMW,3 Series,grey,DEMO-FR-INS-00,Hexagone Demo Assurance (fictional),Conducteur fictif FR 0251,conducteur-fr-0251@example.test,Gestionnaire fictif DEMO-FR-INS-00,sinistres@demo-fr-ins-00.test,DEMO-FR-POL-0251,2026-01-01,2026-12-31,,
DEMO-FR-0252,True,mock-insurance-v2,FR,AK-910-GX,AK910GX,Volkswagen,Golf,silver,DEMO-FR-INS-01,Azur Demo Auto (fictional),Conducteur fictif FR 0252,conducteur-fr-0252@example.test,Gestionnaire fictif DEMO-FR-INS-01,sinistres@demo-fr-ins-01.test,DEMO-FR-POL-0252,2026-01-01,2026-12-31,,
DEMO-FR-0253,True,mock-insurance-v2,FR,ML-117-AF,ML117AF,Renault,Clio,red,DEMO-FR-INS-02,Loire Demo Motor (fictional),Conducteur fictif FR 0253,conducteur-fr-0253@example.test,Gestionnaire fictif DEMO-FR-INS-02,sinistres@demo-fr-ins-02.test,DEMO-FR-POL-0253,2026-01-01,2026-12-31,,
DEMO-FR-0254,True,mock-insurance-v2,FR,NE-144-NB,NE144NB,Renault,Clio,grey,DEMO-FR-INS-03,Alpes Demo Assurance (fictional),Conducteur fictif FR 0254,conducteur-fr-0254@example.test,Gestionnaire fictif DEMO-FR-INS-03,sinistres@demo-fr-ins-03.test,DEMO-FR-POL-0254,2026-01-01,2026-12-31,,
DEMO-FR-0255,True,mock-insurance-v2,FR,LZ-902-FK,LZ902FK,Volkswagen,Golf,silver,DEMO-FR-INS-04,Rivage Demo Auto (fictional),Conducteur fictif FR 0255,conducteur-fr-0255@example.test,Gestionnaire fictif DEMO-FR-INS-04,sinistres@demo-fr-ins-04.test,DEMO-FR-POL-0255,2026-01-01,2026-12-31,,
DEMO-FR-0256,True,mock-insurance-v2,FR,CV-221-GT,CV221GT,Peugeot,208,black,DEMO-FR-INS-00,Hexagone Demo Assurance (fictional),Conducteur fictif FR 0256,conducteur-fr-0256@example.test,Gestionnaire fictif DEMO-FR-INS-00,sinistres@demo-fr-ins-00.test,DEMO-FR-POL-0256,2026-01-01,2026-12-31,,
DEMO-FR-0257,True,mock-insurance-v2,FR,VD-851-FM,VD851FM,Ford,Focus,grey,DEMO-FR-INS-01,Azur Demo Auto (fictional),Conducteur fictif FR 0257,conducteur-fr-0257@example.test,Gestionnaire fictif DEMO-FR-INS-01,sinistres@demo-fr-ins-01.test,DEMO-FR-POL-0257,2026-01-01,2026-12-31,,
DEMO-FR-0258,True,mock-insurance-v2,FR,PY-890-VC,PY890VC,BMW,3 Series,silver,DEMO-FR-INS-02,Loire Demo Motor (fictional),Conducteur fictif FR 0258,conducteur-fr-0258@example.test,Gestionnaire fictif DEMO-FR-INS-02,sinistres@demo-fr-ins-02.test,DEMO-FR-POL-0258,2026-01-01,2026-12-31,,
DEMO-FR-0259,True,mock-insurance-v2,FR,EN-629-TM,EN629TM,Ford,Focus,black,DEMO-FR-INS-03,Alpes Demo Assurance (fictional),Conducteur fictif FR 0259,conducteur-fr-0259@example.test,Gestionnaire fictif DEMO-FR-INS-03,sinistres@demo-fr-ins-03.test,DEMO-FR-POL-0259,2026-01-01,2026-12-31,,
DEMO-FR-0260,True,mock-insurance-v2,FR,MC-090-KE,MC090KE,Toyota,Yaris,silver,DEMO-FR-INS-04,Rivage Demo Auto (fictional),Conducteur fictif FR 0260,conducteur-fr-0260@example.test,Gestionnaire fictif DEMO-FR-INS-04,sinistres@demo-fr-ins-04.test,DEMO-FR-POL-0260,2026-01-01,2026-12-31,,
DEMO-FR-0261,True,mock-insurance-v2,FR,DS-794-ZZ,DS794ZZ,Volkswagen,Golf,white,DEMO-FR-INS-00,Hexagone Demo Assurance (fictional),Conducteur fictif FR 0261,conducteur-fr-0261@example.test,Gestionnaire fictif DEMO-FR-INS-00,sinistres@demo-fr-ins-00.test,DEMO-FR-POL-0261,2026-01-01,2026-12-31,,
DEMO-FR-0262,True,mock-insurance-v2,FR,TE-325-AZ,TE325AZ,BMW,3 Series,white,DEMO-FR-INS-01,Azur Demo Auto (fictional),Conducteur fictif FR 0262,conducteur-fr-0262@example.test,Gestionnaire fictif DEMO-FR-INS-01,sinistres@demo-fr-ins-01.test,DEMO-FR-POL-0262,2026-01-01,2026-12-31,,
DEMO-FR-0263,True,mock-insurance-v2,FR,LE-667-BA,LE667BA,Volkswagen,Golf,red,DEMO-FR-INS-02,Loire Demo Motor (fictional),Conducteur fictif FR 0263,conducteur-fr-0263@example.test,Gestionnaire fictif DEMO-FR-INS-02,sinistres@demo-fr-ins-02.test,DEMO-FR-POL-0263,2026-01-01,2026-12-31,,
DEMO-FR-0264,True,mock-insurance-v2,FR,AB-380-DJ,AB380DJ,Renault,Clio,black,DEMO-FR-INS-03,Alpes Demo Assurance (fictional),Conducteur fictif FR 0264,conducteur-fr-0264@example.test,Gestionnaire fictif DEMO-FR-INS-03,sinistres@demo-fr-ins-03.test,DEMO-FR-POL-0264,2026-01-01,2026-12-31,,
DEMO-FR-0265,True,mock-insurance-v2,FR,XV-290-YV,XV290YV,Peugeot,208,blue,DEMO-FR-INS-04,Rivage Demo Auto (fictional),Conducteur fictif FR 0265,conducteur-fr-0265@example.test,Gestionnaire fictif DEMO-FR-INS-04,sinistres@demo-fr-ins-04.test,DEMO-FR-POL-0265,2026-01-01,2026-12-31,,
DEMO-FR-0266,True,mock-insurance-v2,FR,NP-139-LY,NP139LY,Ford,Focus,grey,DEMO-FR-INS-00,Hexagone Demo Assurance (fictional),Conducteur fictif FR 0266,conducteur-fr-0266@example.test,Gestionnaire fictif DEMO-FR-INS-00,sinistres@demo-fr-ins-00.test,DEMO-FR-POL-0266,2026-01-01,2026-12-31,,
DEMO-FR-0267,True,mock-insurance-v2,FR,ZR-536-LA,ZR536LA,Ford,Focus,white,DEMO-FR-INS-01,Azur Demo Auto (fictional),Conducteur fictif FR 0267,conducteur-fr-0267@example.test,Gestionnaire fictif DEMO-FR-INS-01,sinistres@demo-fr-ins-01.test,DEMO-FR-POL-0267,2026-01-01,2026-12-31,,
DEMO-FR-0268,True,mock-insurance-v2,FR,XH-396-GP,XH396GP,Peugeot,208,red,DEMO-FR-INS-02,Loire Demo Motor (fictional),Conducteur fictif FR 0268,conducteur-fr-0268@example.test,Gestionnaire fictif DEMO-FR-INS-02,sinistres@demo-fr-ins-02.test,DEMO-FR-POL-0268,2026-01-01,2026-12-31,,
DEMO-FR-0269,True,mock-insurance-v2,FR,RV-020-FY,RV020FY,Peugeot,208,white,DEMO-FR-INS-03,Alpes Demo Assurance (fictional),Conducteur fictif FR 0269,conducteur-fr-0269@example.test,Gestionnaire fictif DEMO-FR-INS-03,sinistres@demo-fr-ins-03.test,DEMO-FR-POL-0269,2026-01-01,2026-12-31,,
DEMO-FR-0270,True,mock-insurance-v2,FR,NC-334-YS,NC334YS,BMW,3 Series,black,DEMO-FR-INS-04,Rivage Demo Auto (fictional),Conducteur fictif FR 0270,conducteur-fr-0270@example.test,Gestionnaire fictif DEMO-FR-INS-04,sinistres@demo-fr-ins-04.test,DEMO-FR-POL-0270,2026-01-01,2026-12-31,,
DEMO-FR-0271,True,mock-insurance-v2,FR,EY-757-CJ,EY757CJ,Ford,Focus,silver,DEMO-FR-INS-00,Hexagone Demo Assurance (fictional),Conducteur fictif FR 0271,conducteur-fr-0271@example.test,Gestionnaire fictif DEMO-FR-INS-00,sinistres@demo-fr-ins-00.test,DEMO-FR-POL-0271,2026-01-01,2026-12-31,,
DEMO-FR-0272,True,mock-insurance-v2,FR,XP-264-FN,XP264FN,Peugeot,208,red,DEMO-FR-INS-01,Azur Demo Auto (fictional),Conducteur fictif FR 0272,conducteur-fr-0272@example.test,Gestionnaire fictif DEMO-FR-INS-01,sinistres@demo-fr-ins-01.test,DEMO-FR-POL-0272,2026-01-01,2026-12-31,,
DEMO-FR-0273,True,mock-insurance-v2,FR,GS-634-YA,GS634YA,Ford,Focus,black,DEMO-FR-INS-02,Loire Demo Motor (fictional),Conducteur fictif FR 0273,conducteur-fr-0273@example.test,Gestionnaire fictif DEMO-FR-INS-02,sinistres@demo-fr-ins-02.test,DEMO-FR-POL-0273,2026-01-01,2026-12-31,,
DEMO-FR-0274,True,mock-insurance-v2,FR,GF-192-PL,GF192PL,Ford,Focus,grey,DEMO-FR-INS-03,Alpes Demo Assurance (fictional),Conducteur fictif FR 0274,conducteur-fr-0274@example.test,Gestionnaire fictif DEMO-FR-INS-03,sinistres@demo-fr-ins-03.test,DEMO-FR-POL-0274,2026-01-01,2026-12-31,,
DEMO-FR-0275,True,mock-insurance-v2,FR,ZG-090-DW,ZG090DW,BMW,3 Series,silver,DEMO-FR-INS-04,Rivage Demo Auto (fictional),Conducteur fictif FR 0275,conducteur-fr-0275@example.test,Gestionnaire fictif DEMO-FR-INS-04,sinistres@demo-fr-ins-04.test,DEMO-FR-POL-0275,2026-01-01,2026-12-31,,
DEMO-FR-0276,True,mock-insurance-v2,FR,VK-896-GC,VK896GC,Toyota,Yaris,silver,DEMO-FR-INS-00,Hexagone Demo Assurance (fictional),Conducteur fictif FR 0276,conducteur-fr-0276@example.test,Gestionnaire fictif DEMO-FR-INS-00,sinistres@demo-fr-ins-00.test,DEMO-FR-POL-0276,2026-01-01,2026-12-31,,
DEMO-FR-0277,True,mock-insurance-v2,FR,LS-175-JD,LS175JD,Volkswagen,Golf,black,DEMO-FR-INS-01,Azur Demo Auto (fictional),Conducteur fictif FR 0277,conducteur-fr-0277@example.test,Gestionnaire fictif DEMO-FR-INS-01,sinistres@demo-fr-ins-01.test,DEMO-FR-POL-0277,2026-01-01,2026-12-31,,
DEMO-FR-0278,True,mock-insurance-v2,FR,VD-279-SM,VD279SM,Volkswagen,Golf,white,DEMO-FR-INS-02,Loire Demo Motor (fictional),Conducteur fictif FR 0278,conducteur-fr-0278@example.test,Gestionnaire fictif DEMO-FR-INS-02,sinistres@demo-fr-ins-02.test,DEMO-FR-POL-0278,2026-01-01,2026-12-31,,
DEMO-FR-0279,True,mock-insurance-v2,FR,EW-175-WW,EW175WW,Renault,Clio,blue,DEMO-FR-INS-03,Alpes Demo Assurance (fictional),Conducteur fictif FR 0279,conducteur-fr-0279@example.test,Gestionnaire fictif DEMO-FR-INS-03,sinistres@demo-fr-ins-03.test,DEMO-FR-POL-0279,2026-01-01,2026-12-31,,
DEMO-FR-0280,True,mock-insurance-v2,FR,NB-876-FE,NB876FE,Volkswagen,Golf,grey,DEMO-FR-INS-04,Rivage Demo Auto (fictional),Conducteur fictif FR 0280,conducteur-fr-0280@example.test,Gestionnaire fictif DEMO-FR-INS-04,sinistres@demo-fr-ins-04.test,DEMO-FR-POL-0280,2026-01-01,2026-12-31,,
DEMO-FR-0281,True,mock-insurance-v2,FR,KG-078-GA,KG078GA,Renault,Clio,blue,DEMO-FR-INS-00,Hexagone Demo Assurance (fictional),Conducteur fictif FR 0281,conducteur-fr-0281@example.test,Gestionnaire fictif DEMO-FR-INS-00,sinistres@demo-fr-ins-00.test,DEMO-FR-POL-0281,2026-01-01,2026-12-31,,
DEMO-FR-0282,True,mock-insurance-v2,FR,FK-077-GS,FK077GS,BMW,3 Series,silver,DEMO-FR-INS-01,Azur Demo Auto (fictional),Conducteur fictif FR 0282,conducteur-fr-0282@example.test,Gestionnaire fictif DEMO-FR-INS-01,sinistres@demo-fr-ins-01.test,DEMO-FR-POL-0282,2026-01-01,2026-12-31,,
DEMO-FR-0283,True,mock-insurance-v2,FR,HV-519-EA,HV519EA,Ford,Focus,black,DEMO-FR-INS-02,Loire Demo Motor (fictional),Conducteur fictif FR 0283,conducteur-fr-0283@example.test,Gestionnaire fictif DEMO-FR-INS-02,sinistres@demo-fr-ins-02.test,DEMO-FR-POL-0283,2026-01-01,2026-12-31,,
DEMO-FR-0284,True,mock-insurance-v2,FR,FA-987-NL,FA987NL,Volkswagen,Golf,red,DEMO-FR-INS-03,Alpes Demo Assurance (fictional),Conducteur fictif FR 0284,conducteur-fr-0284@example.test,Gestionnaire fictif DEMO-FR-INS-03,sinistres@demo-fr-ins-03.test,DEMO-FR-POL-0284,2026-01-01,2026-12-31,,
DEMO-FR-0285,True,mock-insurance-v2,FR,ZM-992-AF,ZM992AF,Peugeot,208,silver,DEMO-FR-INS-04,Rivage Demo Auto (fictional),Conducteur fictif FR 0285,conducteur-fr-0285@example.test,Gestionnaire fictif DEMO-FR-INS-04,sinistres@demo-fr-ins-04.test,DEMO-FR-POL-0285,2026-01-01,2026-12-31,,
DEMO-FR-0286,True,mock-insurance-v2,FR,KF-739-TE,KF739TE,Ford,Focus,red,DEMO-FR-INS-00,Hexagone Demo Assurance (fictional),Conducteur fictif FR 0286,conducteur-fr-0286@example.test,Gestionnaire fictif DEMO-FR-INS-00,sinistres@demo-fr-ins-00.test,DEMO-FR-POL-0286,2026-01-01,2026-12-31,,
DEMO-FR-0287,True,mock-insurance-v2,FR,LC-522-KN,LC522KN,Renault,Clio,white,DEMO-FR-INS-01,Azur Demo Auto (fictional),Conducteur fictif FR 0287,conducteur-fr-0287@example.test,Gestionnaire fictif DEMO-FR-INS-01,sinistres@demo-fr-ins-01.test,DEMO-FR-POL-0287,2026-01-01,2026-12-31,,
DEMO-FR-0288,True,mock-insurance-v2,FR,BB-929-HK,BB929HK,Volkswagen,Golf,black,DEMO-FR-INS-02,Loire Demo Motor (fictional),Conducteur fictif FR 0288,conducteur-fr-0288@example.test,Gestionnaire fictif DEMO-FR-INS-02,sinistres@demo-fr-ins-02.test,DEMO-FR-POL-0288,2026-01-01,2026-12-31,,
DEMO-FR-0289,True,mock-insurance-v2,FR,FR-048-AV,FR048AV,Peugeot,208,white,DEMO-FR-INS-03,Alpes Demo Assurance (fictional),Conducteur fictif FR 0289,conducteur-fr-0289@example.test,Gestionnaire fictif DEMO-FR-INS-03,sinistres@demo-fr-ins-03.test,DEMO-FR-POL-0289,2026-01-01,2026-12-31,,
DEMO-FR-0290,True,mock-insurance-v2,FR,VM-495-MN,VM495MN,Ford,Focus,red,DEMO-FR-INS-04,Rivage Demo Auto (fictional),Conducteur fictif FR 0290,conducteur-fr-0290@example.test,Gestionnaire fictif DEMO-FR-INS-04,sinistres@demo-fr-ins-04.test,DEMO-FR-POL-0290,2026-01-01,2026-12-31,,
DEMO-FR-0291,True,mock-insurance-v2,FR,RL-819-AG,RL819AG,Volkswagen,Golf,black,DEMO-FR-INS-00,Hexagone Demo Assurance (fictional),Conducteur fictif FR 0291,conducteur-fr-0291@example.test,Gestionnaire fictif DEMO-FR-INS-00,sinistres@demo-fr-ins-00.test,DEMO-FR-POL-0291,2026-01-01,2026-12-31,,
DEMO-FR-0292,True,mock-insurance-v2,FR,PM-464-CD,PM464CD,Ford,Focus,silver,DEMO-FR-INS-01,Azur Demo Auto (fictional),Conducteur fictif FR 0292,conducteur-fr-0292@example.test,Gestionnaire fictif DEMO-FR-INS-01,sinistres@demo-fr-ins-01.test,DEMO-FR-POL-0292,2026-01-01,2026-12-31,,
DEMO-FR-0293,True,mock-insurance-v2,FR,JN-367-JD,JN367JD,Peugeot,208,silver,DEMO-FR-INS-02,Loire Demo Motor (fictional),Conducteur fictif FR 0293,conducteur-fr-0293@example.test,Gestionnaire fictif DEMO-FR-INS-02,sinistres@demo-fr-ins-02.test,DEMO-FR-POL-0293,2026-01-01,2026-12-31,,
DEMO-FR-0294,True,mock-insurance-v2,FR,WL-274-CN,WL274CN,Volkswagen,Golf,grey,DEMO-FR-INS-03,Alpes Demo Assurance (fictional),Conducteur fictif FR 0294,conducteur-fr-0294@example.test,Gestionnaire fictif DEMO-FR-INS-03,sinistres@demo-fr-ins-03.test,DEMO-FR-POL-0294,2026-01-01,2026-12-31,,
DEMO-FR-0295,True,mock-insurance-v2,FR,TF-410-KZ,TF410KZ,Volkswagen,Golf,white,DEMO-FR-INS-04,Rivage Demo Auto (fictional),Conducteur fictif FR 0295,conducteur-fr-0295@example.test,Gestionnaire fictif DEMO-FR-INS-04,sinistres@demo-fr-ins-04.test,DEMO-FR-POL-0295,2026-01-01,2026-12-31,,
DEMO-FR-0296,True,mock-insurance-v2,FR,NH-560-PN,NH560PN,Peugeot,208,grey,DEMO-FR-INS-00,Hexagone Demo Assurance (fictional),Conducteur fictif FR 0296,conducteur-fr-0296@example.test,Gestionnaire fictif DEMO-FR-INS-00,sinistres@demo-fr-ins-00.test,DEMO-FR-POL-0296,2026-01-01,2026-12-31,,
DEMO-FR-0297,True,mock-insurance-v2,FR,LE-067-FA,LE067FA,Renault,Clio,blue,DEMO-FR-INS-01,Azur Demo Auto (fictional),Conducteur fictif FR 0297,conducteur-fr-0297@example.test,Gestionnaire fictif DEMO-FR-INS-01,sinistres@demo-fr-ins-01.test,DEMO-FR-POL-0297,2026-01-01,2026-12-31,,
DEMO-FR-0298,True,mock-insurance-v2,FR,SX-768-PS,SX768PS,Renault,Clio,blue,DEMO-FR-INS-02,Loire Demo Motor (fictional),Conducteur fictif FR 0298,conducteur-fr-0298@example.test,Gestionnaire fictif DEMO-FR-INS-02,sinistres@demo-fr-ins-02.test,DEMO-FR-POL-0298,2026-01-01,2026-12-31,,
DEMO-FR-0299,True,mock-insurance-v2,FR,DX-874-SY,DX874SY,Volkswagen,Golf,grey,DEMO-FR-INS-03,Alpes Demo Assurance (fictional),Conducteur fictif FR 0299,conducteur-fr-0299@example.test,Gestionnaire fictif DEMO-FR-INS-03,sinistres@demo-fr-ins-03.test,DEMO-FR-POL-0299,2026-01-01,2026-12-31,,
DEMO-FR-0300,True,mock-insurance-v2,FR,LS-938-GC,LS938GC,Renault,Clio,blue,DEMO-FR-INS-04,Rivage Demo Auto (fictional),Conducteur fictif FR 0300,conducteur-fr-0300@example.test,Gestionnaire fictif DEMO-FR-INS-04,sinistres@demo-fr-ins-04.test,DEMO-FR-POL-0300,2026-01-01,2026-12-31,,
DEMO-FR-0301,True,mock-insurance-v2,FR,SH-419-KX,SH419KX,Peugeot,208,blue,DEMO-FR-INS-00,Hexagone Demo Assurance (fictional),Conducteur fictif FR 0301,conducteur-fr-0301@example.test,Gestionnaire fictif DEMO-FR-INS-00,sinistres@demo-fr-ins-00.test,DEMO-FR-POL-0301,2026-01-01,2026-12-31,,
DEMO-FR-0302,True,mock-insurance-v2,FR,WK-327-XR,WK327XR,Renault,Clio,black,DEMO-FR-INS-01,Azur Demo Auto (fictional),Conducteur fictif FR 0302,conducteur-fr-0302@example.test,Gestionnaire fictif DEMO-FR-INS-01,sinistres@demo-fr-ins-01.test,DEMO-FR-POL-0302,2026-01-01,2026-12-31,,
DEMO-FR-0303,True,mock-insurance-v2,FR,EK-993-WE,EK993WE,Volkswagen,Golf,white,DEMO-FR-INS-02,Loire Demo Motor (fictional),Conducteur fictif FR 0303,conducteur-fr-0303@example.test,Gestionnaire fictif DEMO-FR-INS-02,sinistres@demo-fr-ins-02.test,DEMO-FR-POL-0303,2026-01-01,2026-12-31,,
DEMO-FR-0304,True,mock-insurance-v2,FR,RE-978-XH,RE978XH,Volkswagen,Golf,silver,DEMO-FR-INS-03,Alpes Demo Assurance (fictional),Conducteur fictif FR 0304,conducteur-fr-0304@example.test,Gestionnaire fictif DEMO-FR-INS-03,sinistres@demo-fr-ins-03.test,DEMO-FR-POL-0304,2026-01-01,2026-12-31,,
DEMO-FR-0305,True,mock-insurance-v2,FR,GX-318-RN,GX318RN,Volkswagen,Golf,silver,DEMO-FR-INS-04,Rivage Demo Auto (fictional),Conducteur fictif FR 0305,conducteur-fr-0305@example.test,Gestionnaire fictif DEMO-FR-INS-04,sinistres@demo-fr-ins-04.test,DEMO-FR-POL-0305,2026-01-01,2026-12-31,,
DEMO-FR-0306,True,mock-insurance-v2,FR,ZS-643-ZB,ZS643ZB,Peugeot,208,white,DEMO-FR-INS-00,Hexagone Demo Assurance (fictional),Conducteur fictif FR 0306,conducteur-fr-0306@example.test,Gestionnaire fictif DEMO-FR-INS-00,sinistres@demo-fr-ins-00.test,DEMO-FR-POL-0306,2026-01-01,2026-12-31,,
DEMO-FR-0307,True,mock-insurance-v2,FR,PR-155-AH,PR155AH,Peugeot,208,white,DEMO-FR-INS-01,Azur Demo Auto (fictional),Conducteur fictif FR 0307,conducteur-fr-0307@example.test,Gestionnaire fictif DEMO-FR-INS-01,sinistres@demo-fr-ins-01.test,DEMO-FR-POL-0307,2026-01-01,2026-12-31,,
DEMO-FR-0308,True,mock-insurance-v2,FR,SG-058-AS,SG058AS,Toyota,Yaris,black,DEMO-FR-INS-02,Loire Demo Motor (fictional),Conducteur fictif FR 0308,conducteur-fr-0308@example.test,Gestionnaire fictif DEMO-FR-INS-02,sinistres@demo-fr-ins-02.test,DEMO-FR-POL-0308,2026-01-01,2026-12-31,,
DEMO-FR-0309,True,mock-insurance-v2,FR,TZ-077-RS,TZ077RS,BMW,3 Series,silver,DEMO-FR-INS-03,Alpes Demo Assurance (fictional),Conducteur fictif FR 0309,conducteur-fr-0309@example.test,Gestionnaire fictif DEMO-FR-INS-03,sinistres@demo-fr-ins-03.test,DEMO-FR-POL-0309,2026-01-01,2026-12-31,,
DEMO-FR-0310,True,mock-insurance-v2,FR,CJ-707-LT,CJ707LT,Peugeot,208,black,DEMO-FR-INS-04,Rivage Demo Auto (fictional),Conducteur fictif FR 0310,conducteur-fr-0310@example.test,Gestionnaire fictif DEMO-FR-INS-04,sinistres@demo-fr-ins-04.test,DEMO-FR-POL-0310,2026-01-01,2026-12-31,,
DEMO-FR-0311,True,mock-insurance-v2,FR,SA-097-LV,SA097LV,Peugeot,208,grey,DEMO-FR-INS-00,Hexagone Demo Assurance (fictional),Conducteur fictif FR 0311,conducteur-fr-0311@example.test,Gestionnaire fictif DEMO-FR-INS-00,sinistres@demo-fr-ins-00.test,DEMO-FR-POL-0311,2026-01-01,2026-12-31,,
DEMO-FR-0312,True,mock-insurance-v2,FR,NT-090-GH,NT090GH,Peugeot,208,red,DEMO-FR-INS-01,Azur Demo Auto (fictional),Conducteur fictif FR 0312,conducteur-fr-0312@example.test,Gestionnaire fictif DEMO-FR-INS-01,sinistres@demo-fr-ins-01.test,DEMO-FR-POL-0312,2026-01-01,2026-12-31,,
DEMO-FR-0313,True,mock-insurance-v2,FR,JR-011-XB,JR011XB,Volkswagen,Golf,blue,DEMO-FR-INS-02,Loire Demo Motor (fictional),Conducteur fictif FR 0313,conducteur-fr-0313@example.test,Gestionnaire fictif DEMO-FR-INS-02,sinistres@demo-fr-ins-02.test,DEMO-FR-POL-0313,2026-01-01,2026-12-31,,
DEMO-FR-0314,True,mock-insurance-v2,FR,HX-526-CF,HX526CF,Volkswagen,Golf,silver,DEMO-FR-INS-03,Alpes Demo Assurance (fictional),Conducteur fictif FR 0314,conducteur-fr-0314@example.test,Gestionnaire fictif DEMO-FR-INS-03,sinistres@demo-fr-ins-03.test,DEMO-FR-POL-0314,2026-01-01,2026-12-31,,
DEMO-FR-0315,True,mock-insurance-v2,FR,AA-653-VZ,AA653VZ,Volkswagen,Golf,white,DEMO-FR-INS-04,Rivage Demo Auto (fictional),Conducteur fictif FR 0315,conducteur-fr-0315@example.test,Gestionnaire fictif DEMO-FR-INS-04,sinistres@demo-fr-ins-04.test,DEMO-FR-POL-0315,2026-01-01,2026-12-31,,
DEMO-FR-0316,True,mock-insurance-v2,FR,DT-597-EC,DT597EC,Volkswagen,Golf,white,DEMO-FR-INS-00,Hexagone Demo Assurance (fictional),Conducteur fictif FR 0316,conducteur-fr-0316@example.test,Gestionnaire fictif DEMO-FR-INS-00,sinistres@demo-fr-ins-00.test,DEMO-FR-POL-0316,2026-01-01,2026-12-31,,
DEMO-FR-0317,True,mock-insurance-v2,FR,SP-082-DA,SP082DA,Toyota,Yaris,silver,DEMO-FR-INS-01,Azur Demo Auto (fictional),Conducteur fictif FR 0317,conducteur-fr-0317@example.test,Gestionnaire fictif DEMO-FR-INS-01,sinistres@demo-fr-ins-01.test,DEMO-FR-POL-0317,2026-01-01,2026-12-31,,
DEMO-FR-0318,True,mock-insurance-v2,FR,FT-429-HL,FT429HL,Ford,Focus,grey,DEMO-FR-INS-02,Loire Demo Motor (fictional),Conducteur fictif FR 0318,conducteur-fr-0318@example.test,Gestionnaire fictif DEMO-FR-INS-02,sinistres@demo-fr-ins-02.test,DEMO-FR-POL-0318,2026-01-01,2026-12-31,,
DEMO-FR-0319,True,mock-insurance-v2,FR,WJ-697-TR,WJ697TR,Toyota,Yaris,blue,DEMO-FR-INS-03,Alpes Demo Assurance (fictional),Conducteur fictif FR 0319,conducteur-fr-0319@example.test,Gestionnaire fictif DEMO-FR-INS-03,sinistres@demo-fr-ins-03.test,DEMO-FR-POL-0319,2026-01-01,2026-12-31,,
DEMO-FR-0320,True,mock-insurance-v2,FR,YD-460-ZT,YD460ZT,BMW,3 Series,silver,DEMO-FR-INS-04,Rivage Demo Auto (fictional),Conducteur fictif FR 0320,conducteur-fr-0320@example.test,Gestionnaire fictif DEMO-FR-INS-04,sinistres@demo-fr-ins-04.test,DEMO-FR-POL-0320,2026-01-01,2026-12-31,,
DEMO-FR-0321,True,mock-insurance-v2,FR,HD-623-TF,HD623TF,Volkswagen,Golf,red,DEMO-FR-INS-00,Hexagone Demo Assurance (fictional),Conducteur fictif FR 0321,conducteur-fr-0321@example.test,Gestionnaire fictif DEMO-FR-INS-00,sinistres@demo-fr-ins-00.test,DEMO-FR-POL-0321,2026-01-01,2026-12-31,,
DEMO-FR-0322,True,mock-insurance-v2,FR,SJ-663-JA,SJ663JA,BMW,3 Series,blue,DEMO-FR-INS-01,Azur Demo Auto (fictional),Conducteur fictif FR 0322,conducteur-fr-0322@example.test,Gestionnaire fictif DEMO-FR-INS-01,sinistres@demo-fr-ins-01.test,DEMO-FR-POL-0322,2026-01-01,2026-12-31,,
DEMO-FR-0323,True,mock-insurance-v2,FR,VL-909-PH,VL909PH,BMW,3 Series,silver,DEMO-FR-INS-02,Loire Demo Motor (fictional),Conducteur fictif FR 0323,conducteur-fr-0323@example.test,Gestionnaire fictif DEMO-FR-INS-02,sinistres@demo-fr-ins-02.test,DEMO-FR-POL-0323,2026-01-01,2026-12-31,,
DEMO-FR-0324,True,mock-insurance-v2,FR,TK-552-FF,TK552FF,BMW,3 Series,grey,DEMO-FR-INS-03,Alpes Demo Assurance (fictional),Conducteur fictif FR 0324,conducteur-fr-0324@example.test,Gestionnaire fictif DEMO-FR-INS-03,sinistres@demo-fr-ins-03.test,DEMO-FR-POL-0324,2026-01-01,2026-12-31,,
DEMO-FR-0325,True,mock-insurance-v2,FR,GD-845-YE,GD845YE,Ford,Focus,red,DEMO-FR-INS-04,Rivage Demo Auto (fictional),Conducteur fictif FR 0325,conducteur-fr-0325@example.test,Gestionnaire fictif DEMO-FR-INS-04,sinistres@demo-fr-ins-04.test,DEMO-FR-POL-0325,2026-01-01,2026-12-31,,
DEMO-FR-0326,True,mock-insurance-v2,FR,HV-382-VF,HV382VF,Volkswagen,Golf,grey,DEMO-FR-INS-00,Hexagone Demo Assurance (fictional),Conducteur fictif FR 0326,conducteur-fr-0326@example.test,Gestionnaire fictif DEMO-FR-INS-00,sinistres@demo-fr-ins-00.test,DEMO-FR-POL-0326,2026-01-01,2026-12-31,,
DEMO-FR-0327,True,mock-insurance-v2,FR,ET-904-AR,ET904AR,Ford,Focus,blue,DEMO-FR-INS-01,Azur Demo Auto (fictional),Conducteur fictif FR 0327,conducteur-fr-0327@example.test,Gestionnaire fictif DEMO-FR-INS-01,sinistres@demo-fr-ins-01.test,DEMO-FR-POL-0327,2026-01-01,2026-12-31,,
DEMO-FR-0328,True,mock-insurance-v2,FR,HE-375-PE,HE375PE,Volkswagen,Golf,white,DEMO-FR-INS-02,Loire Demo Motor (fictional),Conducteur fictif FR 0328,conducteur-fr-0328@example.test,Gestionnaire fictif DEMO-FR-INS-02,sinistres@demo-fr-ins-02.test,DEMO-FR-POL-0328,2026-01-01,2026-12-31,,
DEMO-FR-0329,True,mock-insurance-v2,FR,TZ-811-DJ,TZ811DJ,Peugeot,208,blue,DEMO-FR-INS-03,Alpes Demo Assurance (fictional),Conducteur fictif FR 0329,conducteur-fr-0329@example.test,Gestionnaire fictif DEMO-FR-INS-03,sinistres@demo-fr-ins-03.test,DEMO-FR-POL-0329,2026-01-01,2026-12-31,,
DEMO-FR-0330,True,mock-insurance-v2,FR,LM-561-SZ,LM561SZ,Renault,Clio,blue,DEMO-FR-INS-04,Rivage Demo Auto (fictional),Conducteur fictif FR 0330,conducteur-fr-0330@example.test,Gestionnaire fictif DEMO-FR-INS-04,sinistres@demo-fr-ins-04.test,DEMO-FR-POL-0330,2026-01-01,2026-12-31,,
DEMO-FR-0331,True,mock-insurance-v2,FR,FC-844-NA,FC844NA,Peugeot,208,blue,DEMO-FR-INS-00,Hexagone Demo Assurance (fictional),Conducteur fictif FR 0331,conducteur-fr-0331@example.test,Gestionnaire fictif DEMO-FR-INS-00,sinistres@demo-fr-ins-00.test,DEMO-FR-POL-0331,2026-01-01,2026-12-31,,
DEMO-FR-0332,True,mock-insurance-v2,FR,TH-060-ST,TH060ST,Ford,Focus,grey,DEMO-FR-INS-01,Azur Demo Auto (fictional),Conducteur fictif FR 0332,conducteur-fr-0332@example.test,Gestionnaire fictif DEMO-FR-INS-01,sinistres@demo-fr-ins-01.test,DEMO-FR-POL-0332,2026-01-01,2026-12-31,,
DEMO-FR-0333,True,mock-insurance-v2,FR,ZC-597-ZL,ZC597ZL,BMW,3 Series,grey,DEMO-FR-INS-02,Loire Demo Motor (fictional),Conducteur fictif FR 0333,conducteur-fr-0333@example.test,Gestionnaire fictif DEMO-FR-INS-02,sinistres@demo-fr-ins-02.test,DEMO-FR-POL-0333,2026-01-01,2026-12-31,,
DEMO-FR-0334,True,mock-insurance-v2,FR,LZ-163-XN,LZ163XN,Peugeot,208,grey,DEMO-FR-INS-03,Alpes Demo Assurance (fictional),Conducteur fictif FR 0334,conducteur-fr-0334@example.test,Gestionnaire fictif DEMO-FR-INS-03,sinistres@demo-fr-ins-03.test,DEMO-FR-POL-0334,2026-01-01,2026-12-31,,
DEMO-FR-0335,True,mock-insurance-v2,FR,RG-717-YG,RG717YG,Volkswagen,Golf,black,DEMO-FR-INS-04,Rivage Demo Auto (fictional),Conducteur fictif FR 0335,conducteur-fr-0335@example.test,Gestionnaire fictif DEMO-FR-INS-04,sinistres@demo-fr-ins-04.test,DEMO-FR-POL-0335,2026-01-01,2026-12-31,,
DEMO-FR-0336,True,mock-insurance-v2,FR,AC-607-LR,AC607LR,Toyota,Yaris,grey,DEMO-FR-INS-00,Hexagone Demo Assurance (fictional),Conducteur fictif FR 0336,conducteur-fr-0336@example.test,Gestionnaire fictif DEMO-FR-INS-00,sinistres@demo-fr-ins-00.test,DEMO-FR-POL-0336,2026-01-01,2026-12-31,,
DEMO-FR-0337,True,mock-insurance-v2,FR,SZ-259-ED,SZ259ED,Peugeot,208,black,DEMO-FR-INS-01,Azur Demo Auto (fictional),Conducteur fictif FR 0337,conducteur-fr-0337@example.test,Gestionnaire fictif DEMO-FR-INS-01,sinistres@demo-fr-ins-01.test,DEMO-FR-POL-0337,2026-01-01,2026-12-31,,
DEMO-FR-0338,True,mock-insurance-v2,FR,ZD-268-CM,ZD268CM,Renault,Clio,white,DEMO-FR-INS-02,Loire Demo Motor (fictional),Conducteur fictif FR 0338,conducteur-fr-0338@example.test,Gestionnaire fictif DEMO-FR-INS-02,sinistres@demo-fr-ins-02.test,DEMO-FR-POL-0338,2026-01-01,2026-12-31,,
DEMO-FR-0339,True,mock-insurance-v2,FR,EZ-636-NC,EZ636NC,Peugeot,208,grey,DEMO-FR-INS-03,Alpes Demo Assurance (fictional),Conducteur fictif FR 0339,conducteur-fr-0339@example.test,Gestionnaire fictif DEMO-FR-INS-03,sinistres@demo-fr-ins-03.test,DEMO-FR-POL-0339,2026-01-01,2026-12-31,,
DEMO-FR-0340,True,mock-insurance-v2,FR,GV-329-KR,GV329KR,Toyota,Yaris,white,DEMO-FR-INS-04,Rivage Demo Auto (fictional),Conducteur fictif FR 0340,conducteur-fr-0340@example.test,Gestionnaire fictif DEMO-FR-INS-04,sinistres@demo-fr-ins-04.test,DEMO-FR-POL-0340,2026-01-01,2026-12-31,,
DEMO-FR-0341,True,mock-insurance-v2,FR,CH-741-CX,CH741CX,Volkswagen,Golf,grey,DEMO-FR-INS-00,Hexagone Demo Assurance (fictional),Conducteur fictif FR 0341,conducteur-fr-0341@example.test,Gestionnaire fictif DEMO-FR-INS-00,sinistres@demo-fr-ins-00.test,DEMO-FR-POL-0341,2026-01-01,2026-12-31,,
DEMO-FR-0342,True,mock-insurance-v2,FR,HK-676-PB,HK676PB,BMW,3 Series,silver,DEMO-FR-INS-01,Azur Demo Auto (fictional),Conducteur fictif FR 0342,conducteur-fr-0342@example.test,Gestionnaire fictif DEMO-FR-INS-01,sinistres@demo-fr-ins-01.test,DEMO-FR-POL-0342,2026-01-01,2026-12-31,,
DEMO-FR-0343,True,mock-insurance-v2,FR,VX-162-GV,VX162GV,Ford,Focus,grey,DEMO-FR-INS-02,Loire Demo Motor (fictional),Conducteur fictif FR 0343,conducteur-fr-0343@example.test,Gestionnaire fictif DEMO-FR-INS-02,sinistres@demo-fr-ins-02.test,DEMO-FR-POL-0343,2026-01-01,2026-12-31,,
DEMO-FR-0344,True,mock-insurance-v2,FR,DC-519-GS,DC519GS,Peugeot,208,grey,DEMO-FR-INS-03,Alpes Demo Assurance (fictional),Conducteur fictif FR 0344,conducteur-fr-0344@example.test,Gestionnaire fictif DEMO-FR-INS-03,sinistres@demo-fr-ins-03.test,DEMO-FR-POL-0344,2026-01-01,2026-12-31,,
DEMO-FR-0345,True,mock-insurance-v2,FR,SZ-434-WJ,SZ434WJ,Ford,Focus,blue,DEMO-FR-INS-04,Rivage Demo Auto (fictional),Conducteur fictif FR 0345,conducteur-fr-0345@example.test,Gestionnaire fictif DEMO-FR-INS-04,sinistres@demo-fr-ins-04.test,DEMO-FR-POL-0345,2026-01-01,2026-12-31,,
DEMO-FR-0346,True,mock-insurance-v2,FR,SF-299-BG,SF299BG,Ford,Focus,blue,DEMO-FR-INS-00,Hexagone Demo Assurance (fictional),Conducteur fictif FR 0346,conducteur-fr-0346@example.test,Gestionnaire fictif DEMO-FR-INS-00,sinistres@demo-fr-ins-00.test,DEMO-FR-POL-0346,2026-01-01,2026-12-31,,
DEMO-FR-0347,True,mock-insurance-v2,FR,DV-223-VM,DV223VM,Ford,Focus,grey,DEMO-FR-INS-01,Azur Demo Auto (fictional),Conducteur fictif FR 0347,conducteur-fr-0347@example.test,Gestionnaire fictif DEMO-FR-INS-01,sinistres@demo-fr-ins-01.test,DEMO-FR-POL-0347,2026-01-01,2026-12-31,,
DEMO-FR-0348,True,mock-insurance-v2,FR,MB-353-SJ,MB353SJ,Renault,Clio,white,DEMO-FR-INS-02,Loire Demo Motor (fictional),Conducteur fictif FR 0348,conducteur-fr-0348@example.test,Gestionnaire fictif DEMO-FR-INS-02,sinistres@demo-fr-ins-02.test,DEMO-FR-POL-0348,2026-01-01,2026-12-31,,
DEMO-FR-0349,True,mock-insurance-v2,FR,SK-755-NP,SK755NP,Volkswagen,Golf,red,DEMO-FR-INS-03,Alpes Demo Assurance (fictional),Conducteur fictif FR 0349,conducteur-fr-0349@example.test,Gestionnaire fictif DEMO-FR-INS-03,sinistres@demo-fr-ins-03.test,DEMO-FR-POL-0349,2026-01-01,2026-12-31,,
DEMO-FR-0350,True,mock-insurance-v2,FR,NJ-214-ZP,NJ214ZP,Peugeot,208,white,DEMO-FR-INS-04,Rivage Demo Auto (fictional),Conducteur fictif FR 0350,conducteur-fr-0350@example.test,Gestionnaire fictif DEMO-FR-INS-04,sinistres@demo-fr-ins-04.test,DEMO-FR-POL-0350,2026-01-01,2026-12-31,,
DEMO-FR-0351,True,mock-insurance-v2,FR,RV-836-LB,RV836LB,Ford,Focus,grey,DEMO-FR-INS-00,Hexagone Demo Assurance (fictional),Conducteur fictif FR 0351,conducteur-fr-0351@example.test,Gestionnaire fictif DEMO-FR-INS-00,sinistres@demo-fr-ins-00.test,DEMO-FR-POL-0351,2026-01-01,2026-12-31,,
DEMO-FR-0352,True,mock-insurance-v2,FR,YX-107-CF,YX107CF,Ford,Focus,blue,DEMO-FR-INS-01,Azur Demo Auto (fictional),Conducteur fictif FR 0352,conducteur-fr-0352@example.test,Gestionnaire fictif DEMO-FR-INS-01,sinistres@demo-fr-ins-01.test,DEMO-FR-POL-0352,2026-01-01,2026-12-31,,
DEMO-FR-0353,True,mock-insurance-v2,FR,NE-767-WD,NE767WD,Peugeot,208,red,DEMO-FR-INS-02,Loire Demo Motor (fictional),Conducteur fictif FR 0353,conducteur-fr-0353@example.test,Gestionnaire fictif DEMO-FR-INS-02,sinistres@demo-fr-ins-02.test,DEMO-FR-POL-0353,2026-01-01,2026-12-31,,
DEMO-FR-0354,True,mock-insurance-v2,FR,NC-734-CG,NC734CG,Toyota,Yaris,red,DEMO-FR-INS-03,Alpes Demo Assurance (fictional),Conducteur fictif FR 0354,conducteur-fr-0354@example.test,Gestionnaire fictif DEMO-FR-INS-03,sinistres@demo-fr-ins-03.test,DEMO-FR-POL-0354,2026-01-01,2026-12-31,,
DEMO-FR-0355,True,mock-insurance-v2,FR,GK-125-LT,GK125LT,Toyota,Yaris,black,DEMO-FR-INS-04,Rivage Demo Auto (fictional),Conducteur fictif FR 0355,conducteur-fr-0355@example.test,Gestionnaire fictif DEMO-FR-INS-04,sinistres@demo-fr-ins-04.test,DEMO-FR-POL-0355,2026-01-01,2026-12-31,,
DEMO-FR-0356,True,mock-insurance-v2,FR,CH-274-RC,CH274RC,BMW,3 Series,black,DEMO-FR-INS-00,Hexagone Demo Assurance (fictional),Conducteur fictif FR 0356,conducteur-fr-0356@example.test,Gestionnaire fictif DEMO-FR-INS-00,sinistres@demo-fr-ins-00.test,DEMO-FR-POL-0356,2026-01-01,2026-12-31,,
DEMO-FR-0357,True,mock-insurance-v2,FR,ME-355-CZ,ME355CZ,Renault,Clio,black,DEMO-FR-INS-01,Azur Demo Auto (fictional),Conducteur fictif FR 0357,conducteur-fr-0357@example.test,Gestionnaire fictif DEMO-FR-INS-01,sinistres@demo-fr-ins-01.test,DEMO-FR-POL-0357,2026-01-01,2026-12-31,,
DEMO-FR-0358,True,mock-insurance-v2,FR,MS-224-JA,MS224JA,Peugeot,208,white,DEMO-FR-INS-02,Loire Demo Motor (fictional),Conducteur fictif FR 0358,conducteur-fr-0358@example.test,Gestionnaire fictif DEMO-FR-INS-02,sinistres@demo-fr-ins-02.test,DEMO-FR-POL-0358,2026-01-01,2026-12-31,,
DEMO-FR-0359,True,mock-insurance-v2,FR,KL-706-PW,KL706PW,BMW,3 Series,white,DEMO-FR-INS-03,Alpes Demo Assurance (fictional),Conducteur fictif FR 0359,conducteur-fr-0359@example.test,Gestionnaire fictif DEMO-FR-INS-03,sinistres@demo-fr-ins-03.test,DEMO-FR-POL-0359,2026-01-01,2026-12-31,,
DEMO-FR-0360,True,mock-insurance-v2,FR,SK-362-HR,SK362HR,Volkswagen,Golf,black,DEMO-FR-INS-04,Rivage Demo Auto (fictional),Conducteur fictif FR 0360,conducteur-fr-0360@example.test,Gestionnaire fictif DEMO-FR-INS-04,sinistres@demo-fr-ins-04.test,DEMO-FR-POL-0360,2026-01-01,2026-12-31,,
DEMO-FR-0361,True,mock-insurance-v2,FR,TY-294-ND,TY294ND,Renault,Clio,silver,DEMO-FR-INS-00,Hexagone Demo Assurance (fictional),Conducteur fictif FR 0361,conducteur-fr-0361@example.test,Gestionnaire fictif DEMO-FR-INS-00,sinistres@demo-fr-ins-00.test,DEMO-FR-POL-0361,2026-01-01,2026-12-31,,
DEMO-FR-0362,True,mock-insurance-v2,FR,CX-331-XL,CX331XL,BMW,3 Series,black,DEMO-FR-INS-01,Azur Demo Auto (fictional),Conducteur fictif FR 0362,conducteur-fr-0362@example.test,Gestionnaire fictif DEMO-FR-INS-01,sinistres@demo-fr-ins-01.test,DEMO-FR-POL-0362,2026-01-01,2026-12-31,,
DEMO-FR-0363,True,mock-insurance-v2,FR,YC-895-PV,YC895PV,BMW,3 Series,silver,DEMO-FR-INS-02,Loire Demo Motor (fictional),Conducteur fictif FR 0363,conducteur-fr-0363@example.test,Gestionnaire fictif DEMO-FR-INS-02,sinistres@demo-fr-ins-02.test,DEMO-FR-POL-0363,2026-01-01,2026-12-31,,
DEMO-FR-0364,True,mock-insurance-v2,FR,XZ-161-TM,XZ161TM,Volkswagen,Golf,white,DEMO-FR-INS-03,Alpes Demo Assurance (fictional),Conducteur fictif FR 0364,conducteur-fr-0364@example.test,Gestionnaire fictif DEMO-FR-INS-03,sinistres@demo-fr-ins-03.test,DEMO-FR-POL-0364,2026-01-01,2026-12-31,,
DEMO-FR-0365,True,mock-insurance-v2,FR,LL-824-EB,LL824EB,Toyota,Yaris,black,DEMO-FR-INS-04,Rivage Demo Auto (fictional),Conducteur fictif FR 0365,conducteur-fr-0365@example.test,Gestionnaire fictif DEMO-FR-INS-04,sinistres@demo-fr-ins-04.test,DEMO-FR-POL-0365,2026-01-01,2026-12-31,,
DEMO-FR-0366,True,mock-insurance-v2,FR,ER-193-ZY,ER193ZY,BMW,3 Series,grey,DEMO-FR-INS-00,Hexagone Demo Assurance (fictional),Conducteur fictif FR 0366,conducteur-fr-0366@example.test,Gestionnaire fictif DEMO-FR-INS-00,sinistres@demo-fr-ins-00.test,DEMO-FR-POL-0366,2026-01-01,2026-12-31,,
DEMO-FR-0367,True,mock-insurance-v2,FR,SG-869-BG,SG869BG,Renault,Clio,grey,DEMO-FR-INS-01,Azur Demo Auto (fictional),Conducteur fictif FR 0367,conducteur-fr-0367@example.test,Gestionnaire fictif DEMO-FR-INS-01,sinistres@demo-fr-ins-01.test,DEMO-FR-POL-0367,2026-01-01,2026-12-31,,
DEMO-FR-0368,True,mock-insurance-v2,FR,EM-388-PX,EM388PX,Toyota,Yaris,black,DEMO-FR-INS-02,Loire Demo Motor (fictional),Conducteur fictif FR 0368,conducteur-fr-0368@example.test,Gestionnaire fictif DEMO-FR-INS-02,sinistres@demo-fr-ins-02.test,DEMO-FR-POL-0368,2026-01-01,2026-12-31,,
DEMO-FR-0369,True,mock-insurance-v2,FR,WR-871-SB,WR871SB,BMW,3 Series,red,DEMO-FR-INS-03,Alpes Demo Assurance (fictional),Conducteur fictif FR 0369,conducteur-fr-0369@example.test,Gestionnaire fictif DEMO-FR-INS-03,sinistres@demo-fr-ins-03.test,DEMO-FR-POL-0369,2026-01-01,2026-12-31,,
DEMO-FR-0370,True,mock-insurance-v2,FR,YR-287-EN,YR287EN,BMW,3 Series,blue,DEMO-FR-INS-04,Rivage Demo Auto (fictional),Conducteur fictif FR 0370,conducteur-fr-0370@example.test,Gestionnaire fictif DEMO-FR-INS-04,sinistres@demo-fr-ins-04.test,DEMO-FR-POL-0370,2026-01-01,2026-12-31,,
DEMO-FR-0371,True,mock-insurance-v2,FR,PY-618-AX,PY618AX,Toyota,Yaris,blue,DEMO-FR-INS-00,Hexagone Demo Assurance (fictional),Conducteur fictif FR 0371,conducteur-fr-0371@example.test,Gestionnaire fictif DEMO-FR-INS-00,sinistres@demo-fr-ins-00.test,DEMO-FR-POL-0371,2026-01-01,2026-12-31,,
DEMO-FR-0372,True,mock-insurance-v2,FR,HC-033-WX,HC033WX,Volkswagen,Golf,red,DEMO-FR-INS-01,Azur Demo Auto (fictional),Conducteur fictif FR 0372,conducteur-fr-0372@example.test,Gestionnaire fictif DEMO-FR-INS-01,sinistres@demo-fr-ins-01.test,DEMO-FR-POL-0372,2026-01-01,2026-12-31,,
DEMO-FR-0373,True,mock-insurance-v2,FR,AN-660-ZC,AN660ZC,Volkswagen,Golf,silver,DEMO-FR-INS-02,Loire Demo Motor (fictional),Conducteur fictif FR 0373,conducteur-fr-0373@example.test,Gestionnaire fictif DEMO-FR-INS-02,sinistres@demo-fr-ins-02.test,DEMO-FR-POL-0373,2026-01-01,2026-12-31,,
DEMO-FR-0374,True,mock-insurance-v2,FR,FA-398-BM,FA398BM,Peugeot,208,black,DEMO-FR-INS-03,Alpes Demo Assurance (fictional),Conducteur fictif FR 0374,conducteur-fr-0374@example.test,Gestionnaire fictif DEMO-FR-INS-03,sinistres@demo-fr-ins-03.test,DEMO-FR-POL-0374,2026-01-01,2026-12-31,,
DEMO-FR-0375,True,mock-insurance-v2,FR,AJ-608-WV,AJ608WV,Toyota,Yaris,blue,DEMO-FR-INS-04,Rivage Demo Auto (fictional),Conducteur fictif FR 0375,conducteur-fr-0375@example.test,Gestionnaire fictif DEMO-FR-INS-04,sinistres@demo-fr-ins-04.test,DEMO-FR-POL-0375,2026-01-01,2026-12-31,,
DEMO-FR-0376,True,mock-insurance-v2,FR,DN-812-YM,DN812YM,Renault,Clio,black,DEMO-FR-INS-00,Hexagone Demo Assurance (fictional),Conducteur fictif FR 0376,conducteur-fr-0376@example.test,Gestionnaire fictif DEMO-FR-INS-00,sinistres@demo-fr-ins-00.test,DEMO-FR-POL-0376,2026-01-01,2026-12-31,,
DEMO-FR-0377,True,mock-insurance-v2,FR,YB-940-XJ,YB940XJ,Renault,Clio,silver,DEMO-FR-INS-01,Azur Demo Auto (fictional),Conducteur fictif FR 0377,conducteur-fr-0377@example.test,Gestionnaire fictif DEMO-FR-INS-01,sinistres@demo-fr-ins-01.test,DEMO-FR-POL-0377,2026-01-01,2026-12-31,,
DEMO-FR-0378,True,mock-insurance-v2,FR,YG-171-VT,YG171VT,Toyota,Yaris,red,DEMO-FR-INS-02,Loire Demo Motor (fictional),Conducteur fictif FR 0378,conducteur-fr-0378@example.test,Gestionnaire fictif DEMO-FR-INS-02,sinistres@demo-fr-ins-02.test,DEMO-FR-POL-0378,2026-01-01,2026-12-31,,
DEMO-FR-0379,True,mock-insurance-v2,FR,GJ-610-CS,GJ610CS,Peugeot,208,grey,DEMO-FR-INS-03,Alpes Demo Assurance (fictional),Conducteur fictif FR 0379,conducteur-fr-0379@example.test,Gestionnaire fictif DEMO-FR-INS-03,sinistres@demo-fr-ins-03.test,DEMO-FR-POL-0379,2026-01-01,2026-12-31,,
DEMO-FR-0380,True,mock-insurance-v2,FR,WB-546-LA,WB546LA,Peugeot,208,grey,DEMO-FR-INS-04,Rivage Demo Auto (fictional),Conducteur fictif FR 0380,conducteur-fr-0380@example.test,Gestionnaire fictif DEMO-FR-INS-04,sinistres@demo-fr-ins-04.test,DEMO-FR-POL-0380,2026-01-01,2026-12-31,,
DEMO-FR-0381,True,mock-insurance-v2,FR,VC-574-HA,VC574HA,BMW,3 Series,blue,DEMO-FR-INS-00,Hexagone Demo Assurance (fictional),Conducteur fictif FR 0381,conducteur-fr-0381@example.test,Gestionnaire fictif DEMO-FR-INS-00,sinistres@demo-fr-ins-00.test,DEMO-FR-POL-0381,2026-01-01,2026-12-31,,
DEMO-FR-0382,True,mock-insurance-v2,FR,JN-363-FP,JN363FP,BMW,3 Series,blue,DEMO-FR-INS-01,Azur Demo Auto (fictional),Conducteur fictif FR 0382,conducteur-fr-0382@example.test,Gestionnaire fictif DEMO-FR-INS-01,sinistres@demo-fr-ins-01.test,DEMO-FR-POL-0382,2026-01-01,2026-12-31,,
DEMO-FR-0383,True,mock-insurance-v2,FR,FW-649-XJ,FW649XJ,Volkswagen,Golf,silver,DEMO-FR-INS-02,Loire Demo Motor (fictional),Conducteur fictif FR 0383,conducteur-fr-0383@example.test,Gestionnaire fictif DEMO-FR-INS-02,sinistres@demo-fr-ins-02.test,DEMO-FR-POL-0383,2026-01-01,2026-12-31,,
DEMO-FR-0384,True,mock-insurance-v2,FR,KH-324-CX,KH324CX,Toyota,Yaris,black,DEMO-FR-INS-03,Alpes Demo Assurance (fictional),Conducteur fictif FR 0384,conducteur-fr-0384@example.test,Gestionnaire fictif DEMO-FR-INS-03,sinistres@demo-fr-ins-03.test,DEMO-FR-POL-0384,2026-01-01,2026-12-31,,
DEMO-FR-0385,True,mock-insurance-v2,FR,DH-109-TR,DH109TR,BMW,3 Series,white,DEMO-FR-INS-04,Rivage Demo Auto (fictional),Conducteur fictif FR 0385,conducteur-fr-0385@example.test,Gestionnaire fictif DEMO-FR-INS-04,sinistres@demo-fr-ins-04.test,DEMO-FR-POL-0385,2026-01-01,2026-12-31,,
DEMO-FR-0386,True,mock-insurance-v2,FR,AS-406-YV,AS406YV,Volkswagen,Golf,black,DEMO-FR-INS-00,Hexagone Demo Assurance (fictional),Conducteur fictif FR 0386,conducteur-fr-0386@example.test,Gestionnaire fictif DEMO-FR-INS-00,sinistres@demo-fr-ins-00.test,DEMO-FR-POL-0386,2026-01-01,2026-12-31,,
DEMO-FR-0387,True,mock-insurance-v2,FR,FE-043-FG,FE043FG,Ford,Focus,black,DEMO-FR-INS-01,Azur Demo Auto (fictional),Conducteur fictif FR 0387,conducteur-fr-0387@example.test,Gestionnaire fictif DEMO-FR-INS-01,sinistres@demo-fr-ins-01.test,DEMO-FR-POL-0387,2026-01-01,2026-12-31,,
DEMO-FR-0388,True,mock-insurance-v2,FR,AF-534-XA,AF534XA,Renault,Clio,black,DEMO-FR-INS-02,Loire Demo Motor (fictional),Conducteur fictif FR 0388,conducteur-fr-0388@example.test,Gestionnaire fictif DEMO-FR-INS-02,sinistres@demo-fr-ins-02.test,DEMO-FR-POL-0388,2026-01-01,2026-12-31,,
DEMO-FR-0389,True,mock-insurance-v2,FR,PG-372-PW,PG372PW,Volkswagen,Golf,silver,DEMO-FR-INS-03,Alpes Demo Assurance (fictional),Conducteur fictif FR 0389,conducteur-fr-0389@example.test,Gestionnaire fictif DEMO-FR-INS-03,sinistres@demo-fr-ins-03.test,DEMO-FR-POL-0389,2026-01-01,2026-12-31,,
DEMO-FR-0390,True,mock-insurance-v2,FR,EE-359-FH,EE359FH,Ford,Focus,red,DEMO-FR-INS-04,Rivage Demo Auto (fictional),Conducteur fictif FR 0390,conducteur-fr-0390@example.test,Gestionnaire fictif DEMO-FR-INS-04,sinistres@demo-fr-ins-04.test,DEMO-FR-POL-0390,2026-01-01,2026-12-31,,
DEMO-FR-0391,True,mock-insurance-v2,FR,VK-820-MS,VK820MS,Peugeot,208,silver,DEMO-FR-INS-00,Hexagone Demo Assurance (fictional),Conducteur fictif FR 0391,conducteur-fr-0391@example.test,Gestionnaire fictif DEMO-FR-INS-00,sinistres@demo-fr-ins-00.test,DEMO-FR-POL-0391,2026-01-01,2026-12-31,,
DEMO-FR-0392,True,mock-insurance-v2,FR,VL-700-GC,VL700GC,Volkswagen,Golf,blue,DEMO-FR-INS-01,Azur Demo Auto (fictional),Conducteur fictif FR 0392,conducteur-fr-0392@example.test,Gestionnaire fictif DEMO-FR-INS-01,sinistres@demo-fr-ins-01.test,DEMO-FR-POL-0392,2026-01-01,2026-12-31,,
DEMO-FR-0393,True,mock-insurance-v2,FR,PM-305-CL,PM305CL,Renault,Clio,grey,DEMO-FR-INS-02,Loire Demo Motor (fictional),Conducteur fictif FR 0393,conducteur-fr-0393@example.test,Gestionnaire fictif DEMO-FR-INS-02,sinistres@demo-fr-ins-02.test,DEMO-FR-POL-0393,2026-01-01,2026-12-31,,
DEMO-FR-0394,True,mock-insurance-v2,FR,KB-096-FZ,KB096FZ,Volkswagen,Golf,silver,DEMO-FR-INS-03,Alpes Demo Assurance (fictional),Conducteur fictif FR 0394,conducteur-fr-0394@example.test,Gestionnaire fictif DEMO-FR-INS-03,sinistres@demo-fr-ins-03.test,DEMO-FR-POL-0394,2026-01-01,2026-12-31,,
DEMO-FR-0395,True,mock-insurance-v2,FR,PF-973-ER,PF973ER,Volkswagen,Golf,blue,DEMO-FR-INS-04,Rivage Demo Auto (fictional),Conducteur fictif FR 0395,conducteur-fr-0395@example.test,Gestionnaire fictif DEMO-FR-INS-04,sinistres@demo-fr-ins-04.test,DEMO-FR-POL-0395,2026-01-01,2026-12-31,,
DEMO-FR-0396,True,mock-insurance-v2,FR,RG-012-DE,RG012DE,Ford,Focus,red,DEMO-FR-INS-00,Hexagone Demo Assurance (fictional),Conducteur fictif FR 0396,conducteur-fr-0396@example.test,Gestionnaire fictif DEMO-FR-INS-00,sinistres@demo-fr-ins-00.test,DEMO-FR-POL-0396,2026-01-01,2026-12-31,,
DEMO-FR-0397,True,mock-insurance-v2,FR,PE-110-TD,PE110TD,Volkswagen,Golf,silver,DEMO-FR-INS-01,Azur Demo Auto (fictional),Conducteur fictif FR 0397,conducteur-fr-0397@example.test,Gestionnaire fictif DEMO-FR-INS-01,sinistres@demo-fr-ins-01.test,DEMO-FR-POL-0397,2026-01-01,2026-12-31,,
DEMO-FR-0398,True,mock-insurance-v2,FR,DJ-259-RC,DJ259RC,Ford,Focus,silver,DEMO-FR-INS-02,Loire Demo Motor (fictional),Conducteur fictif FR 0398,conducteur-fr-0398@example.test,Gestionnaire fictif DEMO-FR-INS-02,sinistres@demo-fr-ins-02.test,DEMO-FR-POL-0398,2026-01-01,2026-12-31,,
DEMO-FR-0399,True,mock-insurance-v2,FR,TS-559-PA,TS559PA,Peugeot,208,silver,DEMO-FR-INS-03,Alpes Demo Assurance (fictional),Conducteur fictif FR 0399,conducteur-fr-0399@example.test,Gestionnaire fictif DEMO-FR-INS-03,sinistres@demo-fr-ins-03.test,DEMO-FR-POL-0399,2026-01-01,2026-12-31,,
DEMO-FR-0400,True,mock-insurance-v2,FR,CM-965-AV,CM965AV,Volkswagen,Golf,grey,DEMO-FR-INS-04,Rivage Demo Auto (fictional),Conducteur fictif FR 0400,conducteur-fr-0400@example.test,Gestionnaire fictif DEMO-FR-INS-04,sinistres@demo-fr-ins-04.test,DEMO-FR-POL-0400,2026-01-01,2026-12-31,,
DEMO-FR-0401,True,mock-insurance-v2,FR,HR-259-BE,HR259BE,Peugeot,208,red,DEMO-FR-INS-00,Hexagone Demo Assurance (fictional),Conducteur fictif FR 0401,conducteur-fr-0401@example.test,Gestionnaire fictif DEMO-FR-INS-00,sinistres@demo-fr-ins-00.test,DEMO-FR-POL-0401,2026-01-01,2026-12-31,,
DEMO-FR-0402,True,mock-insurance-v2,FR,FE-627-FX,FE627FX,Volkswagen,Golf,black,DEMO-FR-INS-01,Azur Demo Auto (fictional),Conducteur fictif FR 0402,conducteur-fr-0402@example.test,Gestionnaire fictif DEMO-FR-INS-01,sinistres@demo-fr-ins-01.test,DEMO-FR-POL-0402,2026-01-01,2026-12-31,,
DEMO-FR-0403,True,mock-insurance-v2,FR,KS-817-JP,KS817JP,Peugeot,208,white,DEMO-FR-INS-02,Loire Demo Motor (fictional),Conducteur fictif FR 0403,conducteur-fr-0403@example.test,Gestionnaire fictif DEMO-FR-INS-02,sinistres@demo-fr-ins-02.test,DEMO-FR-POL-0403,2026-01-01,2026-12-31,,
DEMO-FR-0404,True,mock-insurance-v2,FR,WK-911-AZ,WK911AZ,Volkswagen,Golf,red,DEMO-FR-INS-03,Alpes Demo Assurance (fictional),Conducteur fictif FR 0404,conducteur-fr-0404@example.test,Gestionnaire fictif DEMO-FR-INS-03,sinistres@demo-fr-ins-03.test,DEMO-FR-POL-0404,2026-01-01,2026-12-31,,
DEMO-FR-0405,True,mock-insurance-v2,FR,PD-150-LV,PD150LV,Peugeot,208,blue,DEMO-FR-INS-04,Rivage Demo Auto (fictional),Conducteur fictif FR 0405,conducteur-fr-0405@example.test,Gestionnaire fictif DEMO-FR-INS-04,sinistres@demo-fr-ins-04.test,DEMO-FR-POL-0405,2026-01-01,2026-12-31,,
DEMO-FR-0406,True,mock-insurance-v2,FR,EB-166-RW,EB166RW,BMW,3 Series,black,DEMO-FR-INS-00,Hexagone Demo Assurance (fictional),Conducteur fictif FR 0406,conducteur-fr-0406@example.test,Gestionnaire fictif DEMO-FR-INS-00,sinistres@demo-fr-ins-00.test,DEMO-FR-POL-0406,2026-01-01,2026-12-31,,
DEMO-FR-0407,True,mock-insurance-v2,FR,HC-906-LZ,HC906LZ,BMW,3 Series,silver,DEMO-FR-INS-01,Azur Demo Auto (fictional),Conducteur fictif FR 0407,conducteur-fr-0407@example.test,Gestionnaire fictif DEMO-FR-INS-01,sinistres@demo-fr-ins-01.test,DEMO-FR-POL-0407,2026-01-01,2026-12-31,,
DEMO-FR-0408,True,mock-insurance-v2,FR,AJ-037-AT,AJ037AT,BMW,3 Series,black,DEMO-FR-INS-02,Loire Demo Motor (fictional),Conducteur fictif FR 0408,conducteur-fr-0408@example.test,Gestionnaire fictif DEMO-FR-INS-02,sinistres@demo-fr-ins-02.test,DEMO-FR-POL-0408,2026-01-01,2026-12-31,,
DEMO-FR-0409,True,mock-insurance-v2,FR,DM-002-ED,DM002ED,Toyota,Yaris,white,DEMO-FR-INS-03,Alpes Demo Assurance (fictional),Conducteur fictif FR 0409,conducteur-fr-0409@example.test,Gestionnaire fictif DEMO-FR-INS-03,sinistres@demo-fr-ins-03.test,DEMO-FR-POL-0409,2026-01-01,2026-12-31,,
DEMO-FR-0410,True,mock-insurance-v2,FR,VH-643-VF,VH643VF,Ford,Focus,white,DEMO-FR-INS-04,Rivage Demo Auto (fictional),Conducteur fictif FR 0410,conducteur-fr-0410@example.test,Gestionnaire fictif DEMO-FR-INS-04,sinistres@demo-fr-ins-04.test,DEMO-FR-POL-0410,2026-01-01,2026-12-31,,
DEMO-FR-0411,True,mock-insurance-v2,FR,KN-279-LJ,KN279LJ,Toyota,Yaris,silver,DEMO-FR-INS-00,Hexagone Demo Assurance (fictional),Conducteur fictif FR 0411,conducteur-fr-0411@example.test,Gestionnaire fictif DEMO-FR-INS-00,sinistres@demo-fr-ins-00.test,DEMO-FR-POL-0411,2026-01-01,2026-12-31,,
DEMO-FR-0412,True,mock-insurance-v2,FR,JR-185-SM,JR185SM,BMW,3 Series,silver,DEMO-FR-INS-01,Azur Demo Auto (fictional),Conducteur fictif FR 0412,conducteur-fr-0412@example.test,Gestionnaire fictif DEMO-FR-INS-01,sinistres@demo-fr-ins-01.test,DEMO-FR-POL-0412,2026-01-01,2026-12-31,,
DEMO-FR-0413,True,mock-insurance-v2,FR,EX-873-RP,EX873RP,Peugeot,208,black,DEMO-FR-INS-02,Loire Demo Motor (fictional),Conducteur fictif FR 0413,conducteur-fr-0413@example.test,Gestionnaire fictif DEMO-FR-INS-02,sinistres@demo-fr-ins-02.test,DEMO-FR-POL-0413,2026-01-01,2026-12-31,,
DEMO-FR-0414,True,mock-insurance-v2,FR,RE-494-JG,RE494JG,Ford,Focus,white,DEMO-FR-INS-03,Alpes Demo Assurance (fictional),Conducteur fictif FR 0414,conducteur-fr-0414@example.test,Gestionnaire fictif DEMO-FR-INS-03,sinistres@demo-fr-ins-03.test,DEMO-FR-POL-0414,2026-01-01,2026-12-31,,
DEMO-FR-0415,True,mock-insurance-v2,FR,BG-208-MF,BG208MF,Ford,Focus,red,DEMO-FR-INS-04,Rivage Demo Auto (fictional),Conducteur fictif FR 0415,conducteur-fr-0415@example.test,Gestionnaire fictif DEMO-FR-INS-04,sinistres@demo-fr-ins-04.test,DEMO-FR-POL-0415,2026-01-01,2026-12-31,,
DEMO-FR-0416,True,mock-insurance-v2,FR,VS-715-BY,VS715BY,Peugeot,208,blue,DEMO-FR-INS-00,Hexagone Demo Assurance (fictional),Conducteur fictif FR 0416,conducteur-fr-0416@example.test,Gestionnaire fictif DEMO-FR-INS-00,sinistres@demo-fr-ins-00.test,DEMO-FR-POL-0416,2026-01-01,2026-12-31,,
DEMO-FR-0417,True,mock-insurance-v2,FR,PZ-948-WS,PZ948WS,BMW,3 Series,black,DEMO-FR-INS-01,Azur Demo Auto (fictional),Conducteur fictif FR 0417,conducteur-fr-0417@example.test,Gestionnaire fictif DEMO-FR-INS-01,sinistres@demo-fr-ins-01.test,DEMO-FR-POL-0417,2026-01-01,2026-12-31,,
DEMO-FR-0418,True,mock-insurance-v2,FR,VC-343-AC,VC343AC,Volkswagen,Golf,silver,DEMO-FR-INS-02,Loire Demo Motor (fictional),Conducteur fictif FR 0418,conducteur-fr-0418@example.test,Gestionnaire fictif DEMO-FR-INS-02,sinistres@demo-fr-ins-02.test,DEMO-FR-POL-0418,2026-01-01,2026-12-31,,
DEMO-FR-0419,True,mock-insurance-v2,FR,EN-532-TJ,EN532TJ,BMW,3 Series,black,DEMO-FR-INS-03,Alpes Demo Assurance (fictional),Conducteur fictif FR 0419,conducteur-fr-0419@example.test,Gestionnaire fictif DEMO-FR-INS-03,sinistres@demo-fr-ins-03.test,DEMO-FR-POL-0419,2026-01-01,2026-12-31,,
DEMO-FR-0420,True,mock-insurance-v2,FR,MN-792-YZ,MN792YZ,Peugeot,208,silver,DEMO-FR-INS-04,Rivage Demo Auto (fictional),Conducteur fictif FR 0420,conducteur-fr-0420@example.test,Gestionnaire fictif DEMO-FR-INS-04,sinistres@demo-fr-ins-04.test,DEMO-FR-POL-0420,2026-01-01,2026-12-31,,
DEMO-FR-0421,True,mock-insurance-v2,FR,TV-183-NL,TV183NL,Toyota,Yaris,silver,DEMO-FR-INS-00,Hexagone Demo Assurance (fictional),Conducteur fictif FR 0421,conducteur-fr-0421@example.test,Gestionnaire fictif DEMO-FR-INS-00,sinistres@demo-fr-ins-00.test,DEMO-FR-POL-0421,2026-01-01,2026-12-31,,
DEMO-FR-0422,True,mock-insurance-v2,FR,NV-865-JX,NV865JX,Ford,Focus,red,DEMO-FR-INS-01,Azur Demo Auto (fictional),Conducteur fictif FR 0422,conducteur-fr-0422@example.test,Gestionnaire fictif DEMO-FR-INS-01,sinistres@demo-fr-ins-01.test,DEMO-FR-POL-0422,2026-01-01,2026-12-31,,
DEMO-FR-0423,True,mock-insurance-v2,FR,WT-508-FD,WT508FD,Volkswagen,Golf,red,DEMO-FR-INS-02,Loire Demo Motor (fictional),Conducteur fictif FR 0423,conducteur-fr-0423@example.test,Gestionnaire fictif DEMO-FR-INS-02,sinistres@demo-fr-ins-02.test,DEMO-FR-POL-0423,2026-01-01,2026-12-31,,
DEMO-FR-0424,True,mock-insurance-v2,FR,BN-360-GY,BN360GY,Toyota,Yaris,red,DEMO-FR-INS-03,Alpes Demo Assurance (fictional),Conducteur fictif FR 0424,conducteur-fr-0424@example.test,Gestionnaire fictif DEMO-FR-INS-03,sinistres@demo-fr-ins-03.test,DEMO-FR-POL-0424,2026-01-01,2026-12-31,,
DEMO-FR-0425,True,mock-insurance-v2,FR,EB-654-NX,EB654NX,Peugeot,208,grey,DEMO-FR-INS-04,Rivage Demo Auto (fictional),Conducteur fictif FR 0425,conducteur-fr-0425@example.test,Gestionnaire fictif DEMO-FR-INS-04,sinistres@demo-fr-ins-04.test,DEMO-FR-POL-0425,2026-01-01,2026-12-31,,
DEMO-FR-0426,True,mock-insurance-v2,FR,KC-545-EY,KC545EY,Peugeot,208,white,DEMO-FR-INS-00,Hexagone Demo Assurance (fictional),Conducteur fictif FR 0426,conducteur-fr-0426@example.test,Gestionnaire fictif DEMO-FR-INS-00,sinistres@demo-fr-ins-00.test,DEMO-FR-POL-0426,2026-01-01,2026-12-31,,
DEMO-FR-0427,True,mock-insurance-v2,FR,YT-324-GW,YT324GW,Peugeot,208,white,DEMO-FR-INS-01,Azur Demo Auto (fictional),Conducteur fictif FR 0427,conducteur-fr-0427@example.test,Gestionnaire fictif DEMO-FR-INS-01,sinistres@demo-fr-ins-01.test,DEMO-FR-POL-0427,2026-01-01,2026-12-31,,
DEMO-FR-0428,True,mock-insurance-v2,FR,LP-490-VV,LP490VV,Peugeot,208,silver,DEMO-FR-INS-02,Loire Demo Motor (fictional),Conducteur fictif FR 0428,conducteur-fr-0428@example.test,Gestionnaire fictif DEMO-FR-INS-02,sinistres@demo-fr-ins-02.test,DEMO-FR-POL-0428,2026-01-01,2026-12-31,,
DEMO-FR-0429,True,mock-insurance-v2,FR,YZ-194-EX,YZ194EX,Toyota,Yaris,black,DEMO-FR-INS-03,Alpes Demo Assurance (fictional),Conducteur fictif FR 0429,conducteur-fr-0429@example.test,Gestionnaire fictif DEMO-FR-INS-03,sinistres@demo-fr-ins-03.test,DEMO-FR-POL-0429,2026-01-01,2026-12-31,,
DEMO-FR-0430,True,mock-insurance-v2,FR,YT-584-EK,YT584EK,Ford,Focus,silver,DEMO-FR-INS-04,Rivage Demo Auto (fictional),Conducteur fictif FR 0430,conducteur-fr-0430@example.test,Gestionnaire fictif DEMO-FR-INS-04,sinistres@demo-fr-ins-04.test,DEMO-FR-POL-0430,2026-01-01,2026-12-31,,
DEMO-FR-0431,True,mock-insurance-v2,FR,LD-074-FL,LD074FL,Toyota,Yaris,black,DEMO-FR-INS-00,Hexagone Demo Assurance (fictional),Conducteur fictif FR 0431,conducteur-fr-0431@example.test,Gestionnaire fictif DEMO-FR-INS-00,sinistres@demo-fr-ins-00.test,DEMO-FR-POL-0431,2026-01-01,2026-12-31,,
DEMO-FR-0432,True,mock-insurance-v2,FR,WC-753-TG,WC753TG,BMW,3 Series,grey,DEMO-FR-INS-01,Azur Demo Auto (fictional),Conducteur fictif FR 0432,conducteur-fr-0432@example.test,Gestionnaire fictif DEMO-FR-INS-01,sinistres@demo-fr-ins-01.test,DEMO-FR-POL-0432,2026-01-01,2026-12-31,,
DEMO-FR-0433,True,mock-insurance-v2,FR,DS-377-GA,DS377GA,Renault,Clio,silver,DEMO-FR-INS-02,Loire Demo Motor (fictional),Conducteur fictif FR 0433,conducteur-fr-0433@example.test,Gestionnaire fictif DEMO-FR-INS-02,sinistres@demo-fr-ins-02.test,DEMO-FR-POL-0433,2026-01-01,2026-12-31,,
DEMO-FR-0434,True,mock-insurance-v2,FR,TL-676-WD,TL676WD,Ford,Focus,white,DEMO-FR-INS-03,Alpes Demo Assurance (fictional),Conducteur fictif FR 0434,conducteur-fr-0434@example.test,Gestionnaire fictif DEMO-FR-INS-03,sinistres@demo-fr-ins-03.test,DEMO-FR-POL-0434,2026-01-01,2026-12-31,,
DEMO-FR-0435,True,mock-insurance-v2,FR,JT-570-DR,JT570DR,Ford,Focus,grey,DEMO-FR-INS-04,Rivage Demo Auto (fictional),Conducteur fictif FR 0435,conducteur-fr-0435@example.test,Gestionnaire fictif DEMO-FR-INS-04,sinistres@demo-fr-ins-04.test,DEMO-FR-POL-0435,2026-01-01,2026-12-31,,
DEMO-FR-0436,True,mock-insurance-v2,FR,JW-679-RZ,JW679RZ,Peugeot,208,black,DEMO-FR-INS-00,Hexagone Demo Assurance (fictional),Conducteur fictif FR 0436,conducteur-fr-0436@example.test,Gestionnaire fictif DEMO-FR-INS-00,sinistres@demo-fr-ins-00.test,DEMO-FR-POL-0436,2026-01-01,2026-12-31,,
DEMO-FR-0437,True,mock-insurance-v2,FR,VC-867-NP,VC867NP,Peugeot,208,red,DEMO-FR-INS-01,Azur Demo Auto (fictional),Conducteur fictif FR 0437,conducteur-fr-0437@example.test,Gestionnaire fictif DEMO-FR-INS-01,sinistres@demo-fr-ins-01.test,DEMO-FR-POL-0437,2026-01-01,2026-12-31,,
DEMO-FR-0438,True,mock-insurance-v2,FR,CK-887-WG,CK887WG,Renault,Clio,red,DEMO-FR-INS-02,Loire Demo Motor (fictional),Conducteur fictif FR 0438,conducteur-fr-0438@example.test,Gestionnaire fictif DEMO-FR-INS-02,sinistres@demo-fr-ins-02.test,DEMO-FR-POL-0438,2026-01-01,2026-12-31,,
DEMO-FR-0439,True,mock-insurance-v2,FR,RY-095-BG,RY095BG,Toyota,Yaris,blue,DEMO-FR-INS-03,Alpes Demo Assurance (fictional),Conducteur fictif FR 0439,conducteur-fr-0439@example.test,Gestionnaire fictif DEMO-FR-INS-03,sinistres@demo-fr-ins-03.test,DEMO-FR-POL-0439,2026-01-01,2026-12-31,,
DEMO-FR-0440,True,mock-insurance-v2,FR,NC-271-LD,NC271LD,Renault,Clio,silver,DEMO-FR-INS-04,Rivage Demo Auto (fictional),Conducteur fictif FR 0440,conducteur-fr-0440@example.test,Gestionnaire fictif DEMO-FR-INS-04,sinistres@demo-fr-ins-04.test,DEMO-FR-POL-0440,2026-01-01,2026-12-31,,
DEMO-FR-0441,True,mock-insurance-v2,FR,ME-837-MR,ME837MR,Ford,Focus,red,DEMO-FR-INS-00,Hexagone Demo Assurance (fictional),Conducteur fictif FR 0441,conducteur-fr-0441@example.test,Gestionnaire fictif DEMO-FR-INS-00,sinistres@demo-fr-ins-00.test,DEMO-FR-POL-0441,2026-01-01,2026-12-31,,
DEMO-FR-0442,True,mock-insurance-v2,FR,KZ-019-ED,KZ019ED,Toyota,Yaris,red,DEMO-FR-INS-01,Azur Demo Auto (fictional),Conducteur fictif FR 0442,conducteur-fr-0442@example.test,Gestionnaire fictif DEMO-FR-INS-01,sinistres@demo-fr-ins-01.test,DEMO-FR-POL-0442,2026-01-01,2026-12-31,,
DEMO-FR-0443,True,mock-insurance-v2,FR,NZ-349-ZJ,NZ349ZJ,Ford,Focus,silver,DEMO-FR-INS-02,Loire Demo Motor (fictional),Conducteur fictif FR 0443,conducteur-fr-0443@example.test,Gestionnaire fictif DEMO-FR-INS-02,sinistres@demo-fr-ins-02.test,DEMO-FR-POL-0443,2026-01-01,2026-12-31,,
DEMO-FR-0444,True,mock-insurance-v2,FR,HM-957-BH,HM957BH,BMW,3 Series,black,DEMO-FR-INS-03,Alpes Demo Assurance (fictional),Conducteur fictif FR 0444,conducteur-fr-0444@example.test,Gestionnaire fictif DEMO-FR-INS-03,sinistres@demo-fr-ins-03.test,DEMO-FR-POL-0444,2026-01-01,2026-12-31,,
DEMO-FR-0445,True,mock-insurance-v2,FR,CF-985-EK,CF985EK,Volkswagen,Golf,grey,DEMO-FR-INS-04,Rivage Demo Auto (fictional),Conducteur fictif FR 0445,conducteur-fr-0445@example.test,Gestionnaire fictif DEMO-FR-INS-04,sinistres@demo-fr-ins-04.test,DEMO-FR-POL-0445,2026-01-01,2026-12-31,,
DEMO-FR-0446,True,mock-insurance-v2,FR,DL-534-NJ,DL534NJ,Toyota,Yaris,black,DEMO-FR-INS-00,Hexagone Demo Assurance (fictional),Conducteur fictif FR 0446,conducteur-fr-0446@example.test,Gestionnaire fictif DEMO-FR-INS-00,sinistres@demo-fr-ins-00.test,DEMO-FR-POL-0446,2026-01-01,2026-12-31,,
DEMO-FR-0447,True,mock-insurance-v2,FR,FT-815-JK,FT815JK,Toyota,Yaris,red,DEMO-FR-INS-01,Azur Demo Auto (fictional),Conducteur fictif FR 0447,conducteur-fr-0447@example.test,Gestionnaire fictif DEMO-FR-INS-01,sinistres@demo-fr-ins-01.test,DEMO-FR-POL-0447,2026-01-01,2026-12-31,,
DEMO-FR-0448,True,mock-insurance-v2,FR,PX-715-CG,PX715CG,Ford,Focus,white,DEMO-FR-INS-02,Loire Demo Motor (fictional),Conducteur fictif FR 0448,conducteur-fr-0448@example.test,Gestionnaire fictif DEMO-FR-INS-02,sinistres@demo-fr-ins-02.test,DEMO-FR-POL-0448,2026-01-01,2026-12-31,,
DEMO-FR-0449,True,mock-insurance-v2,FR,XH-853-MF,XH853MF,Peugeot,208,grey,DEMO-FR-INS-03,Alpes Demo Assurance (fictional),Conducteur fictif FR 0449,conducteur-fr-0449@example.test,Gestionnaire fictif DEMO-FR-INS-03,sinistres@demo-fr-ins-03.test,DEMO-FR-POL-0449,2026-01-01,2026-12-31,,
DEMO-FR-0450,True,mock-insurance-v2,FR,DD-128-KF,DD128KF,BMW,3 Series,blue,DEMO-FR-INS-04,Rivage Demo Auto (fictional),Conducteur fictif FR 0450,conducteur-fr-0450@example.test,Gestionnaire fictif DEMO-FR-INS-04,sinistres@demo-fr-ins-04.test,DEMO-FR-POL-0450,2026-01-01,2026-12-31,,
DEMO-FR-0451,True,mock-insurance-v2,FR,VG-470-FG,VG470FG,Ford,Focus,black,DEMO-FR-INS-00,Hexagone Demo Assurance (fictional),Conducteur fictif FR 0451,conducteur-fr-0451@example.test,Gestionnaire fictif DEMO-FR-INS-00,sinistres@demo-fr-ins-00.test,DEMO-FR-POL-0451,2026-01-01,2026-12-31,,
DEMO-FR-0452,True,mock-insurance-v2,FR,PZ-896-FF,PZ896FF,Peugeot,208,silver,DEMO-FR-INS-01,Azur Demo Auto (fictional),Conducteur fictif FR 0452,conducteur-fr-0452@example.test,Gestionnaire fictif DEMO-FR-INS-01,sinistres@demo-fr-ins-01.test,DEMO-FR-POL-0452,2026-01-01,2026-12-31,,
DEMO-FR-0453,True,mock-insurance-v2,FR,RZ-331-YA,RZ331YA,Toyota,Yaris,blue,DEMO-FR-INS-02,Loire Demo Motor (fictional),Conducteur fictif FR 0453,conducteur-fr-0453@example.test,Gestionnaire fictif DEMO-FR-INS-02,sinistres@demo-fr-ins-02.test,DEMO-FR-POL-0453,2026-01-01,2026-12-31,,
DEMO-FR-0454,True,mock-insurance-v2,FR,GN-451-PA,GN451PA,Renault,Clio,black,DEMO-FR-INS-03,Alpes Demo Assurance (fictional),Conducteur fictif FR 0454,conducteur-fr-0454@example.test,Gestionnaire fictif DEMO-FR-INS-03,sinistres@demo-fr-ins-03.test,DEMO-FR-POL-0454,2026-01-01,2026-12-31,,
DEMO-FR-0455,True,mock-insurance-v2,FR,CE-999-AP,CE999AP,Ford,Focus,blue,DEMO-FR-INS-04,Rivage Demo Auto (fictional),Conducteur fictif FR 0455,conducteur-fr-0455@example.test,Gestionnaire fictif DEMO-FR-INS-04,sinistres@demo-fr-ins-04.test,DEMO-FR-POL-0455,2026-01-01,2026-12-31,,
DEMO-FR-0456,True,mock-insurance-v2,FR,SB-180-TP,SB180TP,Peugeot,208,silver,DEMO-FR-INS-00,Hexagone Demo Assurance (fictional),Conducteur fictif FR 0456,conducteur-fr-0456@example.test,Gestionnaire fictif DEMO-FR-INS-00,sinistres@demo-fr-ins-00.test,DEMO-FR-POL-0456,2026-01-01,2026-12-31,,
DEMO-FR-0457,True,mock-insurance-v2,FR,DR-552-PW,DR552PW,Toyota,Yaris,silver,DEMO-FR-INS-01,Azur Demo Auto (fictional),Conducteur fictif FR 0457,conducteur-fr-0457@example.test,Gestionnaire fictif DEMO-FR-INS-01,sinistres@demo-fr-ins-01.test,DEMO-FR-POL-0457,2026-01-01,2026-12-31,,
DEMO-FR-0458,True,mock-insurance-v2,FR,KD-321-LH,KD321LH,Volkswagen,Golf,white,DEMO-FR-INS-02,Loire Demo Motor (fictional),Conducteur fictif FR 0458,conducteur-fr-0458@example.test,Gestionnaire fictif DEMO-FR-INS-02,sinistres@demo-fr-ins-02.test,DEMO-FR-POL-0458,2026-01-01,2026-12-31,,
DEMO-FR-0459,True,mock-insurance-v2,FR,KX-073-ZN,KX073ZN,Toyota,Yaris,blue,DEMO-FR-INS-03,Alpes Demo Assurance (fictional),Conducteur fictif FR 0459,conducteur-fr-0459@example.test,Gestionnaire fictif DEMO-FR-INS-03,sinistres@demo-fr-ins-03.test,DEMO-FR-POL-0459,2026-01-01,2026-12-31,,
DEMO-FR-0460,True,mock-insurance-v2,FR,VN-353-ST,VN353ST,Renault,Clio,grey,DEMO-FR-INS-04,Rivage Demo Auto (fictional),Conducteur fictif FR 0460,conducteur-fr-0460@example.test,Gestionnaire fictif DEMO-FR-INS-04,sinistres@demo-fr-ins-04.test,DEMO-FR-POL-0460,2026-01-01,2026-12-31,,
DEMO-FR-0461,True,mock-insurance-v2,FR,CA-356-WG,CA356WG,Toyota,Yaris,blue,DEMO-FR-INS-00,Hexagone Demo Assurance (fictional),Conducteur fictif FR 0461,conducteur-fr-0461@example.test,Gestionnaire fictif DEMO-FR-INS-00,sinistres@demo-fr-ins-00.test,DEMO-FR-POL-0461,2026-01-01,2026-12-31,,
DEMO-FR-0462,True,mock-insurance-v2,FR,PX-612-AX,PX612AX,Peugeot,208,silver,DEMO-FR-INS-01,Azur Demo Auto (fictional),Conducteur fictif FR 0462,conducteur-fr-0462@example.test,Gestionnaire fictif DEMO-FR-INS-01,sinistres@demo-fr-ins-01.test,DEMO-FR-POL-0462,2026-01-01,2026-12-31,,
DEMO-FR-0463,True,mock-insurance-v2,FR,YC-572-HA,YC572HA,Renault,Clio,black,DEMO-FR-INS-02,Loire Demo Motor (fictional),Conducteur fictif FR 0463,conducteur-fr-0463@example.test,Gestionnaire fictif DEMO-FR-INS-02,sinistres@demo-fr-ins-02.test,DEMO-FR-POL-0463,2026-01-01,2026-12-31,,
DEMO-FR-0464,True,mock-insurance-v2,FR,JN-687-FN,JN687FN,Ford,Focus,red,DEMO-FR-INS-03,Alpes Demo Assurance (fictional),Conducteur fictif FR 0464,conducteur-fr-0464@example.test,Gestionnaire fictif DEMO-FR-INS-03,sinistres@demo-fr-ins-03.test,DEMO-FR-POL-0464,2026-01-01,2026-12-31,,
DEMO-FR-0465,True,mock-insurance-v2,FR,CG-142-GW,CG142GW,Toyota,Yaris,red,DEMO-FR-INS-04,Rivage Demo Auto (fictional),Conducteur fictif FR 0465,conducteur-fr-0465@example.test,Gestionnaire fictif DEMO-FR-INS-04,sinistres@demo-fr-ins-04.test,DEMO-FR-POL-0465,2026-01-01,2026-12-31,,
DEMO-FR-0466,True,mock-insurance-v2,FR,BL-004-MH,BL004MH,BMW,3 Series,grey,DEMO-FR-INS-00,Hexagone Demo Assurance (fictional),Conducteur fictif FR 0466,conducteur-fr-0466@example.test,Gestionnaire fictif DEMO-FR-INS-00,sinistres@demo-fr-ins-00.test,DEMO-FR-POL-0466,2026-01-01,2026-12-31,,
DEMO-FR-0467,True,mock-insurance-v2,FR,FR-616-KL,FR616KL,Volkswagen,Golf,red,DEMO-FR-INS-01,Azur Demo Auto (fictional),Conducteur fictif FR 0467,conducteur-fr-0467@example.test,Gestionnaire fictif DEMO-FR-INS-01,sinistres@demo-fr-ins-01.test,DEMO-FR-POL-0467,2026-01-01,2026-12-31,,
DEMO-FR-0468,True,mock-insurance-v2,FR,XV-873-GT,XV873GT,BMW,3 Series,blue,DEMO-FR-INS-02,Loire Demo Motor (fictional),Conducteur fictif FR 0468,conducteur-fr-0468@example.test,Gestionnaire fictif DEMO-FR-INS-02,sinistres@demo-fr-ins-02.test,DEMO-FR-POL-0468,2026-01-01,2026-12-31,,
DEMO-FR-0469,True,mock-insurance-v2,FR,CM-334-JH,CM334JH,Ford,Focus,red,DEMO-FR-INS-03,Alpes Demo Assurance (fictional),Conducteur fictif FR 0469,conducteur-fr-0469@example.test,Gestionnaire fictif DEMO-FR-INS-03,sinistres@demo-fr-ins-03.test,DEMO-FR-POL-0469,2026-01-01,2026-12-31,,
DEMO-FR-0470,True,mock-insurance-v2,FR,RE-065-PG,RE065PG,BMW,3 Series,silver,DEMO-FR-INS-04,Rivage Demo Auto (fictional),Conducteur fictif FR 0470,conducteur-fr-0470@example.test,Gestionnaire fictif DEMO-FR-INS-04,sinistres@demo-fr-ins-04.test,DEMO-FR-POL-0470,2026-01-01,2026-12-31,,
DEMO-FR-0471,True,mock-insurance-v2,FR,VX-086-TV,VX086TV,Renault,Clio,white,DEMO-FR-INS-00,Hexagone Demo Assurance (fictional),Conducteur fictif FR 0471,conducteur-fr-0471@example.test,Gestionnaire fictif DEMO-FR-INS-00,sinistres@demo-fr-ins-00.test,DEMO-FR-POL-0471,2026-01-01,2026-12-31,,
DEMO-FR-0472,True,mock-insurance-v2,FR,CF-402-TV,CF402TV,BMW,3 Series,white,DEMO-FR-INS-01,Azur Demo Auto (fictional),Conducteur fictif FR 0472,conducteur-fr-0472@example.test,Gestionnaire fictif DEMO-FR-INS-01,sinistres@demo-fr-ins-01.test,DEMO-FR-POL-0472,2026-01-01,2026-12-31,,
DEMO-FR-0473,True,mock-insurance-v2,FR,XB-277-HP,XB277HP,Peugeot,208,silver,DEMO-FR-INS-02,Loire Demo Motor (fictional),Conducteur fictif FR 0473,conducteur-fr-0473@example.test,Gestionnaire fictif DEMO-FR-INS-02,sinistres@demo-fr-ins-02.test,DEMO-FR-POL-0473,2026-01-01,2026-12-31,,
DEMO-FR-0474,True,mock-insurance-v2,FR,GW-464-BZ,GW464BZ,Ford,Focus,silver,DEMO-FR-INS-03,Alpes Demo Assurance (fictional),Conducteur fictif FR 0474,conducteur-fr-0474@example.test,Gestionnaire fictif DEMO-FR-INS-03,sinistres@demo-fr-ins-03.test,DEMO-FR-POL-0474,2026-01-01,2026-12-31,,
DEMO-FR-0475,True,mock-insurance-v2,FR,HK-311-LC,HK311LC,Renault,Clio,black,DEMO-FR-INS-04,Rivage Demo Auto (fictional),Conducteur fictif FR 0475,conducteur-fr-0475@example.test,Gestionnaire fictif DEMO-FR-INS-04,sinistres@demo-fr-ins-04.test,DEMO-FR-POL-0475,2026-01-01,2026-12-31,,
DEMO-FR-0476,True,mock-insurance-v2,FR,PL-178-AN,PL178AN,BMW,3 Series,grey,DEMO-FR-INS-00,Hexagone Demo Assurance (fictional),Conducteur fictif FR 0476,conducteur-fr-0476@example.test,Gestionnaire fictif DEMO-FR-INS-00,sinistres@demo-fr-ins-00.test,DEMO-FR-POL-0476,2026-01-01,2026-12-31,,
DEMO-FR-0477,True,mock-insurance-v2,FR,XZ-356-TD,XZ356TD,Toyota,Yaris,red,DEMO-FR-INS-01,Azur Demo Auto (fictional),Conducteur fictif FR 0477,conducteur-fr-0477@example.test,Gestionnaire fictif DEMO-FR-INS-01,sinistres@demo-fr-ins-01.test,DEMO-FR-POL-0477,2026-01-01,2026-12-31,,
DEMO-FR-0478,True,mock-insurance-v2,FR,LZ-692-PT,LZ692PT,Renault,Clio,red,DEMO-FR-INS-02,Loire Demo Motor (fictional),Conducteur fictif FR 0478,conducteur-fr-0478@example.test,Gestionnaire fictif DEMO-FR-INS-02,sinistres@demo-fr-ins-02.test,DEMO-FR-POL-0478,2026-01-01,2026-12-31,,
DEMO-FR-0479,True,mock-insurance-v2,FR,VN-087-GS,VN087GS,BMW,3 Series,red,DEMO-FR-INS-03,Alpes Demo Assurance (fictional),Conducteur fictif FR 0479,conducteur-fr-0479@example.test,Gestionnaire fictif DEMO-FR-INS-03,sinistres@demo-fr-ins-03.test,DEMO-FR-POL-0479,2026-01-01,2026-12-31,,
DEMO-FR-0480,True,mock-insurance-v2,FR,FF-113-NC,FF113NC,Toyota,Yaris,black,DEMO-FR-INS-04,Rivage Demo Auto (fictional),Conducteur fictif FR 0480,conducteur-fr-0480@example.test,Gestionnaire fictif DEMO-FR-INS-04,sinistres@demo-fr-ins-04.test,DEMO-FR-POL-0480,2026-01-01,2026-12-31,,
DEMO-FR-0481,True,mock-insurance-v2,FR,GM-180-JY,GM180JY,Toyota,Yaris,red,DEMO-FR-INS-00,Hexagone Demo Assurance (fictional),Conducteur fictif FR 0481,conducteur-fr-0481@example.test,Gestionnaire fictif DEMO-FR-INS-00,sinistres@demo-fr-ins-00.test,DEMO-FR-POL-0481,2026-01-01,2026-12-31,,
DEMO-FR-0482,True,mock-insurance-v2,FR,RT-792-DV,RT792DV,BMW,3 Series,black,DEMO-FR-INS-01,Azur Demo Auto (fictional),Conducteur fictif FR 0482,conducteur-fr-0482@example.test,Gestionnaire fictif DEMO-FR-INS-01,sinistres@demo-fr-ins-01.test,DEMO-FR-POL-0482,2026-01-01,2026-12-31,,
DEMO-FR-0483,True,mock-insurance-v2,FR,DH-204-DK,DH204DK,BMW,3 Series,white,DEMO-FR-INS-02,Loire Demo Motor (fictional),Conducteur fictif FR 0483,conducteur-fr-0483@example.test,Gestionnaire fictif DEMO-FR-INS-02,sinistres@demo-fr-ins-02.test,DEMO-FR-POL-0483,2026-01-01,2026-12-31,,
DEMO-FR-0484,True,mock-insurance-v2,FR,YW-022-WX,YW022WX,BMW,3 Series,red,DEMO-FR-INS-03,Alpes Demo Assurance (fictional),Conducteur fictif FR 0484,conducteur-fr-0484@example.test,Gestionnaire fictif DEMO-FR-INS-03,sinistres@demo-fr-ins-03.test,DEMO-FR-POL-0484,2026-01-01,2026-12-31,,
DEMO-FR-0485,True,mock-insurance-v2,FR,AV-112-WK,AV112WK,BMW,3 Series,blue,DEMO-FR-INS-04,Rivage Demo Auto (fictional),Conducteur fictif FR 0485,conducteur-fr-0485@example.test,Gestionnaire fictif DEMO-FR-INS-04,sinistres@demo-fr-ins-04.test,DEMO-FR-POL-0485,2026-01-01,2026-12-31,,
DEMO-FR-0486,True,mock-insurance-v2,FR,YH-471-LB,YH471LB,Ford,Focus,grey,DEMO-FR-INS-00,Hexagone Demo Assurance (fictional),Conducteur fictif FR 0486,conducteur-fr-0486@example.test,Gestionnaire fictif DEMO-FR-INS-00,sinistres@demo-fr-ins-00.test,DEMO-FR-POL-0486,2026-01-01,2026-12-31,,
DEMO-FR-0487,True,mock-insurance-v2,FR,HV-257-NK,HV257NK,Toyota,Yaris,white,DEMO-FR-INS-01,Azur Demo Auto (fictional),Conducteur fictif FR 0487,conducteur-fr-0487@example.test,Gestionnaire fictif DEMO-FR-INS-01,sinistres@demo-fr-ins-01.test,DEMO-FR-POL-0487,2026-01-01,2026-12-31,,
DEMO-FR-0488,True,mock-insurance-v2,FR,TC-897-SR,TC897SR,BMW,3 Series,blue,DEMO-FR-INS-02,Loire Demo Motor (fictional),Conducteur fictif FR 0488,conducteur-fr-0488@example.test,Gestionnaire fictif DEMO-FR-INS-02,sinistres@demo-fr-ins-02.test,DEMO-FR-POL-0488,2026-01-01,2026-12-31,,
DEMO-FR-0489,True,mock-insurance-v2,FR,KL-746-DN,KL746DN,BMW,3 Series,blue,DEMO-FR-INS-03,Alpes Demo Assurance (fictional),Conducteur fictif FR 0489,conducteur-fr-0489@example.test,Gestionnaire fictif DEMO-FR-INS-03,sinistres@demo-fr-ins-03.test,DEMO-FR-POL-0489,2026-01-01,2026-12-31,,
DEMO-FR-0490,True,mock-insurance-v2,FR,PN-831-KG,PN831KG,Ford,Focus,red,DEMO-FR-INS-04,Rivage Demo Auto (fictional),Conducteur fictif FR 0490,conducteur-fr-0490@example.test,Gestionnaire fictif DEMO-FR-INS-04,sinistres@demo-fr-ins-04.test,DEMO-FR-POL-0490,2026-01-01,2026-12-31,,
DEMO-FR-0491,True,mock-insurance-v2,FR,FY-142-CN,FY142CN,BMW,3 Series,black,DEMO-FR-INS-00,Hexagone Demo Assurance (fictional),Conducteur fictif FR 0491,conducteur-fr-0491@example.test,Gestionnaire fictif DEMO-FR-INS-00,sinistres@demo-fr-ins-00.test,DEMO-FR-POL-0491,2026-01-01,2026-12-31,,
DEMO-FR-0492,True,mock-insurance-v2,FR,GS-667-DR,GS667DR,Ford,Focus,blue,DEMO-FR-INS-01,Azur Demo Auto (fictional),Conducteur fictif FR 0492,conducteur-fr-0492@example.test,Gestionnaire fictif DEMO-FR-INS-01,sinistres@demo-fr-ins-01.test,DEMO-FR-POL-0492,2026-01-01,2026-12-31,,
DEMO-FR-0493,True,mock-insurance-v2,FR,AE-332-DP,AE332DP,Toyota,Yaris,silver,DEMO-FR-INS-02,Loire Demo Motor (fictional),Conducteur fictif FR 0493,conducteur-fr-0493@example.test,Gestionnaire fictif DEMO-FR-INS-02,sinistres@demo-fr-ins-02.test,DEMO-FR-POL-0493,2026-01-01,2026-12-31,,
DEMO-FR-0494,True,mock-insurance-v2,FR,GR-878-AB,GR878AB,Peugeot,208,red,DEMO-FR-INS-03,Alpes Demo Assurance (fictional),Conducteur fictif FR 0494,conducteur-fr-0494@example.test,Gestionnaire fictif DEMO-FR-INS-03,sinistres@demo-fr-ins-03.test,DEMO-FR-POL-0494,2026-01-01,2026-12-31,,
DEMO-FR-0495,True,mock-insurance-v2,FR,BT-674-XC,BT674XC,Peugeot,208,red,DEMO-FR-INS-04,Rivage Demo Auto (fictional),Conducteur fictif FR 0495,conducteur-fr-0495@example.test,Gestionnaire fictif DEMO-FR-INS-04,sinistres@demo-fr-ins-04.test,DEMO-FR-POL-0495,2026-01-01,2026-12-31,,
DEMO-FR-0496,True,mock-insurance-v2,FR,YA-367-HE,YA367HE,Toyota,Yaris,white,DEMO-FR-INS-00,Hexagone Demo Assurance (fictional),Conducteur fictif FR 0496,conducteur-fr-0496@example.test,Gestionnaire fictif DEMO-FR-INS-00,sinistres@demo-fr-ins-00.test,DEMO-FR-POL-0496,2026-01-01,2026-12-31,,
DEMO-FR-0497,True,mock-insurance-v2,FR,JT-796-YP,JT796YP,Ford,Focus,grey,DEMO-FR-INS-01,Azur Demo Auto (fictional),Conducteur fictif FR 0497,conducteur-fr-0497@example.test,Gestionnaire fictif DEMO-FR-INS-01,sinistres@demo-fr-ins-01.test,DEMO-FR-POL-0497,2026-01-01,2026-12-31,,
DEMO-FR-0498,True,mock-insurance-v2,FR,NJ-246-KH,NJ246KH,Volkswagen,Golf,red,DEMO-FR-INS-02,Loire Demo Motor (fictional),Conducteur fictif FR 0498,conducteur-fr-0498@example.test,Gestionnaire fictif DEMO-FR-INS-02,sinistres@demo-fr-ins-02.test,DEMO-FR-POL-0498,2026-01-01,2026-12-31,,
DEMO-FR-0499,True,mock-insurance-v2,FR,RT-683-PV,RT683PV,BMW,3 Series,red,DEMO-FR-INS-03,Alpes Demo Assurance (fictional),Conducteur fictif FR 0499,conducteur-fr-0499@example.test,Gestionnaire fictif DEMO-FR-INS-03,sinistres@demo-fr-ins-03.test,DEMO-FR-POL-0499,2026-01-01,2026-12-31,,
DEMO-FR-0500,True,mock-insurance-v2,FR,RX-675-DS,RX675DS,Volkswagen,Golf,grey,DEMO-FR-INS-04,Rivage Demo Auto (fictional),Conducteur fictif FR 0500,conducteur-fr-0500@example.test,Gestionnaire fictif DEMO-FR-INS-04,sinistres@demo-fr-ins-04.test,DEMO-FR-POL-0500,2026-01-01,2026-12-31,,
DEMO-FR-0501,True,mock-insurance-v2,FR,TD-267-MP,TD267MP,Peugeot,208,silver,DEMO-FR-INS-00,Hexagone Demo Assurance (fictional),Conducteur fictif FR 0501,conducteur-fr-0501@example.test,Gestionnaire fictif DEMO-FR-INS-00,sinistres@demo-fr-ins-00.test,DEMO-FR-POL-0501,2026-01-01,2026-12-31,,
DEMO-FR-0502,True,mock-insurance-v2,FR,SA-327-NM,SA327NM,Toyota,Yaris,white,DEMO-FR-INS-01,Azur Demo Auto (fictional),Conducteur fictif FR 0502,conducteur-fr-0502@example.test,Gestionnaire fictif DEMO-FR-INS-01,sinistres@demo-fr-ins-01.test,DEMO-FR-POL-0502,2026-01-01,2026-12-31,,
DEMO-FR-0503,True,mock-insurance-v2,FR,FC-890-JN,FC890JN,Ford,Focus,black,DEMO-FR-INS-02,Loire Demo Motor (fictional),Conducteur fictif FR 0503,conducteur-fr-0503@example.test,Gestionnaire fictif DEMO-FR-INS-02,sinistres@demo-fr-ins-02.test,DEMO-FR-POL-0503,2026-01-01,2026-12-31,,
DEMO-FR-0504,True,mock-insurance-v2,FR,JA-855-PZ,JA855PZ,Peugeot,208,grey,DEMO-FR-INS-03,Alpes Demo Assurance (fictional),Conducteur fictif FR 0504,conducteur-fr-0504@example.test,Gestionnaire fictif DEMO-FR-INS-03,sinistres@demo-fr-ins-03.test,DEMO-FR-POL-0504,2026-01-01,2026-12-31,,
DEMO-FR-0505,True,mock-insurance-v2,FR,ZK-340-RY,ZK340RY,Volkswagen,Golf,grey,DEMO-FR-INS-04,Rivage Demo Auto (fictional),Conducteur fictif FR 0505,conducteur-fr-0505@example.test,Gestionnaire fictif DEMO-FR-INS-04,sinistres@demo-fr-ins-04.test,DEMO-FR-POL-0505,2026-01-01,2026-12-31,,
DEMO-FR-0506,True,mock-insurance-v2,FR,SF-361-GT,SF361GT,Peugeot,208,silver,DEMO-FR-INS-00,Hexagone Demo Assurance (fictional),Conducteur fictif FR 0506,conducteur-fr-0506@example.test,Gestionnaire fictif DEMO-FR-INS-00,sinistres@demo-fr-ins-00.test,DEMO-FR-POL-0506,2026-01-01,2026-12-31,,
DEMO-FR-0507,True,mock-insurance-v2,FR,NM-854-YA,NM854YA,Ford,Focus,red,DEMO-FR-INS-01,Azur Demo Auto (fictional),Conducteur fictif FR 0507,conducteur-fr-0507@example.test,Gestionnaire fictif DEMO-FR-INS-01,sinistres@demo-fr-ins-01.test,DEMO-FR-POL-0507,2026-01-01,2026-12-31,,
DEMO-FR-0508,True,mock-insurance-v2,FR,GN-754-WB,GN754WB,Ford,Focus,white,DEMO-FR-INS-02,Loire Demo Motor (fictional),Conducteur fictif FR 0508,conducteur-fr-0508@example.test,Gestionnaire fictif DEMO-FR-INS-02,sinistres@demo-fr-ins-02.test,DEMO-FR-POL-0508,2026-01-01,2026-12-31,,
DEMO-FR-0509,True,mock-insurance-v2,FR,SA-731-AX,SA731AX,Toyota,Yaris,black,DEMO-FR-INS-03,Alpes Demo Assurance (fictional),Conducteur fictif FR 0509,conducteur-fr-0509@example.test,Gestionnaire fictif DEMO-FR-INS-03,sinistres@demo-fr-ins-03.test,DEMO-FR-POL-0509,2026-01-01,2026-12-31,,
DEMO-FR-0510,True,mock-insurance-v2,FR,GM-672-BD,GM672BD,Toyota,Yaris,grey,DEMO-FR-INS-04,Rivage Demo Auto (fictional),Conducteur fictif FR 0510,conducteur-fr-0510@example.test,Gestionnaire fictif DEMO-FR-INS-04,sinistres@demo-fr-ins-04.test,DEMO-FR-POL-0510,2026-01-01,2026-12-31,,
DEMO-FR-0511,True,mock-insurance-v2,FR,PJ-653-TK,PJ653TK,Renault,Clio,black,DEMO-FR-INS-00,Hexagone Demo Assurance (fictional),Conducteur fictif FR 0511,conducteur-fr-0511@example.test,Gestionnaire fictif DEMO-FR-INS-00,sinistres@demo-fr-ins-00.test,DEMO-FR-POL-0511,2026-01-01,2026-12-31,,
DEMO-FR-0512,True,mock-insurance-v2,FR,GN-497-CA,GN497CA,Ford,Focus,white,DEMO-FR-INS-01,Azur Demo Auto (fictional),Conducteur fictif FR 0512,conducteur-fr-0512@example.test,Gestionnaire fictif DEMO-FR-INS-01,sinistres@demo-fr-ins-01.test,DEMO-FR-POL-0512,2026-01-01,2026-12-31,,
DEMO-FR-0513,True,mock-insurance-v2,FR,HR-409-RZ,HR409RZ,BMW,3 Series,grey,DEMO-FR-INS-02,Loire Demo Motor (fictional),Conducteur fictif FR 0513,conducteur-fr-0513@example.test,Gestionnaire fictif DEMO-FR-INS-02,sinistres@demo-fr-ins-02.test,DEMO-FR-POL-0513,2026-01-01,2026-12-31,,
DEMO-FR-0514,True,mock-insurance-v2,FR,FH-235-AK,FH235AK,Toyota,Yaris,grey,DEMO-FR-INS-03,Alpes Demo Assurance (fictional),Conducteur fictif FR 0514,conducteur-fr-0514@example.test,Gestionnaire fictif DEMO-FR-INS-03,sinistres@demo-fr-ins-03.test,DEMO-FR-POL-0514,2026-01-01,2026-12-31,,
DEMO-FR-0515,True,mock-insurance-v2,FR,RF-946-BZ,RF946BZ,Volkswagen,Golf,white,DEMO-FR-INS-04,Rivage Demo Auto (fictional),Conducteur fictif FR 0515,conducteur-fr-0515@example.test,Gestionnaire fictif DEMO-FR-INS-04,sinistres@demo-fr-ins-04.test,DEMO-FR-POL-0515,2026-01-01,2026-12-31,,
DEMO-FR-0516,True,mock-insurance-v2,FR,LJ-082-BW,LJ082BW,Peugeot,208,blue,DEMO-FR-INS-00,Hexagone Demo Assurance (fictional),Conducteur fictif FR 0516,conducteur-fr-0516@example.test,Gestionnaire fictif DEMO-FR-INS-00,sinistres@demo-fr-ins-00.test,DEMO-FR-POL-0516,2026-01-01,2026-12-31,,
DEMO-FR-0517,True,mock-insurance-v2,FR,EA-454-WF,EA454WF,BMW,3 Series,red,DEMO-FR-INS-01,Azur Demo Auto (fictional),Conducteur fictif FR 0517,conducteur-fr-0517@example.test,Gestionnaire fictif DEMO-FR-INS-01,sinistres@demo-fr-ins-01.test,DEMO-FR-POL-0517,2026-01-01,2026-12-31,,
DEMO-FR-0518,True,mock-insurance-v2,FR,BR-564-VC,BR564VC,BMW,3 Series,grey,DEMO-FR-INS-02,Loire Demo Motor (fictional),Conducteur fictif FR 0518,conducteur-fr-0518@example.test,Gestionnaire fictif DEMO-FR-INS-02,sinistres@demo-fr-ins-02.test,DEMO-FR-POL-0518,2026-01-01,2026-12-31,,
DEMO-FR-0519,True,mock-insurance-v2,FR,TE-997-RV,TE997RV,Ford,Focus,blue,DEMO-FR-INS-03,Alpes Demo Assurance (fictional),Conducteur fictif FR 0519,conducteur-fr-0519@example.test,Gestionnaire fictif DEMO-FR-INS-03,sinistres@demo-fr-ins-03.test,DEMO-FR-POL-0519,2026-01-01,2026-12-31,,
DEMO-FR-0520,True,mock-insurance-v2,FR,WJ-221-EW,WJ221EW,Toyota,Yaris,blue,DEMO-FR-INS-04,Rivage Demo Auto (fictional),Conducteur fictif FR 0520,conducteur-fr-0520@example.test,Gestionnaire fictif DEMO-FR-INS-04,sinistres@demo-fr-ins-04.test,DEMO-FR-POL-0520,2026-01-01,2026-12-31,,
DEMO-FR-0521,True,mock-insurance-v2,FR,KA-190-XG,KA190XG,Peugeot,208,white,DEMO-FR-INS-00,Hexagone Demo Assurance (fictional),Conducteur fictif FR 0521,conducteur-fr-0521@example.test,Gestionnaire fictif DEMO-FR-INS-00,sinistres@demo-fr-ins-00.test,DEMO-FR-POL-0521,2026-01-01,2026-12-31,,
DEMO-FR-0522,True,mock-insurance-v2,FR,YX-916-GC,YX916GC,BMW,3 Series,black,DEMO-FR-INS-01,Azur Demo Auto (fictional),Conducteur fictif FR 0522,conducteur-fr-0522@example.test,Gestionnaire fictif DEMO-FR-INS-01,sinistres@demo-fr-ins-01.test,DEMO-FR-POL-0522,2026-01-01,2026-12-31,,
DEMO-FR-0523,True,mock-insurance-v2,FR,RA-343-KY,RA343KY,Toyota,Yaris,grey,DEMO-FR-INS-02,Loire Demo Motor (fictional),Conducteur fictif FR 0523,conducteur-fr-0523@example.test,Gestionnaire fictif DEMO-FR-INS-02,sinistres@demo-fr-ins-02.test,DEMO-FR-POL-0523,2026-01-01,2026-12-31,,
DEMO-FR-0524,True,mock-insurance-v2,FR,XG-805-NE,XG805NE,Toyota,Yaris,red,DEMO-FR-INS-03,Alpes Demo Assurance (fictional),Conducteur fictif FR 0524,conducteur-fr-0524@example.test,Gestionnaire fictif DEMO-FR-INS-03,sinistres@demo-fr-ins-03.test,DEMO-FR-POL-0524,2026-01-01,2026-12-31,,
DEMO-FR-0525,True,mock-insurance-v2,FR,WX-100-VG,WX100VG,Volkswagen,Golf,grey,DEMO-FR-INS-04,Rivage Demo Auto (fictional),Conducteur fictif FR 0525,conducteur-fr-0525@example.test,Gestionnaire fictif DEMO-FR-INS-04,sinistres@demo-fr-ins-04.test,DEMO-FR-POL-0525,2026-01-01,2026-12-31,,
DEMO-FR-0526,True,mock-insurance-v2,FR,CC-142-GA,CC142GA,Renault,Clio,blue,DEMO-FR-INS-00,Hexagone Demo Assurance (fictional),Conducteur fictif FR 0526,conducteur-fr-0526@example.test,Gestionnaire fictif DEMO-FR-INS-00,sinistres@demo-fr-ins-00.test,DEMO-FR-POL-0526,2026-01-01,2026-12-31,,
DEMO-FR-0527,True,mock-insurance-v2,FR,DX-698-HC,DX698HC,Ford,Focus,white,DEMO-FR-INS-01,Azur Demo Auto (fictional),Conducteur fictif FR 0527,conducteur-fr-0527@example.test,Gestionnaire fictif DEMO-FR-INS-01,sinistres@demo-fr-ins-01.test,DEMO-FR-POL-0527,2026-01-01,2026-12-31,,
DEMO-FR-0528,True,mock-insurance-v2,FR,WE-271-PW,WE271PW,Volkswagen,Golf,white,DEMO-FR-INS-02,Loire Demo Motor (fictional),Conducteur fictif FR 0528,conducteur-fr-0528@example.test,Gestionnaire fictif DEMO-FR-INS-02,sinistres@demo-fr-ins-02.test,DEMO-FR-POL-0528,2026-01-01,2026-12-31,,
DEMO-FR-0529,True,mock-insurance-v2,FR,LS-443-XP,LS443XP,Volkswagen,Golf,blue,DEMO-FR-INS-03,Alpes Demo Assurance (fictional),Conducteur fictif FR 0529,conducteur-fr-0529@example.test,Gestionnaire fictif DEMO-FR-INS-03,sinistres@demo-fr-ins-03.test,DEMO-FR-POL-0529,2026-01-01,2026-12-31,,
DEMO-FR-0530,True,mock-insurance-v2,FR,JJ-500-BJ,JJ500BJ,Toyota,Yaris,blue,DEMO-FR-INS-04,Rivage Demo Auto (fictional),Conducteur fictif FR 0530,conducteur-fr-0530@example.test,Gestionnaire fictif DEMO-FR-INS-04,sinistres@demo-fr-ins-04.test,DEMO-FR-POL-0530,2026-01-01,2026-12-31,,
DEMO-FR-0531,True,mock-insurance-v2,FR,AH-713-TK,AH713TK,Peugeot,208,blue,DEMO-FR-INS-00,Hexagone Demo Assurance (fictional),Conducteur fictif FR 0531,conducteur-fr-0531@example.test,Gestionnaire fictif DEMO-FR-INS-00,sinistres@demo-fr-ins-00.test,DEMO-FR-POL-0531,2026-01-01,2026-12-31,,
DEMO-FR-0532,True,mock-insurance-v2,FR,DB-845-ZT,DB845ZT,BMW,3 Series,white,DEMO-FR-INS-01,Azur Demo Auto (fictional),Conducteur fictif FR 0532,conducteur-fr-0532@example.test,Gestionnaire fictif DEMO-FR-INS-01,sinistres@demo-fr-ins-01.test,DEMO-FR-POL-0532,2026-01-01,2026-12-31,,
DEMO-FR-0533,True,mock-insurance-v2,FR,PK-097-XG,PK097XG,Peugeot,208,silver,DEMO-FR-INS-02,Loire Demo Motor (fictional),Conducteur fictif FR 0533,conducteur-fr-0533@example.test,Gestionnaire fictif DEMO-FR-INS-02,sinistres@demo-fr-ins-02.test,DEMO-FR-POL-0533,2026-01-01,2026-12-31,,
DEMO-FR-0534,True,mock-insurance-v2,FR,JA-589-MZ,JA589MZ,Peugeot,208,black,DEMO-FR-INS-03,Alpes Demo Assurance (fictional),Conducteur fictif FR 0534,conducteur-fr-0534@example.test,Gestionnaire fictif DEMO-FR-INS-03,sinistres@demo-fr-ins-03.test,DEMO-FR-POL-0534,2026-01-01,2026-12-31,,
DEMO-FR-0535,True,mock-insurance-v2,FR,NX-777-JA,NX777JA,Volkswagen,Golf,grey,DEMO-FR-INS-04,Rivage Demo Auto (fictional),Conducteur fictif FR 0535,conducteur-fr-0535@example.test,Gestionnaire fictif DEMO-FR-INS-04,sinistres@demo-fr-ins-04.test,DEMO-FR-POL-0535,2026-01-01,2026-12-31,,
DEMO-FR-0536,True,mock-insurance-v2,FR,PN-059-PR,PN059PR,BMW,3 Series,grey,DEMO-FR-INS-00,Hexagone Demo Assurance (fictional),Conducteur fictif FR 0536,conducteur-fr-0536@example.test,Gestionnaire fictif DEMO-FR-INS-00,sinistres@demo-fr-ins-00.test,DEMO-FR-POL-0536,2026-01-01,2026-12-31,,
DEMO-FR-0537,True,mock-insurance-v2,FR,KE-357-LX,KE357LX,Renault,Clio,black,DEMO-FR-INS-01,Azur Demo Auto (fictional),Conducteur fictif FR 0537,conducteur-fr-0537@example.test,Gestionnaire fictif DEMO-FR-INS-01,sinistres@demo-fr-ins-01.test,DEMO-FR-POL-0537,2026-01-01,2026-12-31,,
DEMO-FR-0538,True,mock-insurance-v2,FR,XM-669-ET,XM669ET,Renault,Clio,white,DEMO-FR-INS-02,Loire Demo Motor (fictional),Conducteur fictif FR 0538,conducteur-fr-0538@example.test,Gestionnaire fictif DEMO-FR-INS-02,sinistres@demo-fr-ins-02.test,DEMO-FR-POL-0538,2026-01-01,2026-12-31,,
DEMO-FR-0539,True,mock-insurance-v2,FR,SN-108-SD,SN108SD,Ford,Focus,black,DEMO-FR-INS-03,Alpes Demo Assurance (fictional),Conducteur fictif FR 0539,conducteur-fr-0539@example.test,Gestionnaire fictif DEMO-FR-INS-03,sinistres@demo-fr-ins-03.test,DEMO-FR-POL-0539,2026-01-01,2026-12-31,,
DEMO-FR-0540,True,mock-insurance-v2,FR,XK-072-FE,XK072FE,BMW,3 Series,white,DEMO-FR-INS-04,Rivage Demo Auto (fictional),Conducteur fictif FR 0540,conducteur-fr-0540@example.test,Gestionnaire fictif DEMO-FR-INS-04,sinistres@demo-fr-ins-04.test,DEMO-FR-POL-0540,2026-01-01,2026-12-31,,
DEMO-FR-0541,True,mock-insurance-v2,FR,VC-253-ML,VC253ML,Toyota,Yaris,silver,DEMO-FR-INS-00,Hexagone Demo Assurance (fictional),Conducteur fictif FR 0541,conducteur-fr-0541@example.test,Gestionnaire fictif DEMO-FR-INS-00,sinistres@demo-fr-ins-00.test,DEMO-FR-POL-0541,2026-01-01,2026-12-31,,
DEMO-FR-0542,True,mock-insurance-v2,FR,XF-470-RV,XF470RV,BMW,3 Series,blue,DEMO-FR-INS-01,Azur Demo Auto (fictional),Conducteur fictif FR 0542,conducteur-fr-0542@example.test,Gestionnaire fictif DEMO-FR-INS-01,sinistres@demo-fr-ins-01.test,DEMO-FR-POL-0542,2026-01-01,2026-12-31,,
DEMO-FR-0543,True,mock-insurance-v2,FR,PJ-309-PS,PJ309PS,Toyota,Yaris,white,DEMO-FR-INS-02,Loire Demo Motor (fictional),Conducteur fictif FR 0543,conducteur-fr-0543@example.test,Gestionnaire fictif DEMO-FR-INS-02,sinistres@demo-fr-ins-02.test,DEMO-FR-POL-0543,2026-01-01,2026-12-31,,
DEMO-FR-0544,True,mock-insurance-v2,FR,MH-717-XP,MH717XP,BMW,3 Series,red,DEMO-FR-INS-03,Alpes Demo Assurance (fictional),Conducteur fictif FR 0544,conducteur-fr-0544@example.test,Gestionnaire fictif DEMO-FR-INS-03,sinistres@demo-fr-ins-03.test,DEMO-FR-POL-0544,2026-01-01,2026-12-31,,
DEMO-FR-0545,True,mock-insurance-v2,FR,ZF-133-PV,ZF133PV,BMW,3 Series,grey,DEMO-FR-INS-04,Rivage Demo Auto (fictional),Conducteur fictif FR 0545,conducteur-fr-0545@example.test,Gestionnaire fictif DEMO-FR-INS-04,sinistres@demo-fr-ins-04.test,DEMO-FR-POL-0545,2026-01-01,2026-12-31,,
DEMO-FR-0546,True,mock-insurance-v2,FR,HT-401-LG,HT401LG,Ford,Focus,white,DEMO-FR-INS-00,Hexagone Demo Assurance (fictional),Conducteur fictif FR 0546,conducteur-fr-0546@example.test,Gestionnaire fictif DEMO-FR-INS-00,sinistres@demo-fr-ins-00.test,DEMO-FR-POL-0546,2026-01-01,2026-12-31,,
DEMO-FR-0547,True,mock-insurance-v2,FR,MG-811-JD,MG811JD,Renault,Clio,grey,DEMO-FR-INS-01,Azur Demo Auto (fictional),Conducteur fictif FR 0547,conducteur-fr-0547@example.test,Gestionnaire fictif DEMO-FR-INS-01,sinistres@demo-fr-ins-01.test,DEMO-FR-POL-0547,2026-01-01,2026-12-31,,
DEMO-FR-0548,True,mock-insurance-v2,FR,CA-070-BG,CA070BG,Toyota,Yaris,black,DEMO-FR-INS-02,Loire Demo Motor (fictional),Conducteur fictif FR 0548,conducteur-fr-0548@example.test,Gestionnaire fictif DEMO-FR-INS-02,sinistres@demo-fr-ins-02.test,DEMO-FR-POL-0548,2026-01-01,2026-12-31,,
DEMO-FR-0549,True,mock-insurance-v2,FR,ES-133-NN,ES133NN,BMW,3 Series,grey,DEMO-FR-INS-03,Alpes Demo Assurance (fictional),Conducteur fictif FR 0549,conducteur-fr-0549@example.test,Gestionnaire fictif DEMO-FR-INS-03,sinistres@demo-fr-ins-03.test,DEMO-FR-POL-0549,2026-01-01,2026-12-31,,
DEMO-FR-0550,True,mock-insurance-v2,FR,BV-501-YR,BV501YR,BMW,3 Series,grey,DEMO-FR-INS-04,Rivage Demo Auto (fictional),Conducteur fictif FR 0550,conducteur-fr-0550@example.test,Gestionnaire fictif DEMO-FR-INS-04,sinistres@demo-fr-ins-04.test,DEMO-FR-POL-0550,2026-01-01,2026-12-31,,
DEMO-FR-0551,True,mock-insurance-v2,FR,HD-431-KK,HD431KK,Ford,Focus,silver,DEMO-FR-INS-00,Hexagone Demo Assurance (fictional),Conducteur fictif FR 0551,conducteur-fr-0551@example.test,Gestionnaire fictif DEMO-FR-INS-00,sinistres@demo-fr-ins-00.test,DEMO-FR-POL-0551,2026-01-01,2026-12-31,,
DEMO-FR-0552,True,mock-insurance-v2,FR,RJ-752-WX,RJ752WX,Renault,Clio,silver,DEMO-FR-INS-01,Azur Demo Auto (fictional),Conducteur fictif FR 0552,conducteur-fr-0552@example.test,Gestionnaire fictif DEMO-FR-INS-01,sinistres@demo-fr-ins-01.test,DEMO-FR-POL-0552,2026-01-01,2026-12-31,,
DEMO-FR-0553,True,mock-insurance-v2,FR,CJ-900-LM,CJ900LM,Volkswagen,Golf,black,DEMO-FR-INS-02,Loire Demo Motor (fictional),Conducteur fictif FR 0553,conducteur-fr-0553@example.test,Gestionnaire fictif DEMO-FR-INS-02,sinistres@demo-fr-ins-02.test,DEMO-FR-POL-0553,2026-01-01,2026-12-31,,
DEMO-FR-0554,True,mock-insurance-v2,FR,WE-414-GZ,WE414GZ,Ford,Focus,silver,DEMO-FR-INS-03,Alpes Demo Assurance (fictional),Conducteur fictif FR 0554,conducteur-fr-0554@example.test,Gestionnaire fictif DEMO-FR-INS-03,sinistres@demo-fr-ins-03.test,DEMO-FR-POL-0554,2026-01-01,2026-12-31,,
DEMO-FR-0555,True,mock-insurance-v2,FR,JN-648-LW,JN648LW,Peugeot,208,white,DEMO-FR-INS-04,Rivage Demo Auto (fictional),Conducteur fictif FR 0555,conducteur-fr-0555@example.test,Gestionnaire fictif DEMO-FR-INS-04,sinistres@demo-fr-ins-04.test,DEMO-FR-POL-0555,2026-01-01,2026-12-31,,
DEMO-FR-0556,True,mock-insurance-v2,FR,YT-780-FB,YT780FB,Ford,Focus,blue,DEMO-FR-INS-00,Hexagone Demo Assurance (fictional),Conducteur fictif FR 0556,conducteur-fr-0556@example.test,Gestionnaire fictif DEMO-FR-INS-00,sinistres@demo-fr-ins-00.test,DEMO-FR-POL-0556,2026-01-01,2026-12-31,,
DEMO-FR-0557,True,mock-insurance-v2,FR,WB-867-GX,WB867GX,Volkswagen,Golf,blue,DEMO-FR-INS-01,Azur Demo Auto (fictional),Conducteur fictif FR 0557,conducteur-fr-0557@example.test,Gestionnaire fictif DEMO-FR-INS-01,sinistres@demo-fr-ins-01.test,DEMO-FR-POL-0557,2026-01-01,2026-12-31,,
DEMO-FR-0558,True,mock-insurance-v2,FR,KL-173-ZN,KL173ZN,Renault,Clio,white,DEMO-FR-INS-02,Loire Demo Motor (fictional),Conducteur fictif FR 0558,conducteur-fr-0558@example.test,Gestionnaire fictif DEMO-FR-INS-02,sinistres@demo-fr-ins-02.test,DEMO-FR-POL-0558,2026-01-01,2026-12-31,,
DEMO-FR-0559,True,mock-insurance-v2,FR,CH-051-LR,CH051LR,Peugeot,208,white,DEMO-FR-INS-03,Alpes Demo Assurance (fictional),Conducteur fictif FR 0559,conducteur-fr-0559@example.test,Gestionnaire fictif DEMO-FR-INS-03,sinistres@demo-fr-ins-03.test,DEMO-FR-POL-0559,2026-01-01,2026-12-31,,
DEMO-FR-0560,True,mock-insurance-v2,FR,DL-869-LC,DL869LC,Renault,Clio,grey,DEMO-FR-INS-04,Rivage Demo Auto (fictional),Conducteur fictif FR 0560,conducteur-fr-0560@example.test,Gestionnaire fictif DEMO-FR-INS-04,sinistres@demo-fr-ins-04.test,DEMO-FR-POL-0560,2026-01-01,2026-12-31,,
DEMO-FR-0561,True,mock-insurance-v2,FR,FP-675-NR,FP675NR,Peugeot,208,blue,DEMO-FR-INS-00,Hexagone Demo Assurance (fictional),Conducteur fictif FR 0561,conducteur-fr-0561@example.test,Gestionnaire fictif DEMO-FR-INS-00,sinistres@demo-fr-ins-00.test,DEMO-FR-POL-0561,2026-01-01,2026-12-31,,
DEMO-FR-0562,True,mock-insurance-v2,FR,MV-558-XT,MV558XT,Ford,Focus,white,DEMO-FR-INS-01,Azur Demo Auto (fictional),Conducteur fictif FR 0562,conducteur-fr-0562@example.test,Gestionnaire fictif DEMO-FR-INS-01,sinistres@demo-fr-ins-01.test,DEMO-FR-POL-0562,2026-01-01,2026-12-31,,
DEMO-FR-0563,True,mock-insurance-v2,FR,YD-239-HJ,YD239HJ,Renault,Clio,red,DEMO-FR-INS-02,Loire Demo Motor (fictional),Conducteur fictif FR 0563,conducteur-fr-0563@example.test,Gestionnaire fictif DEMO-FR-INS-02,sinistres@demo-fr-ins-02.test,DEMO-FR-POL-0563,2026-01-01,2026-12-31,,
DEMO-FR-0564,True,mock-insurance-v2,FR,KK-264-BG,KK264BG,Toyota,Yaris,blue,DEMO-FR-INS-03,Alpes Demo Assurance (fictional),Conducteur fictif FR 0564,conducteur-fr-0564@example.test,Gestionnaire fictif DEMO-FR-INS-03,sinistres@demo-fr-ins-03.test,DEMO-FR-POL-0564,2026-01-01,2026-12-31,,
DEMO-FR-0565,True,mock-insurance-v2,FR,JY-128-HW,JY128HW,BMW,3 Series,blue,DEMO-FR-INS-04,Rivage Demo Auto (fictional),Conducteur fictif FR 0565,conducteur-fr-0565@example.test,Gestionnaire fictif DEMO-FR-INS-04,sinistres@demo-fr-ins-04.test,DEMO-FR-POL-0565,2026-01-01,2026-12-31,,
DEMO-FR-0566,True,mock-insurance-v2,FR,NZ-482-JL,NZ482JL,Volkswagen,Golf,red,DEMO-FR-INS-00,Hexagone Demo Assurance (fictional),Conducteur fictif FR 0566,conducteur-fr-0566@example.test,Gestionnaire fictif DEMO-FR-INS-00,sinistres@demo-fr-ins-00.test,DEMO-FR-POL-0566,2026-01-01,2026-12-31,,
DEMO-FR-0567,True,mock-insurance-v2,FR,ZK-582-DL,ZK582DL,Ford,Focus,blue,DEMO-FR-INS-01,Azur Demo Auto (fictional),Conducteur fictif FR 0567,conducteur-fr-0567@example.test,Gestionnaire fictif DEMO-FR-INS-01,sinistres@demo-fr-ins-01.test,DEMO-FR-POL-0567,2026-01-01,2026-12-31,,
DEMO-FR-0568,True,mock-insurance-v2,FR,NP-568-SE,NP568SE,Peugeot,208,white,DEMO-FR-INS-02,Loire Demo Motor (fictional),Conducteur fictif FR 0568,conducteur-fr-0568@example.test,Gestionnaire fictif DEMO-FR-INS-02,sinistres@demo-fr-ins-02.test,DEMO-FR-POL-0568,2026-01-01,2026-12-31,,
DEMO-FR-0569,True,mock-insurance-v2,FR,TM-157-ZS,TM157ZS,Ford,Focus,blue,DEMO-FR-INS-03,Alpes Demo Assurance (fictional),Conducteur fictif FR 0569,conducteur-fr-0569@example.test,Gestionnaire fictif DEMO-FR-INS-03,sinistres@demo-fr-ins-03.test,DEMO-FR-POL-0569,2026-01-01,2026-12-31,,
DEMO-FR-0570,True,mock-insurance-v2,FR,EZ-797-WD,EZ797WD,Ford,Focus,silver,DEMO-FR-INS-04,Rivage Demo Auto (fictional),Conducteur fictif FR 0570,conducteur-fr-0570@example.test,Gestionnaire fictif DEMO-FR-INS-04,sinistres@demo-fr-ins-04.test,DEMO-FR-POL-0570,2026-01-01,2026-12-31,,
DEMO-FR-0571,True,mock-insurance-v2,FR,AD-101-PD,AD101PD,Toyota,Yaris,silver,DEMO-FR-INS-00,Hexagone Demo Assurance (fictional),Conducteur fictif FR 0571,conducteur-fr-0571@example.test,Gestionnaire fictif DEMO-FR-INS-00,sinistres@demo-fr-ins-00.test,DEMO-FR-POL-0571,2026-01-01,2026-12-31,,
DEMO-FR-0572,True,mock-insurance-v2,FR,YV-658-RR,YV658RR,Peugeot,208,silver,DEMO-FR-INS-01,Azur Demo Auto (fictional),Conducteur fictif FR 0572,conducteur-fr-0572@example.test,Gestionnaire fictif DEMO-FR-INS-01,sinistres@demo-fr-ins-01.test,DEMO-FR-POL-0572,2026-01-01,2026-12-31,,
DEMO-FR-0573,True,mock-insurance-v2,FR,LW-580-WN,LW580WN,BMW,3 Series,grey,DEMO-FR-INS-02,Loire Demo Motor (fictional),Conducteur fictif FR 0573,conducteur-fr-0573@example.test,Gestionnaire fictif DEMO-FR-INS-02,sinistres@demo-fr-ins-02.test,DEMO-FR-POL-0573,2026-01-01,2026-12-31,,
DEMO-FR-0574,True,mock-insurance-v2,FR,VP-630-JN,VP630JN,Toyota,Yaris,black,DEMO-FR-INS-03,Alpes Demo Assurance (fictional),Conducteur fictif FR 0574,conducteur-fr-0574@example.test,Gestionnaire fictif DEMO-FR-INS-03,sinistres@demo-fr-ins-03.test,DEMO-FR-POL-0574,2026-01-01,2026-12-31,,
DEMO-FR-0575,True,mock-insurance-v2,FR,KR-566-AV,KR566AV,BMW,3 Series,red,DEMO-FR-INS-04,Rivage Demo Auto (fictional),Conducteur fictif FR 0575,conducteur-fr-0575@example.test,Gestionnaire fictif DEMO-FR-INS-04,sinistres@demo-fr-ins-04.test,DEMO-FR-POL-0575,2026-01-01,2026-12-31,,
DEMO-FR-0576,True,mock-insurance-v2,FR,PB-343-EM,PB343EM,Peugeot,208,blue,DEMO-FR-INS-00,Hexagone Demo Assurance (fictional),Conducteur fictif FR 0576,conducteur-fr-0576@example.test,Gestionnaire fictif DEMO-FR-INS-00,sinistres@demo-fr-ins-00.test,DEMO-FR-POL-0576,2026-01-01,2026-12-31,,
DEMO-FR-0577,True,mock-insurance-v2,FR,CH-578-CF,CH578CF,Toyota,Yaris,grey,DEMO-FR-INS-01,Azur Demo Auto (fictional),Conducteur fictif FR 0577,conducteur-fr-0577@example.test,Gestionnaire fictif DEMO-FR-INS-01,sinistres@demo-fr-ins-01.test,DEMO-FR-POL-0577,2026-01-01,2026-12-31,,
DEMO-FR-0578,True,mock-insurance-v2,FR,KS-326-BG,KS326BG,Ford,Focus,red,DEMO-FR-INS-02,Loire Demo Motor (fictional),Conducteur fictif FR 0578,conducteur-fr-0578@example.test,Gestionnaire fictif DEMO-FR-INS-02,sinistres@demo-fr-ins-02.test,DEMO-FR-POL-0578,2026-01-01,2026-12-31,,
DEMO-FR-0579,True,mock-insurance-v2,FR,MR-210-LA,MR210LA,Ford,Focus,black,DEMO-FR-INS-03,Alpes Demo Assurance (fictional),Conducteur fictif FR 0579,conducteur-fr-0579@example.test,Gestionnaire fictif DEMO-FR-INS-03,sinistres@demo-fr-ins-03.test,DEMO-FR-POL-0579,2026-01-01,2026-12-31,,
DEMO-FR-0580,True,mock-insurance-v2,FR,SN-005-SX,SN005SX,Peugeot,208,silver,DEMO-FR-INS-04,Rivage Demo Auto (fictional),Conducteur fictif FR 0580,conducteur-fr-0580@example.test,Gestionnaire fictif DEMO-FR-INS-04,sinistres@demo-fr-ins-04.test,DEMO-FR-POL-0580,2026-01-01,2026-12-31,,
DEMO-FR-0581,True,mock-insurance-v2,FR,RS-301-WC,RS301WC,Peugeot,208,white,DEMO-FR-INS-00,Hexagone Demo Assurance (fictional),Conducteur fictif FR 0581,conducteur-fr-0581@example.test,Gestionnaire fictif DEMO-FR-INS-00,sinistres@demo-fr-ins-00.test,DEMO-FR-POL-0581,2026-01-01,2026-12-31,,
DEMO-FR-0582,True,mock-insurance-v2,FR,WE-471-AS,WE471AS,Ford,Focus,white,DEMO-FR-INS-01,Azur Demo Auto (fictional),Conducteur fictif FR 0582,conducteur-fr-0582@example.test,Gestionnaire fictif DEMO-FR-INS-01,sinistres@demo-fr-ins-01.test,DEMO-FR-POL-0582,2026-01-01,2026-12-31,,
DEMO-FR-0583,True,mock-insurance-v2,FR,WM-081-DX,WM081DX,Peugeot,208,blue,DEMO-FR-INS-02,Loire Demo Motor (fictional),Conducteur fictif FR 0583,conducteur-fr-0583@example.test,Gestionnaire fictif DEMO-FR-INS-02,sinistres@demo-fr-ins-02.test,DEMO-FR-POL-0583,2026-01-01,2026-12-31,,
DEMO-FR-0584,True,mock-insurance-v2,FR,ZK-103-BK,ZK103BK,Renault,Clio,red,DEMO-FR-INS-03,Alpes Demo Assurance (fictional),Conducteur fictif FR 0584,conducteur-fr-0584@example.test,Gestionnaire fictif DEMO-FR-INS-03,sinistres@demo-fr-ins-03.test,DEMO-FR-POL-0584,2026-01-01,2026-12-31,,
DEMO-FR-0585,True,mock-insurance-v2,FR,MA-011-DA,MA011DA,BMW,3 Series,black,DEMO-FR-INS-04,Rivage Demo Auto (fictional),Conducteur fictif FR 0585,conducteur-fr-0585@example.test,Gestionnaire fictif DEMO-FR-INS-04,sinistres@demo-fr-ins-04.test,DEMO-FR-POL-0585,2026-01-01,2026-12-31,,
DEMO-FR-0586,True,mock-insurance-v2,FR,AV-123-YS,AV123YS,Volkswagen,Golf,silver,DEMO-FR-INS-00,Hexagone Demo Assurance (fictional),Conducteur fictif FR 0586,conducteur-fr-0586@example.test,Gestionnaire fictif DEMO-FR-INS-00,sinistres@demo-fr-ins-00.test,DEMO-FR-POL-0586,2026-01-01,2026-12-31,,
DEMO-FR-0587,True,mock-insurance-v2,FR,YT-737-PR,YT737PR,Volkswagen,Golf,red,DEMO-FR-INS-01,Azur Demo Auto (fictional),Conducteur fictif FR 0587,conducteur-fr-0587@example.test,Gestionnaire fictif DEMO-FR-INS-01,sinistres@demo-fr-ins-01.test,DEMO-FR-POL-0587,2026-01-01,2026-12-31,,
DEMO-FR-0588,True,mock-insurance-v2,FR,VG-464-WA,VG464WA,Ford,Focus,black,DEMO-FR-INS-02,Loire Demo Motor (fictional),Conducteur fictif FR 0588,conducteur-fr-0588@example.test,Gestionnaire fictif DEMO-FR-INS-02,sinistres@demo-fr-ins-02.test,DEMO-FR-POL-0588,2026-01-01,2026-12-31,,
DEMO-FR-0589,True,mock-insurance-v2,FR,HZ-070-HG,HZ070HG,BMW,3 Series,black,DEMO-FR-INS-03,Alpes Demo Assurance (fictional),Conducteur fictif FR 0589,conducteur-fr-0589@example.test,Gestionnaire fictif DEMO-FR-INS-03,sinistres@demo-fr-ins-03.test,DEMO-FR-POL-0589,2026-01-01,2026-12-31,,
DEMO-FR-0590,True,mock-insurance-v2,FR,WN-522-FY,WN522FY,Toyota,Yaris,red,DEMO-FR-INS-04,Rivage Demo Auto (fictional),Conducteur fictif FR 0590,conducteur-fr-0590@example.test,Gestionnaire fictif DEMO-FR-INS-04,sinistres@demo-fr-ins-04.test,DEMO-FR-POL-0590,2026-01-01,2026-12-31,,
DEMO-FR-0591,True,mock-insurance-v2,FR,KV-607-SN,KV607SN,Toyota,Yaris,black,DEMO-FR-INS-00,Hexagone Demo Assurance (fictional),Conducteur fictif FR 0591,conducteur-fr-0591@example.test,Gestionnaire fictif DEMO-FR-INS-00,sinistres@demo-fr-ins-00.test,DEMO-FR-POL-0591,2026-01-01,2026-12-31,,
DEMO-FR-0592,True,mock-insurance-v2,FR,GC-880-LG,GC880LG,Volkswagen,Golf,silver,DEMO-FR-INS-01,Azur Demo Auto (fictional),Conducteur fictif FR 0592,conducteur-fr-0592@example.test,Gestionnaire fictif DEMO-FR-INS-01,sinistres@demo-fr-ins-01.test,DEMO-FR-POL-0592,2026-01-01,2026-12-31,,
DEMO-FR-0593,True,mock-insurance-v2,FR,ZH-454-VX,ZH454VX,Renault,Clio,silver,DEMO-FR-INS-02,Loire Demo Motor (fictional),Conducteur fictif FR 0593,conducteur-fr-0593@example.test,Gestionnaire fictif DEMO-FR-INS-02,sinistres@demo-fr-ins-02.test,DEMO-FR-POL-0593,2026-01-01,2026-12-31,,
DEMO-FR-0594,True,mock-insurance-v2,FR,AH-529-VL,AH529VL,Renault,Clio,black,DEMO-FR-INS-03,Alpes Demo Assurance (fictional),Conducteur fictif FR 0594,conducteur-fr-0594@example.test,Gestionnaire fictif DEMO-FR-INS-03,sinistres@demo-fr-ins-03.test,DEMO-FR-POL-0594,2026-01-01,2026-12-31,,
DEMO-FR-0595,True,mock-insurance-v2,FR,WN-483-ZP,WN483ZP,Peugeot,208,white,DEMO-FR-INS-04,Rivage Demo Auto (fictional),Conducteur fictif FR 0595,conducteur-fr-0595@example.test,Gestionnaire fictif DEMO-FR-INS-04,sinistres@demo-fr-ins-04.test,DEMO-FR-POL-0595,2026-01-01,2026-12-31,,
DEMO-FR-0596,True,mock-insurance-v2,FR,BW-176-EK,BW176EK,Peugeot,208,blue,DEMO-FR-INS-00,Hexagone Demo Assurance (fictional),Conducteur fictif FR 0596,conducteur-fr-0596@example.test,Gestionnaire fictif DEMO-FR-INS-00,sinistres@demo-fr-ins-00.test,DEMO-FR-POL-0596,2026-01-01,2026-12-31,,
DEMO-FR-0597,True,mock-insurance-v2,FR,TX-319-CP,TX319CP,Toyota,Yaris,black,DEMO-FR-INS-01,Azur Demo Auto (fictional),Conducteur fictif FR 0597,conducteur-fr-0597@example.test,Gestionnaire fictif DEMO-FR-INS-01,sinistres@demo-fr-ins-01.test,DEMO-FR-POL-0597,2026-01-01,2026-12-31,,
DEMO-FR-0598,True,mock-insurance-v2,FR,WV-707-AC,WV707AC,Toyota,Yaris,blue,DEMO-FR-INS-02,Loire Demo Motor (fictional),Conducteur fictif FR 0598,conducteur-fr-0598@example.test,Gestionnaire fictif DEMO-FR-INS-02,sinistres@demo-fr-ins-02.test,DEMO-FR-POL-0598,2026-01-01,2026-12-31,,
DEMO-FR-0599,True,mock-insurance-v2,FR,XS-207-XG,XS207XG,Renault,Clio,red,DEMO-FR-INS-03,Alpes Demo Assurance (fictional),Conducteur fictif FR 0599,conducteur-fr-0599@example.test,Gestionnaire fictif DEMO-FR-INS-03,sinistres@demo-fr-ins-03.test,DEMO-FR-POL-0599,2026-01-01,2026-12-31,,
DEMO-FR-0600,True,mock-insurance-v2,FR,LV-805-WK,LV805WK,Toyota,Yaris,blue,DEMO-FR-INS-04,Rivage Demo Auto (fictional),Conducteur fictif FR 0600,conducteur-fr-0600@example.test,Gestionnaire fictif DEMO-FR-INS-04,sinistres@demo-fr-ins-04.test,DEMO-FR-POL-0600,2026-01-01,2026-12-31,,
DEMO-FR-0601,True,mock-insurance-v2,FR,CL-755-MC,CL755MC,Peugeot,208,black,DEMO-FR-INS-00,Hexagone Demo Assurance (fictional),Conducteur fictif FR 0601,conducteur-fr-0601@example.test,Gestionnaire fictif DEMO-FR-INS-00,sinistres@demo-fr-ins-00.test,DEMO-FR-POL-0601,2026-01-01,2026-12-31,,
DEMO-FR-0602,True,mock-insurance-v2,FR,PX-467-DV,PX467DV,Peugeot,208,silver,DEMO-FR-INS-01,Azur Demo Auto (fictional),Conducteur fictif FR 0602,conducteur-fr-0602@example.test,Gestionnaire fictif DEMO-FR-INS-01,sinistres@demo-fr-ins-01.test,DEMO-FR-POL-0602,2026-01-01,2026-12-31,,
DEMO-FR-0603,True,mock-insurance-v2,FR,LR-593-JL,LR593JL,Peugeot,208,grey,DEMO-FR-INS-02,Loire Demo Motor (fictional),Conducteur fictif FR 0603,conducteur-fr-0603@example.test,Gestionnaire fictif DEMO-FR-INS-02,sinistres@demo-fr-ins-02.test,DEMO-FR-POL-0603,2026-01-01,2026-12-31,,
DEMO-FR-0604,True,mock-insurance-v2,FR,WT-242-NK,WT242NK,Volkswagen,Golf,white,DEMO-FR-INS-03,Alpes Demo Assurance (fictional),Conducteur fictif FR 0604,conducteur-fr-0604@example.test,Gestionnaire fictif DEMO-FR-INS-03,sinistres@demo-fr-ins-03.test,DEMO-FR-POL-0604,2026-01-01,2026-12-31,,
DEMO-FR-0605,True,mock-insurance-v2,FR,CZ-381-MD,CZ381MD,Ford,Focus,white,DEMO-FR-INS-04,Rivage Demo Auto (fictional),Conducteur fictif FR 0605,conducteur-fr-0605@example.test,Gestionnaire fictif DEMO-FR-INS-04,sinistres@demo-fr-ins-04.test,DEMO-FR-POL-0605,2026-01-01,2026-12-31,,
DEMO-FR-0606,True,mock-insurance-v2,FR,LS-682-GE,LS682GE,Ford,Focus,grey,DEMO-FR-INS-00,Hexagone Demo Assurance (fictional),Conducteur fictif FR 0606,conducteur-fr-0606@example.test,Gestionnaire fictif DEMO-FR-INS-00,sinistres@demo-fr-ins-00.test,DEMO-FR-POL-0606,2026-01-01,2026-12-31,,
DEMO-FR-0607,True,mock-insurance-v2,FR,TD-168-HA,TD168HA,Volkswagen,Golf,grey,DEMO-FR-INS-01,Azur Demo Auto (fictional),Conducteur fictif FR 0607,conducteur-fr-0607@example.test,Gestionnaire fictif DEMO-FR-INS-01,sinistres@demo-fr-ins-01.test,DEMO-FR-POL-0607,2026-01-01,2026-12-31,,
DEMO-FR-0608,True,mock-insurance-v2,FR,CP-733-MF,CP733MF,Ford,Focus,silver,DEMO-FR-INS-02,Loire Demo Motor (fictional),Conducteur fictif FR 0608,conducteur-fr-0608@example.test,Gestionnaire fictif DEMO-FR-INS-02,sinistres@demo-fr-ins-02.test,DEMO-FR-POL-0608,2026-01-01,2026-12-31,,
DEMO-FR-0609,True,mock-insurance-v2,FR,PC-642-XY,PC642XY,Peugeot,208,black,DEMO-FR-INS-03,Alpes Demo Assurance (fictional),Conducteur fictif FR 0609,conducteur-fr-0609@example.test,Gestionnaire fictif DEMO-FR-INS-03,sinistres@demo-fr-ins-03.test,DEMO-FR-POL-0609,2026-01-01,2026-12-31,,
DEMO-FR-0610,True,mock-insurance-v2,FR,KB-988-DZ,KB988DZ,Toyota,Yaris,white,DEMO-FR-INS-04,Rivage Demo Auto (fictional),Conducteur fictif FR 0610,conducteur-fr-0610@example.test,Gestionnaire fictif DEMO-FR-INS-04,sinistres@demo-fr-ins-04.test,DEMO-FR-POL-0610,2026-01-01,2026-12-31,,
DEMO-FR-0611,True,mock-insurance-v2,FR,GF-447-HH,GF447HH,Volkswagen,Golf,silver,DEMO-FR-INS-00,Hexagone Demo Assurance (fictional),Conducteur fictif FR 0611,conducteur-fr-0611@example.test,Gestionnaire fictif DEMO-FR-INS-00,sinistres@demo-fr-ins-00.test,DEMO-FR-POL-0611,2026-01-01,2026-12-31,,
DEMO-FR-0612,True,mock-insurance-v2,FR,XX-486-TG,XX486TG,Ford,Focus,silver,DEMO-FR-INS-01,Azur Demo Auto (fictional),Conducteur fictif FR 0612,conducteur-fr-0612@example.test,Gestionnaire fictif DEMO-FR-INS-01,sinistres@demo-fr-ins-01.test,DEMO-FR-POL-0612,2026-01-01,2026-12-31,,
DEMO-FR-0613,True,mock-insurance-v2,FR,DE-226-CX,DE226CX,Ford,Focus,silver,DEMO-FR-INS-02,Loire Demo Motor (fictional),Conducteur fictif FR 0613,conducteur-fr-0613@example.test,Gestionnaire fictif DEMO-FR-INS-02,sinistres@demo-fr-ins-02.test,DEMO-FR-POL-0613,2026-01-01,2026-12-31,,
DEMO-FR-0614,True,mock-insurance-v2,FR,KW-178-XZ,KW178XZ,BMW,3 Series,grey,DEMO-FR-INS-03,Alpes Demo Assurance (fictional),Conducteur fictif FR 0614,conducteur-fr-0614@example.test,Gestionnaire fictif DEMO-FR-INS-03,sinistres@demo-fr-ins-03.test,DEMO-FR-POL-0614,2026-01-01,2026-12-31,,
DEMO-FR-0615,True,mock-insurance-v2,FR,MY-725-PB,MY725PB,Peugeot,208,black,DEMO-FR-INS-04,Rivage Demo Auto (fictional),Conducteur fictif FR 0615,conducteur-fr-0615@example.test,Gestionnaire fictif DEMO-FR-INS-04,sinistres@demo-fr-ins-04.test,DEMO-FR-POL-0615,2026-01-01,2026-12-31,,
DEMO-FR-0616,True,mock-insurance-v2,FR,GT-983-BW,GT983BW,Peugeot,208,red,DEMO-FR-INS-00,Hexagone Demo Assurance (fictional),Conducteur fictif FR 0616,conducteur-fr-0616@example.test,Gestionnaire fictif DEMO-FR-INS-00,sinistres@demo-fr-ins-00.test,DEMO-FR-POL-0616,2026-01-01,2026-12-31,,
DEMO-FR-0617,True,mock-insurance-v2,FR,HH-990-NA,HH990NA,Renault,Clio,red,DEMO-FR-INS-01,Azur Demo Auto (fictional),Conducteur fictif FR 0617,conducteur-fr-0617@example.test,Gestionnaire fictif DEMO-FR-INS-01,sinistres@demo-fr-ins-01.test,DEMO-FR-POL-0617,2026-01-01,2026-12-31,,
DEMO-FR-0618,True,mock-insurance-v2,FR,KV-369-AR,KV369AR,BMW,3 Series,black,DEMO-FR-INS-02,Loire Demo Motor (fictional),Conducteur fictif FR 0618,conducteur-fr-0618@example.test,Gestionnaire fictif DEMO-FR-INS-02,sinistres@demo-fr-ins-02.test,DEMO-FR-POL-0618,2026-01-01,2026-12-31,,
DEMO-FR-0619,True,mock-insurance-v2,FR,XW-841-NX,XW841NX,Peugeot,208,black,DEMO-FR-INS-03,Alpes Demo Assurance (fictional),Conducteur fictif FR 0619,conducteur-fr-0619@example.test,Gestionnaire fictif DEMO-FR-INS-03,sinistres@demo-fr-ins-03.test,DEMO-FR-POL-0619,2026-01-01,2026-12-31,,
DEMO-FR-0620,True,mock-insurance-v2,FR,LH-885-CH,LH885CH,Toyota,Yaris,black,DEMO-FR-INS-04,Rivage Demo Auto (fictional),Conducteur fictif FR 0620,conducteur-fr-0620@example.test,Gestionnaire fictif DEMO-FR-INS-04,sinistres@demo-fr-ins-04.test,DEMO-FR-POL-0620,2026-01-01,2026-12-31,,
DEMO-FR-0621,True,mock-insurance-v2,FR,MY-600-TE,MY600TE,Volkswagen,Golf,black,DEMO-FR-INS-00,Hexagone Demo Assurance (fictional),Conducteur fictif FR 0621,conducteur-fr-0621@example.test,Gestionnaire fictif DEMO-FR-INS-00,sinistres@demo-fr-ins-00.test,DEMO-FR-POL-0621,2026-01-01,2026-12-31,,
DEMO-FR-0622,True,mock-insurance-v2,FR,WX-110-KK,WX110KK,Ford,Focus,blue,DEMO-FR-INS-01,Azur Demo Auto (fictional),Conducteur fictif FR 0622,conducteur-fr-0622@example.test,Gestionnaire fictif DEMO-FR-INS-01,sinistres@demo-fr-ins-01.test,DEMO-FR-POL-0622,2026-01-01,2026-12-31,,
DEMO-FR-0623,True,mock-insurance-v2,FR,BM-589-WK,BM589WK,Peugeot,208,grey,DEMO-FR-INS-02,Loire Demo Motor (fictional),Conducteur fictif FR 0623,conducteur-fr-0623@example.test,Gestionnaire fictif DEMO-FR-INS-02,sinistres@demo-fr-ins-02.test,DEMO-FR-POL-0623,2026-01-01,2026-12-31,,
DEMO-FR-0624,True,mock-insurance-v2,FR,ZA-539-FF,ZA539FF,Toyota,Yaris,silver,DEMO-FR-INS-03,Alpes Demo Assurance (fictional),Conducteur fictif FR 0624,conducteur-fr-0624@example.test,Gestionnaire fictif DEMO-FR-INS-03,sinistres@demo-fr-ins-03.test,DEMO-FR-POL-0624,2026-01-01,2026-12-31,,
DEMO-FR-0625,True,mock-insurance-v2,FR,SH-527-JP,SH527JP,Peugeot,208,grey,DEMO-FR-INS-04,Rivage Demo Auto (fictional),Conducteur fictif FR 0625,conducteur-fr-0625@example.test,Gestionnaire fictif DEMO-FR-INS-04,sinistres@demo-fr-ins-04.test,DEMO-FR-POL-0625,2026-01-01,2026-12-31,,
DEMO-FR-0626,True,mock-insurance-v2,FR,CS-941-FX,CS941FX,BMW,3 Series,red,DEMO-FR-INS-00,Hexagone Demo Assurance (fictional),Conducteur fictif FR 0626,conducteur-fr-0626@example.test,Gestionnaire fictif DEMO-FR-INS-00,sinistres@demo-fr-ins-00.test,DEMO-FR-POL-0626,2026-01-01,2026-12-31,,
DEMO-FR-0627,True,mock-insurance-v2,FR,ZC-850-RH,ZC850RH,Renault,Clio,blue,DEMO-FR-INS-01,Azur Demo Auto (fictional),Conducteur fictif FR 0627,conducteur-fr-0627@example.test,Gestionnaire fictif DEMO-FR-INS-01,sinistres@demo-fr-ins-01.test,DEMO-FR-POL-0627,2026-01-01,2026-12-31,,
DEMO-FR-0628,True,mock-insurance-v2,FR,FJ-332-VC,FJ332VC,Ford,Focus,white,DEMO-FR-INS-02,Loire Demo Motor (fictional),Conducteur fictif FR 0628,conducteur-fr-0628@example.test,Gestionnaire fictif DEMO-FR-INS-02,sinistres@demo-fr-ins-02.test,DEMO-FR-POL-0628,2026-01-01,2026-12-31,,
DEMO-FR-0629,True,mock-insurance-v2,FR,BJ-014-FX,BJ014FX,Renault,Clio,blue,DEMO-FR-INS-03,Alpes Demo Assurance (fictional),Conducteur fictif FR 0629,conducteur-fr-0629@example.test,Gestionnaire fictif DEMO-FR-INS-03,sinistres@demo-fr-ins-03.test,DEMO-FR-POL-0629,2026-01-01,2026-12-31,,
DEMO-FR-0630,True,mock-insurance-v2,FR,TN-277-TF,TN277TF,Renault,Clio,red,DEMO-FR-INS-04,Rivage Demo Auto (fictional),Conducteur fictif FR 0630,conducteur-fr-0630@example.test,Gestionnaire fictif DEMO-FR-INS-04,sinistres@demo-fr-ins-04.test,DEMO-FR-POL-0630,2026-01-01,2026-12-31,,
DEMO-FR-0631,True,mock-insurance-v2,FR,YN-234-JS,YN234JS,Volkswagen,Golf,red,DEMO-FR-INS-00,Hexagone Demo Assurance (fictional),Conducteur fictif FR 0631,conducteur-fr-0631@example.test,Gestionnaire fictif DEMO-FR-INS-00,sinistres@demo-fr-ins-00.test,DEMO-FR-POL-0631,2026-01-01,2026-12-31,,
DEMO-FR-0632,True,mock-insurance-v2,FR,VM-395-RP,VM395RP,Peugeot,208,black,DEMO-FR-INS-01,Azur Demo Auto (fictional),Conducteur fictif FR 0632,conducteur-fr-0632@example.test,Gestionnaire fictif DEMO-FR-INS-01,sinistres@demo-fr-ins-01.test,DEMO-FR-POL-0632,2026-01-01,2026-12-31,,
DEMO-FR-0633,True,mock-insurance-v2,FR,VB-706-HJ,VB706HJ,Toyota,Yaris,grey,DEMO-FR-INS-02,Loire Demo Motor (fictional),Conducteur fictif FR 0633,conducteur-fr-0633@example.test,Gestionnaire fictif DEMO-FR-INS-02,sinistres@demo-fr-ins-02.test,DEMO-FR-POL-0633,2026-01-01,2026-12-31,,
DEMO-FR-0634,True,mock-insurance-v2,FR,EW-725-MN,EW725MN,Peugeot,208,blue,DEMO-FR-INS-03,Alpes Demo Assurance (fictional),Conducteur fictif FR 0634,conducteur-fr-0634@example.test,Gestionnaire fictif DEMO-FR-INS-03,sinistres@demo-fr-ins-03.test,DEMO-FR-POL-0634,2026-01-01,2026-12-31,,
DEMO-FR-0635,True,mock-insurance-v2,FR,BS-676-JP,BS676JP,Toyota,Yaris,black,DEMO-FR-INS-04,Rivage Demo Auto (fictional),Conducteur fictif FR 0635,conducteur-fr-0635@example.test,Gestionnaire fictif DEMO-FR-INS-04,sinistres@demo-fr-ins-04.test,DEMO-FR-POL-0635,2026-01-01,2026-12-31,,
DEMO-FR-0636,True,mock-insurance-v2,FR,GP-224-HL,GP224HL,Toyota,Yaris,grey,DEMO-FR-INS-00,Hexagone Demo Assurance (fictional),Conducteur fictif FR 0636,conducteur-fr-0636@example.test,Gestionnaire fictif DEMO-FR-INS-00,sinistres@demo-fr-ins-00.test,DEMO-FR-POL-0636,2026-01-01,2026-12-31,,
DEMO-FR-0637,True,mock-insurance-v2,FR,WK-212-HC,WK212HC,Volkswagen,Golf,red,DEMO-FR-INS-01,Azur Demo Auto (fictional),Conducteur fictif FR 0637,conducteur-fr-0637@example.test,Gestionnaire fictif DEMO-FR-INS-01,sinistres@demo-fr-ins-01.test,DEMO-FR-POL-0637,2026-01-01,2026-12-31,,
DEMO-FR-0638,True,mock-insurance-v2,FR,RC-575-WJ,RC575WJ,Renault,Clio,red,DEMO-FR-INS-02,Loire Demo Motor (fictional),Conducteur fictif FR 0638,conducteur-fr-0638@example.test,Gestionnaire fictif DEMO-FR-INS-02,sinistres@demo-fr-ins-02.test,DEMO-FR-POL-0638,2026-01-01,2026-12-31,,
DEMO-FR-0639,True,mock-insurance-v2,FR,YG-327-PG,YG327PG,BMW,3 Series,grey,DEMO-FR-INS-03,Alpes Demo Assurance (fictional),Conducteur fictif FR 0639,conducteur-fr-0639@example.test,Gestionnaire fictif DEMO-FR-INS-03,sinistres@demo-fr-ins-03.test,DEMO-FR-POL-0639,2026-01-01,2026-12-31,,
DEMO-FR-0640,True,mock-insurance-v2,FR,TZ-723-NC,TZ723NC,Renault,Clio,white,DEMO-FR-INS-04,Rivage Demo Auto (fictional),Conducteur fictif FR 0640,conducteur-fr-0640@example.test,Gestionnaire fictif DEMO-FR-INS-04,sinistres@demo-fr-ins-04.test,DEMO-FR-POL-0640,2026-01-01,2026-12-31,,
DEMO-FR-0641,True,mock-insurance-v2,FR,TW-059-EB,TW059EB,Volkswagen,Golf,red,DEMO-FR-INS-00,Hexagone Demo Assurance (fictional),Conducteur fictif FR 0641,conducteur-fr-0641@example.test,Gestionnaire fictif DEMO-FR-INS-00,sinistres@demo-fr-ins-00.test,DEMO-FR-POL-0641,2026-01-01,2026-12-31,,
DEMO-FR-0642,True,mock-insurance-v2,FR,ZA-860-FE,ZA860FE,BMW,3 Series,white,DEMO-FR-INS-01,Azur Demo Auto (fictional),Conducteur fictif FR 0642,conducteur-fr-0642@example.test,Gestionnaire fictif DEMO-FR-INS-01,sinistres@demo-fr-ins-01.test,DEMO-FR-POL-0642,2026-01-01,2026-12-31,,
DEMO-FR-0643,True,mock-insurance-v2,FR,AN-371-XD,AN371XD,Toyota,Yaris,red,DEMO-FR-INS-02,Loire Demo Motor (fictional),Conducteur fictif FR 0643,conducteur-fr-0643@example.test,Gestionnaire fictif DEMO-FR-INS-02,sinistres@demo-fr-ins-02.test,DEMO-FR-POL-0643,2026-01-01,2026-12-31,,
DEMO-FR-0644,True,mock-insurance-v2,FR,ZF-372-FM,ZF372FM,BMW,3 Series,blue,DEMO-FR-INS-03,Alpes Demo Assurance (fictional),Conducteur fictif FR 0644,conducteur-fr-0644@example.test,Gestionnaire fictif DEMO-FR-INS-03,sinistres@demo-fr-ins-03.test,DEMO-FR-POL-0644,2026-01-01,2026-12-31,,
DEMO-FR-0645,True,mock-insurance-v2,FR,ST-425-XA,ST425XA,Renault,Clio,black,DEMO-FR-INS-04,Rivage Demo Auto (fictional),Conducteur fictif FR 0645,conducteur-fr-0645@example.test,Gestionnaire fictif DEMO-FR-INS-04,sinistres@demo-fr-ins-04.test,DEMO-FR-POL-0645,2026-01-01,2026-12-31,,
DEMO-FR-0646,True,mock-insurance-v2,FR,DC-690-RZ,DC690RZ,Renault,Clio,silver,DEMO-FR-INS-00,Hexagone Demo Assurance (fictional),Conducteur fictif FR 0646,conducteur-fr-0646@example.test,Gestionnaire fictif DEMO-FR-INS-00,sinistres@demo-fr-ins-00.test,DEMO-FR-POL-0646,2026-01-01,2026-12-31,,
DEMO-FR-0647,True,mock-insurance-v2,FR,TK-652-TP,TK652TP,Toyota,Yaris,blue,DEMO-FR-INS-01,Azur Demo Auto (fictional),Conducteur fictif FR 0647,conducteur-fr-0647@example.test,Gestionnaire fictif DEMO-FR-INS-01,sinistres@demo-fr-ins-01.test,DEMO-FR-POL-0647,2026-01-01,2026-12-31,,
DEMO-FR-0648,True,mock-insurance-v2,FR,LK-719-YE,LK719YE,Volkswagen,Golf,blue,DEMO-FR-INS-02,Loire Demo Motor (fictional),Conducteur fictif FR 0648,conducteur-fr-0648@example.test,Gestionnaire fictif DEMO-FR-INS-02,sinistres@demo-fr-ins-02.test,DEMO-FR-POL-0648,2026-01-01,2026-12-31,,
DEMO-FR-0649,True,mock-insurance-v2,FR,EN-014-DS,EN014DS,Toyota,Yaris,white,DEMO-FR-INS-03,Alpes Demo Assurance (fictional),Conducteur fictif FR 0649,conducteur-fr-0649@example.test,Gestionnaire fictif DEMO-FR-INS-03,sinistres@demo-fr-ins-03.test,DEMO-FR-POL-0649,2026-01-01,2026-12-31,,
DEMO-FR-0650,True,mock-insurance-v2,FR,KX-068-CT,KX068CT,Ford,Focus,grey,DEMO-FR-INS-04,Rivage Demo Auto (fictional),Conducteur fictif FR 0650,conducteur-fr-0650@example.test,Gestionnaire fictif DEMO-FR-INS-04,sinistres@demo-fr-ins-04.test,DEMO-FR-POL-0650,2026-01-01,2026-12-31,,
DEMO-FR-0651,True,mock-insurance-v2,FR,AP-070-WV,AP070WV,Peugeot,208,silver,DEMO-FR-INS-00,Hexagone Demo Assurance (fictional),Conducteur fictif FR 0651,conducteur-fr-0651@example.test,Gestionnaire fictif DEMO-FR-INS-00,sinistres@demo-fr-ins-00.test,DEMO-FR-POL-0651,2026-01-01,2026-12-31,,
DEMO-FR-0652,True,mock-insurance-v2,FR,WS-748-JF,WS748JF,Ford,Focus,black,DEMO-FR-INS-01,Azur Demo Auto (fictional),Conducteur fictif FR 0652,conducteur-fr-0652@example.test,Gestionnaire fictif DEMO-FR-INS-01,sinistres@demo-fr-ins-01.test,DEMO-FR-POL-0652,2026-01-01,2026-12-31,,
DEMO-FR-0653,True,mock-insurance-v2,FR,TW-984-KP,TW984KP,Peugeot,208,grey,DEMO-FR-INS-02,Loire Demo Motor (fictional),Conducteur fictif FR 0653,conducteur-fr-0653@example.test,Gestionnaire fictif DEMO-FR-INS-02,sinistres@demo-fr-ins-02.test,DEMO-FR-POL-0653,2026-01-01,2026-12-31,,
DEMO-FR-0654,True,mock-insurance-v2,FR,GX-964-AE,GX964AE,Volkswagen,Golf,blue,DEMO-FR-INS-03,Alpes Demo Assurance (fictional),Conducteur fictif FR 0654,conducteur-fr-0654@example.test,Gestionnaire fictif DEMO-FR-INS-03,sinistres@demo-fr-ins-03.test,DEMO-FR-POL-0654,2026-01-01,2026-12-31,,
DEMO-FR-0655,True,mock-insurance-v2,FR,XE-097-FA,XE097FA,Ford,Focus,silver,DEMO-FR-INS-04,Rivage Demo Auto (fictional),Conducteur fictif FR 0655,conducteur-fr-0655@example.test,Gestionnaire fictif DEMO-FR-INS-04,sinistres@demo-fr-ins-04.test,DEMO-FR-POL-0655,2026-01-01,2026-12-31,,
DEMO-FR-0656,True,mock-insurance-v2,FR,VS-712-PG,VS712PG,Renault,Clio,red,DEMO-FR-INS-00,Hexagone Demo Assurance (fictional),Conducteur fictif FR 0656,conducteur-fr-0656@example.test,Gestionnaire fictif DEMO-FR-INS-00,sinistres@demo-fr-ins-00.test,DEMO-FR-POL-0656,2026-01-01,2026-12-31,,
DEMO-FR-0657,True,mock-insurance-v2,FR,LP-026-CG,LP026CG,Toyota,Yaris,blue,DEMO-FR-INS-01,Azur Demo Auto (fictional),Conducteur fictif FR 0657,conducteur-fr-0657@example.test,Gestionnaire fictif DEMO-FR-INS-01,sinistres@demo-fr-ins-01.test,DEMO-FR-POL-0657,2026-01-01,2026-12-31,,
DEMO-FR-0658,True,mock-insurance-v2,FR,TZ-396-ZE,TZ396ZE,Peugeot,208,grey,DEMO-FR-INS-02,Loire Demo Motor (fictional),Conducteur fictif FR 0658,conducteur-fr-0658@example.test,Gestionnaire fictif DEMO-FR-INS-02,sinistres@demo-fr-ins-02.test,DEMO-FR-POL-0658,2026-01-01,2026-12-31,,
DEMO-FR-0659,True,mock-insurance-v2,FR,DP-321-EW,DP321EW,BMW,3 Series,silver,DEMO-FR-INS-03,Alpes Demo Assurance (fictional),Conducteur fictif FR 0659,conducteur-fr-0659@example.test,Gestionnaire fictif DEMO-FR-INS-03,sinistres@demo-fr-ins-03.test,DEMO-FR-POL-0659,2026-01-01,2026-12-31,,
DEMO-FR-0660,True,mock-insurance-v2,FR,XX-122-AZ,XX122AZ,Volkswagen,Golf,black,DEMO-FR-INS-04,Rivage Demo Auto (fictional),Conducteur fictif FR 0660,conducteur-fr-0660@example.test,Gestionnaire fictif DEMO-FR-INS-04,sinistres@demo-fr-ins-04.test,DEMO-FR-POL-0660,2026-01-01,2026-12-31,,
DEMO-FR-0661,True,mock-insurance-v2,FR,WR-452-ME,WR452ME,Peugeot,208,silver,DEMO-FR-INS-00,Hexagone Demo Assurance (fictional),Conducteur fictif FR 0661,conducteur-fr-0661@example.test,Gestionnaire fictif DEMO-FR-INS-00,sinistres@demo-fr-ins-00.test,DEMO-FR-POL-0661,2026-01-01,2026-12-31,,
DEMO-FR-0662,True,mock-insurance-v2,FR,NG-980-EH,NG980EH,BMW,3 Series,white,DEMO-FR-INS-01,Azur Demo Auto (fictional),Conducteur fictif FR 0662,conducteur-fr-0662@example.test,Gestionnaire fictif DEMO-FR-INS-01,sinistres@demo-fr-ins-01.test,DEMO-FR-POL-0662,2026-01-01,2026-12-31,,
DEMO-FR-0663,True,mock-insurance-v2,FR,VY-841-BG,VY841BG,Renault,Clio,grey,DEMO-FR-INS-02,Loire Demo Motor (fictional),Conducteur fictif FR 0663,conducteur-fr-0663@example.test,Gestionnaire fictif DEMO-FR-INS-02,sinistres@demo-fr-ins-02.test,DEMO-FR-POL-0663,2026-01-01,2026-12-31,,
DEMO-FR-0664,True,mock-insurance-v2,FR,RX-624-AJ,RX624AJ,Ford,Focus,silver,DEMO-FR-INS-03,Alpes Demo Assurance (fictional),Conducteur fictif FR 0664,conducteur-fr-0664@example.test,Gestionnaire fictif DEMO-FR-INS-03,sinistres@demo-fr-ins-03.test,DEMO-FR-POL-0664,2026-01-01,2026-12-31,,
DEMO-FR-0665,True,mock-insurance-v2,FR,TA-871-JE,TA871JE,Volkswagen,Golf,red,DEMO-FR-INS-04,Rivage Demo Auto (fictional),Conducteur fictif FR 0665,conducteur-fr-0665@example.test,Gestionnaire fictif DEMO-FR-INS-04,sinistres@demo-fr-ins-04.test,DEMO-FR-POL-0665,2026-01-01,2026-12-31,,
DEMO-FR-0666,True,mock-insurance-v2,FR,BF-540-WL,BF540WL,Toyota,Yaris,white,DEMO-FR-INS-00,Hexagone Demo Assurance (fictional),Conducteur fictif FR 0666,conducteur-fr-0666@example.test,Gestionnaire fictif DEMO-FR-INS-00,sinistres@demo-fr-ins-00.test,DEMO-FR-POL-0666,2026-01-01,2026-12-31,,
DEMO-FR-0667,True,mock-insurance-v2,FR,ER-880-XX,ER880XX,Volkswagen,Golf,red,DEMO-FR-INS-01,Azur Demo Auto (fictional),Conducteur fictif FR 0667,conducteur-fr-0667@example.test,Gestionnaire fictif DEMO-FR-INS-01,sinistres@demo-fr-ins-01.test,DEMO-FR-POL-0667,2026-01-01,2026-12-31,,
DEMO-FR-0668,True,mock-insurance-v2,FR,WH-517-WM,WH517WM,Renault,Clio,red,DEMO-FR-INS-02,Loire Demo Motor (fictional),Conducteur fictif FR 0668,conducteur-fr-0668@example.test,Gestionnaire fictif DEMO-FR-INS-02,sinistres@demo-fr-ins-02.test,DEMO-FR-POL-0668,2026-01-01,2026-12-31,,
DEMO-FR-0669,True,mock-insurance-v2,FR,HX-320-VL,HX320VL,Volkswagen,Golf,red,DEMO-FR-INS-03,Alpes Demo Assurance (fictional),Conducteur fictif FR 0669,conducteur-fr-0669@example.test,Gestionnaire fictif DEMO-FR-INS-03,sinistres@demo-fr-ins-03.test,DEMO-FR-POL-0669,2026-01-01,2026-12-31,,
DEMO-FR-0670,True,mock-insurance-v2,FR,LL-418-WC,LL418WC,Ford,Focus,white,DEMO-FR-INS-04,Rivage Demo Auto (fictional),Conducteur fictif FR 0670,conducteur-fr-0670@example.test,Gestionnaire fictif DEMO-FR-INS-04,sinistres@demo-fr-ins-04.test,DEMO-FR-POL-0670,2026-01-01,2026-12-31,,
DEMO-FR-0671,True,mock-insurance-v2,FR,TT-959-MK,TT959MK,Volkswagen,Golf,black,DEMO-FR-INS-00,Hexagone Demo Assurance (fictional),Conducteur fictif FR 0671,conducteur-fr-0671@example.test,Gestionnaire fictif DEMO-FR-INS-00,sinistres@demo-fr-ins-00.test,DEMO-FR-POL-0671,2026-01-01,2026-12-31,,
DEMO-FR-0672,True,mock-insurance-v2,FR,JF-239-AJ,JF239AJ,Peugeot,208,black,DEMO-FR-INS-01,Azur Demo Auto (fictional),Conducteur fictif FR 0672,conducteur-fr-0672@example.test,Gestionnaire fictif DEMO-FR-INS-01,sinistres@demo-fr-ins-01.test,DEMO-FR-POL-0672,2026-01-01,2026-12-31,,
DEMO-FR-0673,True,mock-insurance-v2,FR,XR-652-EL,XR652EL,Volkswagen,Golf,black,DEMO-FR-INS-02,Loire Demo Motor (fictional),Conducteur fictif FR 0673,conducteur-fr-0673@example.test,Gestionnaire fictif DEMO-FR-INS-02,sinistres@demo-fr-ins-02.test,DEMO-FR-POL-0673,2026-01-01,2026-12-31,,
DEMO-FR-0674,True,mock-insurance-v2,FR,MC-978-FB,MC978FB,Toyota,Yaris,grey,DEMO-FR-INS-03,Alpes Demo Assurance (fictional),Conducteur fictif FR 0674,conducteur-fr-0674@example.test,Gestionnaire fictif DEMO-FR-INS-03,sinistres@demo-fr-ins-03.test,DEMO-FR-POL-0674,2026-01-01,2026-12-31,,
DEMO-FR-0675,True,mock-insurance-v2,FR,XN-294-LD,XN294LD,Peugeot,208,grey,DEMO-FR-INS-04,Rivage Demo Auto (fictional),Conducteur fictif FR 0675,conducteur-fr-0675@example.test,Gestionnaire fictif DEMO-FR-INS-04,sinistres@demo-fr-ins-04.test,DEMO-FR-POL-0675,2026-01-01,2026-12-31,,
DEMO-FR-0676,True,mock-insurance-v2,FR,TC-660-XH,TC660XH,Peugeot,208,red,DEMO-FR-INS-00,Hexagone Demo Assurance (fictional),Conducteur fictif FR 0676,conducteur-fr-0676@example.test,Gestionnaire fictif DEMO-FR-INS-00,sinistres@demo-fr-ins-00.test,DEMO-FR-POL-0676,2026-01-01,2026-12-31,,
DEMO-FR-0677,True,mock-insurance-v2,FR,YD-721-FJ,YD721FJ,Volkswagen,Golf,grey,DEMO-FR-INS-01,Azur Demo Auto (fictional),Conducteur fictif FR 0677,conducteur-fr-0677@example.test,Gestionnaire fictif DEMO-FR-INS-01,sinistres@demo-fr-ins-01.test,DEMO-FR-POL-0677,2026-01-01,2026-12-31,,
DEMO-FR-0678,True,mock-insurance-v2,FR,YF-557-EL,YF557EL,Ford,Focus,red,DEMO-FR-INS-02,Loire Demo Motor (fictional),Conducteur fictif FR 0678,conducteur-fr-0678@example.test,Gestionnaire fictif DEMO-FR-INS-02,sinistres@demo-fr-ins-02.test,DEMO-FR-POL-0678,2026-01-01,2026-12-31,,
DEMO-FR-0679,True,mock-insurance-v2,FR,ZW-330-FS,ZW330FS,Volkswagen,Golf,grey,DEMO-FR-INS-03,Alpes Demo Assurance (fictional),Conducteur fictif FR 0679,conducteur-fr-0679@example.test,Gestionnaire fictif DEMO-FR-INS-03,sinistres@demo-fr-ins-03.test,DEMO-FR-POL-0679,2026-01-01,2026-12-31,,
DEMO-FR-0680,True,mock-insurance-v2,FR,CM-499-KP,CM499KP,Volkswagen,Golf,blue,DEMO-FR-INS-04,Rivage Demo Auto (fictional),Conducteur fictif FR 0680,conducteur-fr-0680@example.test,Gestionnaire fictif DEMO-FR-INS-04,sinistres@demo-fr-ins-04.test,DEMO-FR-POL-0680,2026-01-01,2026-12-31,,
DEMO-FR-0681,True,mock-insurance-v2,FR,AR-388-RZ,AR388RZ,Renault,Clio,silver,DEMO-FR-INS-00,Hexagone Demo Assurance (fictional),Conducteur fictif FR 0681,conducteur-fr-0681@example.test,Gestionnaire fictif DEMO-FR-INS-00,sinistres@demo-fr-ins-00.test,DEMO-FR-POL-0681,2026-01-01,2026-12-31,,
DEMO-FR-0682,True,mock-insurance-v2,FR,NV-641-ZA,NV641ZA,Ford,Focus,blue,DEMO-FR-INS-01,Azur Demo Auto (fictional),Conducteur fictif FR 0682,conducteur-fr-0682@example.test,Gestionnaire fictif DEMO-FR-INS-01,sinistres@demo-fr-ins-01.test,DEMO-FR-POL-0682,2026-01-01,2026-12-31,,
DEMO-FR-0683,True,mock-insurance-v2,FR,GL-980-EH,GL980EH,Peugeot,208,blue,DEMO-FR-INS-02,Loire Demo Motor (fictional),Conducteur fictif FR 0683,conducteur-fr-0683@example.test,Gestionnaire fictif DEMO-FR-INS-02,sinistres@demo-fr-ins-02.test,DEMO-FR-POL-0683,2026-01-01,2026-12-31,,
DEMO-FR-0684,True,mock-insurance-v2,FR,ZZ-638-LW,ZZ638LW,Volkswagen,Golf,red,DEMO-FR-INS-03,Alpes Demo Assurance (fictional),Conducteur fictif FR 0684,conducteur-fr-0684@example.test,Gestionnaire fictif DEMO-FR-INS-03,sinistres@demo-fr-ins-03.test,DEMO-FR-POL-0684,2026-01-01,2026-12-31,,
DEMO-FR-0685,True,mock-insurance-v2,FR,RP-080-EW,RP080EW,Peugeot,208,white,DEMO-FR-INS-04,Rivage Demo Auto (fictional),Conducteur fictif FR 0685,conducteur-fr-0685@example.test,Gestionnaire fictif DEMO-FR-INS-04,sinistres@demo-fr-ins-04.test,DEMO-FR-POL-0685,2026-01-01,2026-12-31,,
DEMO-FR-0686,True,mock-insurance-v2,FR,DX-311-LG,DX311LG,Volkswagen,Golf,blue,DEMO-FR-INS-00,Hexagone Demo Assurance (fictional),Conducteur fictif FR 0686,conducteur-fr-0686@example.test,Gestionnaire fictif DEMO-FR-INS-00,sinistres@demo-fr-ins-00.test,DEMO-FR-POL-0686,2026-01-01,2026-12-31,,
DEMO-FR-0687,True,mock-insurance-v2,FR,TP-173-SN,TP173SN,Volkswagen,Golf,red,DEMO-FR-INS-01,Azur Demo Auto (fictional),Conducteur fictif FR 0687,conducteur-fr-0687@example.test,Gestionnaire fictif DEMO-FR-INS-01,sinistres@demo-fr-ins-01.test,DEMO-FR-POL-0687,2026-01-01,2026-12-31,,
DEMO-FR-0688,True,mock-insurance-v2,FR,ST-489-RW,ST489RW,Toyota,Yaris,blue,DEMO-FR-INS-02,Loire Demo Motor (fictional),Conducteur fictif FR 0688,conducteur-fr-0688@example.test,Gestionnaire fictif DEMO-FR-INS-02,sinistres@demo-fr-ins-02.test,DEMO-FR-POL-0688,2026-01-01,2026-12-31,,
DEMO-FR-0689,True,mock-insurance-v2,FR,XC-716-HT,XC716HT,Toyota,Yaris,blue,DEMO-FR-INS-03,Alpes Demo Assurance (fictional),Conducteur fictif FR 0689,conducteur-fr-0689@example.test,Gestionnaire fictif DEMO-FR-INS-03,sinistres@demo-fr-ins-03.test,DEMO-FR-POL-0689,2026-01-01,2026-12-31,,
DEMO-FR-0690,True,mock-insurance-v2,FR,LN-204-ZM,LN204ZM,Ford,Focus,red,DEMO-FR-INS-04,Rivage Demo Auto (fictional),Conducteur fictif FR 0690,conducteur-fr-0690@example.test,Gestionnaire fictif DEMO-FR-INS-04,sinistres@demo-fr-ins-04.test,DEMO-FR-POL-0690,2026-01-01,2026-12-31,,
DEMO-FR-0691,True,mock-insurance-v2,FR,KF-031-JF,KF031JF,Toyota,Yaris,white,DEMO-FR-INS-00,Hexagone Demo Assurance (fictional),Conducteur fictif FR 0691,conducteur-fr-0691@example.test,Gestionnaire fictif DEMO-FR-INS-00,sinistres@demo-fr-ins-00.test,DEMO-FR-POL-0691,2026-01-01,2026-12-31,,
DEMO-FR-0692,True,mock-insurance-v2,FR,ZB-333-HK,ZB333HK,Renault,Clio,grey,DEMO-FR-INS-01,Azur Demo Auto (fictional),Conducteur fictif FR 0692,conducteur-fr-0692@example.test,Gestionnaire fictif DEMO-FR-INS-01,sinistres@demo-fr-ins-01.test,DEMO-FR-POL-0692,2026-01-01,2026-12-31,,
DEMO-FR-0693,True,mock-insurance-v2,FR,BL-027-LE,BL027LE,Toyota,Yaris,silver,DEMO-FR-INS-02,Loire Demo Motor (fictional),Conducteur fictif FR 0693,conducteur-fr-0693@example.test,Gestionnaire fictif DEMO-FR-INS-02,sinistres@demo-fr-ins-02.test,DEMO-FR-POL-0693,2026-01-01,2026-12-31,,
DEMO-FR-0694,True,mock-insurance-v2,FR,ZJ-332-GV,ZJ332GV,Toyota,Yaris,black,DEMO-FR-INS-03,Alpes Demo Assurance (fictional),Conducteur fictif FR 0694,conducteur-fr-0694@example.test,Gestionnaire fictif DEMO-FR-INS-03,sinistres@demo-fr-ins-03.test,DEMO-FR-POL-0694,2026-01-01,2026-12-31,,
DEMO-FR-0695,True,mock-insurance-v2,FR,VV-655-DY,VV655DY,Toyota,Yaris,red,DEMO-FR-INS-04,Rivage Demo Auto (fictional),Conducteur fictif FR 0695,conducteur-fr-0695@example.test,Gestionnaire fictif DEMO-FR-INS-04,sinistres@demo-fr-ins-04.test,DEMO-FR-POL-0695,2026-01-01,2026-12-31,,
DEMO-FR-0696,True,mock-insurance-v2,FR,JA-087-XY,JA087XY,BMW,3 Series,red,DEMO-FR-INS-00,Hexagone Demo Assurance (fictional),Conducteur fictif FR 0696,conducteur-fr-0696@example.test,Gestionnaire fictif DEMO-FR-INS-00,sinistres@demo-fr-ins-00.test,DEMO-FR-POL-0696,2026-01-01,2026-12-31,,
DEMO-FR-0697,True,mock-insurance-v2,FR,PP-321-JB,PP321JB,Ford,Focus,white,DEMO-FR-INS-01,Azur Demo Auto (fictional),Conducteur fictif FR 0697,conducteur-fr-0697@example.test,Gestionnaire fictif DEMO-FR-INS-01,sinistres@demo-fr-ins-01.test,DEMO-FR-POL-0697,2026-01-01,2026-12-31,,
DEMO-FR-0698,True,mock-insurance-v2,FR,MT-311-DK,MT311DK,BMW,3 Series,silver,DEMO-FR-INS-02,Loire Demo Motor (fictional),Conducteur fictif FR 0698,conducteur-fr-0698@example.test,Gestionnaire fictif DEMO-FR-INS-02,sinistres@demo-fr-ins-02.test,DEMO-FR-POL-0698,2026-01-01,2026-12-31,,
DEMO-FR-0699,True,mock-insurance-v2,FR,HT-226-LX,HT226LX,Toyota,Yaris,red,DEMO-FR-INS-03,Alpes Demo Assurance (fictional),Conducteur fictif FR 0699,conducteur-fr-0699@example.test,Gestionnaire fictif DEMO-FR-INS-03,sinistres@demo-fr-ins-03.test,DEMO-FR-POL-0699,2026-01-01,2026-12-31,,
DEMO-FR-0700,True,mock-insurance-v2,FR,JH-643-SB,JH643SB,Volkswagen,Golf,white,DEMO-FR-INS-04,Rivage Demo Auto (fictional),Conducteur fictif FR 0700,conducteur-fr-0700@example.test,Gestionnaire fictif DEMO-FR-INS-04,sinistres@demo-fr-ins-04.test,DEMO-FR-POL-0700,2026-01-01,2026-12-31,,
DEMO-FR-0701,True,mock-insurance-v2,FR,CC-551-AA,CC551AA,Ford,Focus,black,DEMO-FR-INS-00,Hexagone Demo Assurance (fictional),Conducteur fictif FR 0701,conducteur-fr-0701@example.test,Gestionnaire fictif DEMO-FR-INS-00,sinistres@demo-fr-ins-00.test,DEMO-FR-POL-0701,2026-01-01,2026-12-31,,
DEMO-FR-0702,True,mock-insurance-v2,FR,KJ-660-EK,KJ660EK,Peugeot,208,blue,DEMO-FR-INS-01,Azur Demo Auto (fictional),Conducteur fictif FR 0702,conducteur-fr-0702@example.test,Gestionnaire fictif DEMO-FR-INS-01,sinistres@demo-fr-ins-01.test,DEMO-FR-POL-0702,2026-01-01,2026-12-31,,
DEMO-FR-0703,True,mock-insurance-v2,FR,KD-990-RC,KD990RC,Ford,Focus,silver,DEMO-FR-INS-02,Loire Demo Motor (fictional),Conducteur fictif FR 0703,conducteur-fr-0703@example.test,Gestionnaire fictif DEMO-FR-INS-02,sinistres@demo-fr-ins-02.test,DEMO-FR-POL-0703,2026-01-01,2026-12-31,,
DEMO-FR-0704,True,mock-insurance-v2,FR,EB-999-NS,EB999NS,Ford,Focus,grey,DEMO-FR-INS-03,Alpes Demo Assurance (fictional),Conducteur fictif FR 0704,conducteur-fr-0704@example.test,Gestionnaire fictif DEMO-FR-INS-03,sinistres@demo-fr-ins-03.test,DEMO-FR-POL-0704,2026-01-01,2026-12-31,,
DEMO-FR-0705,True,mock-insurance-v2,FR,PF-900-FP,PF900FP,Toyota,Yaris,blue,DEMO-FR-INS-04,Rivage Demo Auto (fictional),Conducteur fictif FR 0705,conducteur-fr-0705@example.test,Gestionnaire fictif DEMO-FR-INS-04,sinistres@demo-fr-ins-04.test,DEMO-FR-POL-0705,2026-01-01,2026-12-31,,
DEMO-FR-0706,True,mock-insurance-v2,FR,FY-603-TJ,FY603TJ,Renault,Clio,blue,DEMO-FR-INS-00,Hexagone Demo Assurance (fictional),Conducteur fictif FR 0706,conducteur-fr-0706@example.test,Gestionnaire fictif DEMO-FR-INS-00,sinistres@demo-fr-ins-00.test,DEMO-FR-POL-0706,2026-01-01,2026-12-31,,
DEMO-FR-0707,True,mock-insurance-v2,FR,LE-600-BL,LE600BL,Toyota,Yaris,silver,DEMO-FR-INS-01,Azur Demo Auto (fictional),Conducteur fictif FR 0707,conducteur-fr-0707@example.test,Gestionnaire fictif DEMO-FR-INS-01,sinistres@demo-fr-ins-01.test,DEMO-FR-POL-0707,2026-01-01,2026-12-31,,
DEMO-FR-0708,True,mock-insurance-v2,FR,HY-691-LY,HY691LY,Toyota,Yaris,white,DEMO-FR-INS-02,Loire Demo Motor (fictional),Conducteur fictif FR 0708,conducteur-fr-0708@example.test,Gestionnaire fictif DEMO-FR-INS-02,sinistres@demo-fr-ins-02.test,DEMO-FR-POL-0708,2026-01-01,2026-12-31,,
DEMO-FR-0709,True,mock-insurance-v2,FR,LB-354-NE,LB354NE,Renault,Clio,red,DEMO-FR-INS-03,Alpes Demo Assurance (fictional),Conducteur fictif FR 0709,conducteur-fr-0709@example.test,Gestionnaire fictif DEMO-FR-INS-03,sinistres@demo-fr-ins-03.test,DEMO-FR-POL-0709,2026-01-01,2026-12-31,,
DEMO-FR-0710,True,mock-insurance-v2,FR,ZW-009-VL,ZW009VL,Toyota,Yaris,silver,DEMO-FR-INS-04,Rivage Demo Auto (fictional),Conducteur fictif FR 0710,conducteur-fr-0710@example.test,Gestionnaire fictif DEMO-FR-INS-04,sinistres@demo-fr-ins-04.test,DEMO-FR-POL-0710,2026-01-01,2026-12-31,,
DEMO-FR-0711,True,mock-insurance-v2,FR,VV-409-AC,VV409AC,Toyota,Yaris,red,DEMO-FR-INS-00,Hexagone Demo Assurance (fictional),Conducteur fictif FR 0711,conducteur-fr-0711@example.test,Gestionnaire fictif DEMO-FR-INS-00,sinistres@demo-fr-ins-00.test,DEMO-FR-POL-0711,2026-01-01,2026-12-31,,
DEMO-FR-0712,True,mock-insurance-v2,FR,DW-930-XX,DW930XX,Renault,Clio,grey,DEMO-FR-INS-01,Azur Demo Auto (fictional),Conducteur fictif FR 0712,conducteur-fr-0712@example.test,Gestionnaire fictif DEMO-FR-INS-01,sinistres@demo-fr-ins-01.test,DEMO-FR-POL-0712,2026-01-01,2026-12-31,,
DEMO-FR-0713,True,mock-insurance-v2,FR,BH-135-BL,BH135BL,Ford,Focus,blue,DEMO-FR-INS-02,Loire Demo Motor (fictional),Conducteur fictif FR 0713,conducteur-fr-0713@example.test,Gestionnaire fictif DEMO-FR-INS-02,sinistres@demo-fr-ins-02.test,DEMO-FR-POL-0713,2026-01-01,2026-12-31,,
DEMO-FR-0714,True,mock-insurance-v2,FR,KR-317-KF,KR317KF,Renault,Clio,red,DEMO-FR-INS-03,Alpes Demo Assurance (fictional),Conducteur fictif FR 0714,conducteur-fr-0714@example.test,Gestionnaire fictif DEMO-FR-INS-03,sinistres@demo-fr-ins-03.test,DEMO-FR-POL-0714,2026-01-01,2026-12-31,,
DEMO-FR-0715,True,mock-insurance-v2,FR,KR-239-RS,KR239RS,Volkswagen,Golf,red,DEMO-FR-INS-04,Rivage Demo Auto (fictional),Conducteur fictif FR 0715,conducteur-fr-0715@example.test,Gestionnaire fictif DEMO-FR-INS-04,sinistres@demo-fr-ins-04.test,DEMO-FR-POL-0715,2026-01-01,2026-12-31,,
DEMO-FR-0716,True,mock-insurance-v2,FR,XE-297-PF,XE297PF,Renault,Clio,red,DEMO-FR-INS-00,Hexagone Demo Assurance (fictional),Conducteur fictif FR 0716,conducteur-fr-0716@example.test,Gestionnaire fictif DEMO-FR-INS-00,sinistres@demo-fr-ins-00.test,DEMO-FR-POL-0716,2026-01-01,2026-12-31,,
DEMO-FR-0717,True,mock-insurance-v2,FR,TF-204-NJ,TF204NJ,Peugeot,208,red,DEMO-FR-INS-01,Azur Demo Auto (fictional),Conducteur fictif FR 0717,conducteur-fr-0717@example.test,Gestionnaire fictif DEMO-FR-INS-01,sinistres@demo-fr-ins-01.test,DEMO-FR-POL-0717,2026-01-01,2026-12-31,,
DEMO-FR-0718,True,mock-insurance-v2,FR,HZ-394-SN,HZ394SN,Renault,Clio,red,DEMO-FR-INS-02,Loire Demo Motor (fictional),Conducteur fictif FR 0718,conducteur-fr-0718@example.test,Gestionnaire fictif DEMO-FR-INS-02,sinistres@demo-fr-ins-02.test,DEMO-FR-POL-0718,2026-01-01,2026-12-31,,
DEMO-FR-0719,True,mock-insurance-v2,FR,HB-197-HT,HB197HT,Ford,Focus,black,DEMO-FR-INS-03,Alpes Demo Assurance (fictional),Conducteur fictif FR 0719,conducteur-fr-0719@example.test,Gestionnaire fictif DEMO-FR-INS-03,sinistres@demo-fr-ins-03.test,DEMO-FR-POL-0719,2026-01-01,2026-12-31,,
DEMO-FR-0720,True,mock-insurance-v2,FR,NJ-928-LT,NJ928LT,Volkswagen,Golf,blue,DEMO-FR-INS-04,Rivage Demo Auto (fictional),Conducteur fictif FR 0720,conducteur-fr-0720@example.test,Gestionnaire fictif DEMO-FR-INS-04,sinistres@demo-fr-ins-04.test,DEMO-FR-POL-0720,2026-01-01,2026-12-31,,
DEMO-FR-0721,True,mock-insurance-v2,FR,TF-653-VH,TF653VH,Peugeot,208,white,DEMO-FR-INS-00,Hexagone Demo Assurance (fictional),Conducteur fictif FR 0721,conducteur-fr-0721@example.test,Gestionnaire fictif DEMO-FR-INS-00,sinistres@demo-fr-ins-00.test,DEMO-FR-POL-0721,2026-01-01,2026-12-31,,
DEMO-FR-0722,True,mock-insurance-v2,FR,TJ-530-CG,TJ530CG,Peugeot,208,black,DEMO-FR-INS-01,Azur Demo Auto (fictional),Conducteur fictif FR 0722,conducteur-fr-0722@example.test,Gestionnaire fictif DEMO-FR-INS-01,sinistres@demo-fr-ins-01.test,DEMO-FR-POL-0722,2026-01-01,2026-12-31,,
DEMO-FR-0723,True,mock-insurance-v2,FR,XP-450-ZP,XP450ZP,Peugeot,208,silver,DEMO-FR-INS-02,Loire Demo Motor (fictional),Conducteur fictif FR 0723,conducteur-fr-0723@example.test,Gestionnaire fictif DEMO-FR-INS-02,sinistres@demo-fr-ins-02.test,DEMO-FR-POL-0723,2026-01-01,2026-12-31,,
DEMO-FR-0724,True,mock-insurance-v2,FR,MN-199-PV,MN199PV,Toyota,Yaris,white,DEMO-FR-INS-03,Alpes Demo Assurance (fictional),Conducteur fictif FR 0724,conducteur-fr-0724@example.test,Gestionnaire fictif DEMO-FR-INS-03,sinistres@demo-fr-ins-03.test,DEMO-FR-POL-0724,2026-01-01,2026-12-31,,
DEMO-FR-0725,True,mock-insurance-v2,FR,ZX-405-SA,ZX405SA,Renault,Clio,silver,DEMO-FR-INS-04,Rivage Demo Auto (fictional),Conducteur fictif FR 0725,conducteur-fr-0725@example.test,Gestionnaire fictif DEMO-FR-INS-04,sinistres@demo-fr-ins-04.test,DEMO-FR-POL-0725,2026-01-01,2026-12-31,,
DEMO-FR-0726,True,mock-insurance-v2,FR,VT-010-CY,VT010CY,BMW,3 Series,red,DEMO-FR-INS-00,Hexagone Demo Assurance (fictional),Conducteur fictif FR 0726,conducteur-fr-0726@example.test,Gestionnaire fictif DEMO-FR-INS-00,sinistres@demo-fr-ins-00.test,DEMO-FR-POL-0726,2026-01-01,2026-12-31,,
DEMO-FR-0727,True,mock-insurance-v2,FR,SN-135-KM,SN135KM,Volkswagen,Golf,blue,DEMO-FR-INS-01,Azur Demo Auto (fictional),Conducteur fictif FR 0727,conducteur-fr-0727@example.test,Gestionnaire fictif DEMO-FR-INS-01,sinistres@demo-fr-ins-01.test,DEMO-FR-POL-0727,2026-01-01,2026-12-31,,
DEMO-FR-0728,True,mock-insurance-v2,FR,DA-865-GV,DA865GV,Toyota,Yaris,white,DEMO-FR-INS-02,Loire Demo Motor (fictional),Conducteur fictif FR 0728,conducteur-fr-0728@example.test,Gestionnaire fictif DEMO-FR-INS-02,sinistres@demo-fr-ins-02.test,DEMO-FR-POL-0728,2026-01-01,2026-12-31,,
DEMO-FR-0729,True,mock-insurance-v2,FR,ZJ-421-DA,ZJ421DA,Renault,Clio,black,DEMO-FR-INS-03,Alpes Demo Assurance (fictional),Conducteur fictif FR 0729,conducteur-fr-0729@example.test,Gestionnaire fictif DEMO-FR-INS-03,sinistres@demo-fr-ins-03.test,DEMO-FR-POL-0729,2026-01-01,2026-12-31,,
DEMO-FR-0730,True,mock-insurance-v2,FR,FS-750-PX,FS750PX,Peugeot,208,red,DEMO-FR-INS-04,Rivage Demo Auto (fictional),Conducteur fictif FR 0730,conducteur-fr-0730@example.test,Gestionnaire fictif DEMO-FR-INS-04,sinistres@demo-fr-ins-04.test,DEMO-FR-POL-0730,2026-01-01,2026-12-31,,
DEMO-FR-0731,True,mock-insurance-v2,FR,VG-122-ZB,VG122ZB,Ford,Focus,black,DEMO-FR-INS-00,Hexagone Demo Assurance (fictional),Conducteur fictif FR 0731,conducteur-fr-0731@example.test,Gestionnaire fictif DEMO-FR-INS-00,sinistres@demo-fr-ins-00.test,DEMO-FR-POL-0731,2026-01-01,2026-12-31,,
DEMO-FR-0732,True,mock-insurance-v2,FR,AR-028-PY,AR028PY,Peugeot,208,blue,DEMO-FR-INS-01,Azur Demo Auto (fictional),Conducteur fictif FR 0732,conducteur-fr-0732@example.test,Gestionnaire fictif DEMO-FR-INS-01,sinistres@demo-fr-ins-01.test,DEMO-FR-POL-0732,2026-01-01,2026-12-31,,
DEMO-FR-0733,True,mock-insurance-v2,FR,BF-072-GF,BF072GF,Ford,Focus,black,DEMO-FR-INS-02,Loire Demo Motor (fictional),Conducteur fictif FR 0733,conducteur-fr-0733@example.test,Gestionnaire fictif DEMO-FR-INS-02,sinistres@demo-fr-ins-02.test,DEMO-FR-POL-0733,2026-01-01,2026-12-31,,
DEMO-FR-0734,True,mock-insurance-v2,FR,RZ-018-JA,RZ018JA,Peugeot,208,red,DEMO-FR-INS-03,Alpes Demo Assurance (fictional),Conducteur fictif FR 0734,conducteur-fr-0734@example.test,Gestionnaire fictif DEMO-FR-INS-03,sinistres@demo-fr-ins-03.test,DEMO-FR-POL-0734,2026-01-01,2026-12-31,,
DEMO-FR-0735,True,mock-insurance-v2,FR,DM-819-TP,DM819TP,Ford,Focus,white,DEMO-FR-INS-04,Rivage Demo Auto (fictional),Conducteur fictif FR 0735,conducteur-fr-0735@example.test,Gestionnaire fictif DEMO-FR-INS-04,sinistres@demo-fr-ins-04.test,DEMO-FR-POL-0735,2026-01-01,2026-12-31,,
DEMO-FR-0736,True,mock-insurance-v2,FR,AV-251-XB,AV251XB,Toyota,Yaris,red,DEMO-FR-INS-00,Hexagone Demo Assurance (fictional),Conducteur fictif FR 0736,conducteur-fr-0736@example.test,Gestionnaire fictif DEMO-FR-INS-00,sinistres@demo-fr-ins-00.test,DEMO-FR-POL-0736,2026-01-01,2026-12-31,,
DEMO-FR-0737,True,mock-insurance-v2,FR,GG-525-XA,GG525XA,Toyota,Yaris,silver,DEMO-FR-INS-01,Azur Demo Auto (fictional),Conducteur fictif FR 0737,conducteur-fr-0737@example.test,Gestionnaire fictif DEMO-FR-INS-01,sinistres@demo-fr-ins-01.test,DEMO-FR-POL-0737,2026-01-01,2026-12-31,,
DEMO-FR-0738,True,mock-insurance-v2,FR,XB-650-WM,XB650WM,Renault,Clio,red,DEMO-FR-INS-02,Loire Demo Motor (fictional),Conducteur fictif FR 0738,conducteur-fr-0738@example.test,Gestionnaire fictif DEMO-FR-INS-02,sinistres@demo-fr-ins-02.test,DEMO-FR-POL-0738,2026-01-01,2026-12-31,,
DEMO-FR-0739,True,mock-insurance-v2,FR,CZ-479-XK,CZ479XK,Toyota,Yaris,grey,DEMO-FR-INS-03,Alpes Demo Assurance (fictional),Conducteur fictif FR 0739,conducteur-fr-0739@example.test,Gestionnaire fictif DEMO-FR-INS-03,sinistres@demo-fr-ins-03.test,DEMO-FR-POL-0739,2026-01-01,2026-12-31,,
DEMO-FR-0740,True,mock-insurance-v2,FR,CG-759-YH,CG759YH,Ford,Focus,white,DEMO-FR-INS-04,Rivage Demo Auto (fictional),Conducteur fictif FR 0740,conducteur-fr-0740@example.test,Gestionnaire fictif DEMO-FR-INS-04,sinistres@demo-fr-ins-04.test,DEMO-FR-POL-0740,2026-01-01,2026-12-31,,
DEMO-FR-0741,True,mock-insurance-v2,FR,NB-926-VE,NB926VE,Toyota,Yaris,white,DEMO-FR-INS-00,Hexagone Demo Assurance (fictional),Conducteur fictif FR 0741,conducteur-fr-0741@example.test,Gestionnaire fictif DEMO-FR-INS-00,sinistres@demo-fr-ins-00.test,DEMO-FR-POL-0741,2026-01-01,2026-12-31,,
DEMO-FR-0742,True,mock-insurance-v2,FR,RJ-745-XE,RJ745XE,Ford,Focus,white,DEMO-FR-INS-01,Azur Demo Auto (fictional),Conducteur fictif FR 0742,conducteur-fr-0742@example.test,Gestionnaire fictif DEMO-FR-INS-01,sinistres@demo-fr-ins-01.test,DEMO-FR-POL-0742,2026-01-01,2026-12-31,,
DEMO-FR-0743,True,mock-insurance-v2,FR,MC-681-LH,MC681LH,Renault,Clio,red,DEMO-FR-INS-02,Loire Demo Motor (fictional),Conducteur fictif FR 0743,conducteur-fr-0743@example.test,Gestionnaire fictif DEMO-FR-INS-02,sinistres@demo-fr-ins-02.test,DEMO-FR-POL-0743,2026-01-01,2026-12-31,,
DEMO-FR-0744,True,mock-insurance-v2,FR,YA-528-ZN,YA528ZN,Ford,Focus,grey,DEMO-FR-INS-03,Alpes Demo Assurance (fictional),Conducteur fictif FR 0744,conducteur-fr-0744@example.test,Gestionnaire fictif DEMO-FR-INS-03,sinistres@demo-fr-ins-03.test,DEMO-FR-POL-0744,2026-01-01,2026-12-31,,
DEMO-FR-0745,True,mock-insurance-v2,FR,SL-996-ER,SL996ER,Volkswagen,Golf,black,DEMO-FR-INS-04,Rivage Demo Auto (fictional),Conducteur fictif FR 0745,conducteur-fr-0745@example.test,Gestionnaire fictif DEMO-FR-INS-04,sinistres@demo-fr-ins-04.test,DEMO-FR-POL-0745,2026-01-01,2026-12-31,,
DEMO-FR-0746,True,mock-insurance-v2,FR,ZZ-015-CV,ZZ015CV,BMW,3 Series,blue,DEMO-FR-INS-00,Hexagone Demo Assurance (fictional),Conducteur fictif FR 0746,conducteur-fr-0746@example.test,Gestionnaire fictif DEMO-FR-INS-00,sinistres@demo-fr-ins-00.test,DEMO-FR-POL-0746,2026-01-01,2026-12-31,,
DEMO-FR-0747,True,mock-insurance-v2,FR,DV-433-RD,DV433RD,BMW,3 Series,white,DEMO-FR-INS-01,Azur Demo Auto (fictional),Conducteur fictif FR 0747,conducteur-fr-0747@example.test,Gestionnaire fictif DEMO-FR-INS-01,sinistres@demo-fr-ins-01.test,DEMO-FR-POL-0747,2026-01-01,2026-12-31,,
DEMO-FR-0748,True,mock-insurance-v2,FR,JV-575-WA,JV575WA,BMW,3 Series,grey,DEMO-FR-INS-02,Loire Demo Motor (fictional),Conducteur fictif FR 0748,conducteur-fr-0748@example.test,Gestionnaire fictif DEMO-FR-INS-02,sinistres@demo-fr-ins-02.test,DEMO-FR-POL-0748,2026-01-01,2026-12-31,,
DEMO-FR-0749,True,mock-insurance-v2,FR,ZZ-750-KD,ZZ750KD,BMW,3 Series,black,DEMO-FR-INS-03,Alpes Demo Assurance (fictional),Conducteur fictif FR 0749,conducteur-fr-0749@example.test,Gestionnaire fictif DEMO-FR-INS-03,sinistres@demo-fr-ins-03.test,DEMO-FR-POL-0749,2026-01-01,2026-12-31,,
DEMO-FR-0750,True,mock-insurance-v2,FR,HV-083-FT,HV083FT,Peugeot,208,white,DEMO-FR-INS-04,Rivage Demo Auto (fictional),Conducteur fictif FR 0750,conducteur-fr-0750@example.test,Gestionnaire fictif DEMO-FR-INS-04,sinistres@demo-fr-ins-04.test,DEMO-FR-POL-0750,2026-01-01,2026-12-31,,
DEMO-FR-0751,True,mock-insurance-v2,FR,AR-847-YS,AR847YS,Peugeot,208,silver,DEMO-FR-INS-00,Hexagone Demo Assurance (fictional),Conducteur fictif FR 0751,conducteur-fr-0751@example.test,Gestionnaire fictif DEMO-FR-INS-00,sinistres@demo-fr-ins-00.test,DEMO-FR-POL-0751,2026-01-01,2026-12-31,,
DEMO-FR-0752,True,mock-insurance-v2,FR,XA-333-NC,XA333NC,Peugeot,208,grey,DEMO-FR-INS-01,Azur Demo Auto (fictional),Conducteur fictif FR 0752,conducteur-fr-0752@example.test,Gestionnaire fictif DEMO-FR-INS-01,sinistres@demo-fr-ins-01.test,DEMO-FR-POL-0752,2026-01-01,2026-12-31,,
DEMO-FR-0753,True,mock-insurance-v2,FR,BB-627-KJ,BB627KJ,Renault,Clio,white,DEMO-FR-INS-02,Loire Demo Motor (fictional),Conducteur fictif FR 0753,conducteur-fr-0753@example.test,Gestionnaire fictif DEMO-FR-INS-02,sinistres@demo-fr-ins-02.test,DEMO-FR-POL-0753,2026-01-01,2026-12-31,,
DEMO-FR-0754,True,mock-insurance-v2,FR,MZ-297-WF,MZ297WF,BMW,3 Series,black,DEMO-FR-INS-03,Alpes Demo Assurance (fictional),Conducteur fictif FR 0754,conducteur-fr-0754@example.test,Gestionnaire fictif DEMO-FR-INS-03,sinistres@demo-fr-ins-03.test,DEMO-FR-POL-0754,2026-01-01,2026-12-31,,
DEMO-FR-0755,True,mock-insurance-v2,FR,XJ-555-DK,XJ555DK,Ford,Focus,red,DEMO-FR-INS-04,Rivage Demo Auto (fictional),Conducteur fictif FR 0755,conducteur-fr-0755@example.test,Gestionnaire fictif DEMO-FR-INS-04,sinistres@demo-fr-ins-04.test,DEMO-FR-POL-0755,2026-01-01,2026-12-31,,
DEMO-FR-0756,True,mock-insurance-v2,FR,RR-925-PH,RR925PH,Renault,Clio,white,DEMO-FR-INS-00,Hexagone Demo Assurance (fictional),Conducteur fictif FR 0756,conducteur-fr-0756@example.test,Gestionnaire fictif DEMO-FR-INS-00,sinistres@demo-fr-ins-00.test,DEMO-FR-POL-0756,2026-01-01,2026-12-31,,
DEMO-FR-0757,True,mock-insurance-v2,FR,HG-668-MM,HG668MM,Peugeot,208,white,DEMO-FR-INS-01,Azur Demo Auto (fictional),Conducteur fictif FR 0757,conducteur-fr-0757@example.test,Gestionnaire fictif DEMO-FR-INS-01,sinistres@demo-fr-ins-01.test,DEMO-FR-POL-0757,2026-01-01,2026-12-31,,
DEMO-FR-0758,True,mock-insurance-v2,FR,SR-349-ER,SR349ER,Ford,Focus,blue,DEMO-FR-INS-02,Loire Demo Motor (fictional),Conducteur fictif FR 0758,conducteur-fr-0758@example.test,Gestionnaire fictif DEMO-FR-INS-02,sinistres@demo-fr-ins-02.test,DEMO-FR-POL-0758,2026-01-01,2026-12-31,,
DEMO-FR-0759,True,mock-insurance-v2,FR,PL-521-FE,PL521FE,Peugeot,208,black,DEMO-FR-INS-03,Alpes Demo Assurance (fictional),Conducteur fictif FR 0759,conducteur-fr-0759@example.test,Gestionnaire fictif DEMO-FR-INS-03,sinistres@demo-fr-ins-03.test,DEMO-FR-POL-0759,2026-01-01,2026-12-31,,
DEMO-FR-0760,True,mock-insurance-v2,FR,CY-447-VN,CY447VN,Renault,Clio,black,DEMO-FR-INS-04,Rivage Demo Auto (fictional),Conducteur fictif FR 0760,conducteur-fr-0760@example.test,Gestionnaire fictif DEMO-FR-INS-04,sinistres@demo-fr-ins-04.test,DEMO-FR-POL-0760,2026-01-01,2026-12-31,,
DEMO-FR-0761,True,mock-insurance-v2,FR,GM-794-RS,GM794RS,BMW,3 Series,blue,DEMO-FR-INS-00,Hexagone Demo Assurance (fictional),Conducteur fictif FR 0761,conducteur-fr-0761@example.test,Gestionnaire fictif DEMO-FR-INS-00,sinistres@demo-fr-ins-00.test,DEMO-FR-POL-0761,2026-01-01,2026-12-31,,
DEMO-FR-0762,True,mock-insurance-v2,FR,YX-623-WC,YX623WC,Peugeot,208,red,DEMO-FR-INS-01,Azur Demo Auto (fictional),Conducteur fictif FR 0762,conducteur-fr-0762@example.test,Gestionnaire fictif DEMO-FR-INS-01,sinistres@demo-fr-ins-01.test,DEMO-FR-POL-0762,2026-01-01,2026-12-31,,
DEMO-FR-0763,True,mock-insurance-v2,FR,DJ-891-BH,DJ891BH,Peugeot,208,silver,DEMO-FR-INS-02,Loire Demo Motor (fictional),Conducteur fictif FR 0763,conducteur-fr-0763@example.test,Gestionnaire fictif DEMO-FR-INS-02,sinistres@demo-fr-ins-02.test,DEMO-FR-POL-0763,2026-01-01,2026-12-31,,
DEMO-FR-0764,True,mock-insurance-v2,FR,WT-477-GJ,WT477GJ,Toyota,Yaris,black,DEMO-FR-INS-03,Alpes Demo Assurance (fictional),Conducteur fictif FR 0764,conducteur-fr-0764@example.test,Gestionnaire fictif DEMO-FR-INS-03,sinistres@demo-fr-ins-03.test,DEMO-FR-POL-0764,2026-01-01,2026-12-31,,
DEMO-FR-0765,True,mock-insurance-v2,FR,XB-939-JY,XB939JY,Volkswagen,Golf,silver,DEMO-FR-INS-04,Rivage Demo Auto (fictional),Conducteur fictif FR 0765,conducteur-fr-0765@example.test,Gestionnaire fictif DEMO-FR-INS-04,sinistres@demo-fr-ins-04.test,DEMO-FR-POL-0765,2026-01-01,2026-12-31,,
DEMO-FR-0766,True,mock-insurance-v2,FR,BF-785-EK,BF785EK,Toyota,Yaris,white,DEMO-FR-INS-00,Hexagone Demo Assurance (fictional),Conducteur fictif FR 0766,conducteur-fr-0766@example.test,Gestionnaire fictif DEMO-FR-INS-00,sinistres@demo-fr-ins-00.test,DEMO-FR-POL-0766,2026-01-01,2026-12-31,,
DEMO-FR-0767,True,mock-insurance-v2,FR,FC-835-PD,FC835PD,Renault,Clio,black,DEMO-FR-INS-01,Azur Demo Auto (fictional),Conducteur fictif FR 0767,conducteur-fr-0767@example.test,Gestionnaire fictif DEMO-FR-INS-01,sinistres@demo-fr-ins-01.test,DEMO-FR-POL-0767,2026-01-01,2026-12-31,,
DEMO-FR-0768,True,mock-insurance-v2,FR,DB-457-NZ,DB457NZ,Toyota,Yaris,blue,DEMO-FR-INS-02,Loire Demo Motor (fictional),Conducteur fictif FR 0768,conducteur-fr-0768@example.test,Gestionnaire fictif DEMO-FR-INS-02,sinistres@demo-fr-ins-02.test,DEMO-FR-POL-0768,2026-01-01,2026-12-31,,
DEMO-FR-0769,True,mock-insurance-v2,FR,KZ-257-HG,KZ257HG,Renault,Clio,grey,DEMO-FR-INS-03,Alpes Demo Assurance (fictional),Conducteur fictif FR 0769,conducteur-fr-0769@example.test,Gestionnaire fictif DEMO-FR-INS-03,sinistres@demo-fr-ins-03.test,DEMO-FR-POL-0769,2026-01-01,2026-12-31,,
DEMO-FR-0770,True,mock-insurance-v2,FR,XV-070-GH,XV070GH,Volkswagen,Golf,blue,DEMO-FR-INS-04,Rivage Demo Auto (fictional),Conducteur fictif FR 0770,conducteur-fr-0770@example.test,Gestionnaire fictif DEMO-FR-INS-04,sinistres@demo-fr-ins-04.test,DEMO-FR-POL-0770,2026-01-01,2026-12-31,,
DEMO-FR-0771,True,mock-insurance-v2,FR,GA-529-NJ,GA529NJ,Toyota,Yaris,black,DEMO-FR-INS-00,Hexagone Demo Assurance (fictional),Conducteur fictif FR 0771,conducteur-fr-0771@example.test,Gestionnaire fictif DEMO-FR-INS-00,sinistres@demo-fr-ins-00.test,DEMO-FR-POL-0771,2026-01-01,2026-12-31,,
DEMO-FR-0772,True,mock-insurance-v2,FR,WW-449-HT,WW449HT,Ford,Focus,red,DEMO-FR-INS-01,Azur Demo Auto (fictional),Conducteur fictif FR 0772,conducteur-fr-0772@example.test,Gestionnaire fictif DEMO-FR-INS-01,sinistres@demo-fr-ins-01.test,DEMO-FR-POL-0772,2026-01-01,2026-12-31,,
DEMO-FR-0773,True,mock-insurance-v2,FR,CP-162-JZ,CP162JZ,BMW,3 Series,black,DEMO-FR-INS-02,Loire Demo Motor (fictional),Conducteur fictif FR 0773,conducteur-fr-0773@example.test,Gestionnaire fictif DEMO-FR-INS-02,sinistres@demo-fr-ins-02.test,DEMO-FR-POL-0773,2026-01-01,2026-12-31,,
DEMO-FR-0774,True,mock-insurance-v2,FR,RT-930-YW,RT930YW,Ford,Focus,blue,DEMO-FR-INS-03,Alpes Demo Assurance (fictional),Conducteur fictif FR 0774,conducteur-fr-0774@example.test,Gestionnaire fictif DEMO-FR-INS-03,sinistres@demo-fr-ins-03.test,DEMO-FR-POL-0774,2026-01-01,2026-12-31,,
DEMO-FR-0775,True,mock-insurance-v2,FR,SC-355-TP,SC355TP,Volkswagen,Golf,silver,DEMO-FR-INS-04,Rivage Demo Auto (fictional),Conducteur fictif FR 0775,conducteur-fr-0775@example.test,Gestionnaire fictif DEMO-FR-INS-04,sinistres@demo-fr-ins-04.test,DEMO-FR-POL-0775,2026-01-01,2026-12-31,,
DEMO-FR-0776,True,mock-insurance-v2,FR,JS-017-DJ,JS017DJ,Peugeot,208,blue,DEMO-FR-INS-00,Hexagone Demo Assurance (fictional),Conducteur fictif FR 0776,conducteur-fr-0776@example.test,Gestionnaire fictif DEMO-FR-INS-00,sinistres@demo-fr-ins-00.test,DEMO-FR-POL-0776,2026-01-01,2026-12-31,,
DEMO-FR-0777,True,mock-insurance-v2,FR,HT-132-AW,HT132AW,Ford,Focus,silver,DEMO-FR-INS-01,Azur Demo Auto (fictional),Conducteur fictif FR 0777,conducteur-fr-0777@example.test,Gestionnaire fictif DEMO-FR-INS-01,sinistres@demo-fr-ins-01.test,DEMO-FR-POL-0777,2026-01-01,2026-12-31,,
DEMO-FR-0778,True,mock-insurance-v2,FR,ZT-293-EX,ZT293EX,Toyota,Yaris,grey,DEMO-FR-INS-02,Loire Demo Motor (fictional),Conducteur fictif FR 0778,conducteur-fr-0778@example.test,Gestionnaire fictif DEMO-FR-INS-02,sinistres@demo-fr-ins-02.test,DEMO-FR-POL-0778,2026-01-01,2026-12-31,,
DEMO-FR-0779,True,mock-insurance-v2,FR,ET-576-WD,ET576WD,Renault,Clio,black,DEMO-FR-INS-03,Alpes Demo Assurance (fictional),Conducteur fictif FR 0779,conducteur-fr-0779@example.test,Gestionnaire fictif DEMO-FR-INS-03,sinistres@demo-fr-ins-03.test,DEMO-FR-POL-0779,2026-01-01,2026-12-31,,
DEMO-FR-0780,True,mock-insurance-v2,FR,DT-139-TV,DT139TV,BMW,3 Series,grey,DEMO-FR-INS-04,Rivage Demo Auto (fictional),Conducteur fictif FR 0780,conducteur-fr-0780@example.test,Gestionnaire fictif DEMO-FR-INS-04,sinistres@demo-fr-ins-04.test,DEMO-FR-POL-0780,2026-01-01,2026-12-31,,
DEMO-FR-0781,True,mock-insurance-v2,FR,CN-082-ZP,CN082ZP,Toyota,Yaris,silver,DEMO-FR-INS-00,Hexagone Demo Assurance (fictional),Conducteur fictif FR 0781,conducteur-fr-0781@example.test,Gestionnaire fictif DEMO-FR-INS-00,sinistres@demo-fr-ins-00.test,DEMO-FR-POL-0781,2026-01-01,2026-12-31,,
DEMO-FR-0782,True,mock-insurance-v2,FR,MX-891-ZA,MX891ZA,Ford,Focus,grey,DEMO-FR-INS-01,Azur Demo Auto (fictional),Conducteur fictif FR 0782,conducteur-fr-0782@example.test,Gestionnaire fictif DEMO-FR-INS-01,sinistres@demo-fr-ins-01.test,DEMO-FR-POL-0782,2026-01-01,2026-12-31,,
DEMO-FR-0783,True,mock-insurance-v2,FR,RP-986-JS,RP986JS,Volkswagen,Golf,black,DEMO-FR-INS-02,Loire Demo Motor (fictional),Conducteur fictif FR 0783,conducteur-fr-0783@example.test,Gestionnaire fictif DEMO-FR-INS-02,sinistres@demo-fr-ins-02.test,DEMO-FR-POL-0783,2026-01-01,2026-12-31,,
DEMO-FR-0784,True,mock-insurance-v2,FR,HD-340-WY,HD340WY,Volkswagen,Golf,silver,DEMO-FR-INS-03,Alpes Demo Assurance (fictional),Conducteur fictif FR 0784,conducteur-fr-0784@example.test,Gestionnaire fictif DEMO-FR-INS-03,sinistres@demo-fr-ins-03.test,DEMO-FR-POL-0784,2026-01-01,2026-12-31,,
DEMO-FR-0785,True,mock-insurance-v2,FR,KW-965-CX,KW965CX,Volkswagen,Golf,black,DEMO-FR-INS-04,Rivage Demo Auto (fictional),Conducteur fictif FR 0785,conducteur-fr-0785@example.test,Gestionnaire fictif DEMO-FR-INS-04,sinistres@demo-fr-ins-04.test,DEMO-FR-POL-0785,2026-01-01,2026-12-31,,
DEMO-FR-0786,True,mock-insurance-v2,FR,MP-387-RK,MP387RK,BMW,3 Series,grey,DEMO-FR-INS-00,Hexagone Demo Assurance (fictional),Conducteur fictif FR 0786,conducteur-fr-0786@example.test,Gestionnaire fictif DEMO-FR-INS-00,sinistres@demo-fr-ins-00.test,DEMO-FR-POL-0786,2026-01-01,2026-12-31,,
DEMO-FR-0787,True,mock-insurance-v2,FR,FY-114-XH,FY114XH,Renault,Clio,blue,DEMO-FR-INS-01,Azur Demo Auto (fictional),Conducteur fictif FR 0787,conducteur-fr-0787@example.test,Gestionnaire fictif DEMO-FR-INS-01,sinistres@demo-fr-ins-01.test,DEMO-FR-POL-0787,2026-01-01,2026-12-31,,
DEMO-FR-0788,True,mock-insurance-v2,FR,LM-506-CY,LM506CY,Volkswagen,Golf,silver,DEMO-FR-INS-02,Loire Demo Motor (fictional),Conducteur fictif FR 0788,conducteur-fr-0788@example.test,Gestionnaire fictif DEMO-FR-INS-02,sinistres@demo-fr-ins-02.test,DEMO-FR-POL-0788,2026-01-01,2026-12-31,,
DEMO-FR-0789,True,mock-insurance-v2,FR,TH-360-ZH,TH360ZH,Renault,Clio,white,DEMO-FR-INS-03,Alpes Demo Assurance (fictional),Conducteur fictif FR 0789,conducteur-fr-0789@example.test,Gestionnaire fictif DEMO-FR-INS-03,sinistres@demo-fr-ins-03.test,DEMO-FR-POL-0789,2026-01-01,2026-12-31,,
DEMO-FR-0790,True,mock-insurance-v2,FR,AW-966-DN,AW966DN,Renault,Clio,white,DEMO-FR-INS-04,Rivage Demo Auto (fictional),Conducteur fictif FR 0790,conducteur-fr-0790@example.test,Gestionnaire fictif DEMO-FR-INS-04,sinistres@demo-fr-ins-04.test,DEMO-FR-POL-0790,2026-01-01,2026-12-31,,
DEMO-FR-0791,True,mock-insurance-v2,FR,XZ-516-DV,XZ516DV,Renault,Clio,silver,DEMO-FR-INS-00,Hexagone Demo Assurance (fictional),Conducteur fictif FR 0791,conducteur-fr-0791@example.test,Gestionnaire fictif DEMO-FR-INS-00,sinistres@demo-fr-ins-00.test,DEMO-FR-POL-0791,2026-01-01,2026-12-31,,
DEMO-FR-0792,True,mock-insurance-v2,FR,PE-077-SA,PE077SA,Peugeot,208,red,DEMO-FR-INS-01,Azur Demo Auto (fictional),Conducteur fictif FR 0792,conducteur-fr-0792@example.test,Gestionnaire fictif DEMO-FR-INS-01,sinistres@demo-fr-ins-01.test,DEMO-FR-POL-0792,2026-01-01,2026-12-31,,
DEMO-FR-0793,True,mock-insurance-v2,FR,BZ-309-XN,BZ309XN,BMW,3 Series,black,DEMO-FR-INS-02,Loire Demo Motor (fictional),Conducteur fictif FR 0793,conducteur-fr-0793@example.test,Gestionnaire fictif DEMO-FR-INS-02,sinistres@demo-fr-ins-02.test,DEMO-FR-POL-0793,2026-01-01,2026-12-31,,
DEMO-FR-0794,True,mock-insurance-v2,FR,XP-342-MG,XP342MG,BMW,3 Series,blue,DEMO-FR-INS-03,Alpes Demo Assurance (fictional),Conducteur fictif FR 0794,conducteur-fr-0794@example.test,Gestionnaire fictif DEMO-FR-INS-03,sinistres@demo-fr-ins-03.test,DEMO-FR-POL-0794,2026-01-01,2026-12-31,,
DEMO-FR-0795,True,mock-insurance-v2,FR,DK-124-LZ,DK124LZ,Toyota,Yaris,silver,DEMO-FR-INS-04,Rivage Demo Auto (fictional),Conducteur fictif FR 0795,conducteur-fr-0795@example.test,Gestionnaire fictif DEMO-FR-INS-04,sinistres@demo-fr-ins-04.test,DEMO-FR-POL-0795,2026-01-01,2026-12-31,,
DEMO-FR-0796,True,mock-insurance-v2,FR,BN-461-KG,BN461KG,Toyota,Yaris,red,DEMO-FR-INS-00,Hexagone Demo Assurance (fictional),Conducteur fictif FR 0796,conducteur-fr-0796@example.test,Gestionnaire fictif DEMO-FR-INS-00,sinistres@demo-fr-ins-00.test,DEMO-FR-POL-0796,2026-01-01,2026-12-31,,
DEMO-FR-0797,True,mock-insurance-v2,FR,YB-219-WH,YB219WH,Ford,Focus,black,DEMO-FR-INS-01,Azur Demo Auto (fictional),Conducteur fictif FR 0797,conducteur-fr-0797@example.test,Gestionnaire fictif DEMO-FR-INS-01,sinistres@demo-fr-ins-01.test,DEMO-FR-POL-0797,2026-01-01,2026-12-31,,
DEMO-FR-0798,True,mock-insurance-v2,FR,WA-659-MB,WA659MB,Toyota,Yaris,red,DEMO-FR-INS-02,Loire Demo Motor (fictional),Conducteur fictif FR 0798,conducteur-fr-0798@example.test,Gestionnaire fictif DEMO-FR-INS-02,sinistres@demo-fr-ins-02.test,DEMO-FR-POL-0798,2026-01-01,2026-12-31,,
DEMO-FR-0799,True,mock-insurance-v2,FR,SH-051-LC,SH051LC,Renault,Clio,red,DEMO-FR-INS-03,Alpes Demo Assurance (fictional),Conducteur fictif FR 0799,conducteur-fr-0799@example.test,Gestionnaire fictif DEMO-FR-INS-03,sinistres@demo-fr-ins-03.test,DEMO-FR-POL-0799,2026-01-01,2026-12-31,,
DEMO-FR-0800,True,mock-insurance-v2,FR,SJ-925-NS,SJ925NS,Peugeot,208,silver,DEMO-FR-INS-04,Rivage Demo Auto (fictional),Conducteur fictif FR 0800,conducteur-fr-0800@example.test,Gestionnaire fictif DEMO-FR-INS-04,sinistres@demo-fr-ins-04.test,DEMO-FR-POL-0800,2026-01-01,2026-12-31,,
DEMO-FR-0801,True,mock-insurance-v2,FR,AA-124-AA,AA124AA,BMW,3 Series,silver,DEMO-FR-INS-00,Hexagone Demo Assurance (fictional),Conducteur fictif FR 0801,conducteur-fr-0801@example.test,Gestionnaire fictif DEMO-FR-INS-00,sinistres@demo-fr-ins-00.test,DEMO-FR-POL-0801,2026-01-01,2026-09-24,,
DEMO-FR-0802,True,mock-insurance-v2,FR,CE-961-KK,CE961KK,Peugeot,208,grey,DEMO-FR-INS-01,Azur Demo Auto (fictional),Conducteur fictif FR 0802,conducteur-fr-0802@example.test,Gestionnaire fictif DEMO-FR-INS-01,sinistres@demo-fr-ins-01.test,DEMO-FR-POL-0802,2026-01-01,2026-09-24,,
DEMO-FR-0803,True,mock-insurance-v2,FR,XD-811-BC,XD811BC,Ford,Focus,grey,DEMO-FR-INS-02,Loire Demo Motor (fictional),Conducteur fictif FR 0803,conducteur-fr-0803@example.test,Gestionnaire fictif DEMO-FR-INS-02,sinistres@demo-fr-ins-02.test,DEMO-FR-POL-0803,2026-01-01,2026-09-24,,
DEMO-FR-0804,True,mock-insurance-v2,FR,YG-398-XG,YG398XG,Ford,Focus,blue,DEMO-FR-INS-03,Alpes Demo Assurance (fictional),Conducteur fictif FR 0804,conducteur-fr-0804@example.test,Gestionnaire fictif DEMO-FR-INS-03,sinistres@demo-fr-ins-03.test,DEMO-FR-POL-0804,2026-01-01,2026-09-24,,
DEMO-FR-0805,True,mock-insurance-v2,FR,HF-548-HB,HF548HB,Ford,Focus,red,DEMO-FR-INS-04,Rivage Demo Auto (fictional),Conducteur fictif FR 0805,conducteur-fr-0805@example.test,Gestionnaire fictif DEMO-FR-INS-04,sinistres@demo-fr-ins-04.test,DEMO-FR-POL-0805,2026-01-01,2026-09-24,,
DEMO-FR-0806,True,mock-insurance-v2,FR,FT-205-AY,FT205AY,Toyota,Yaris,black,DEMO-FR-INS-00,Hexagone Demo Assurance (fictional),Conducteur fictif FR 0806,conducteur-fr-0806@example.test,Gestionnaire fictif DEMO-FR-INS-00,sinistres@demo-fr-ins-00.test,DEMO-FR-POL-0806,2026-01-01,2026-09-24,,
DEMO-FR-0807,True,mock-insurance-v2,FR,GB-658-WP,GB658WP,BMW,3 Series,grey,DEMO-FR-INS-01,Azur Demo Auto (fictional),Conducteur fictif FR 0807,conducteur-fr-0807@example.test,Gestionnaire fictif DEMO-FR-INS-01,sinistres@demo-fr-ins-01.test,DEMO-FR-POL-0807,2026-01-01,2026-09-24,,
DEMO-FR-0808,True,mock-insurance-v2,FR,TW-448-XS,TW448XS,BMW,3 Series,red,DEMO-FR-INS-02,Loire Demo Motor (fictional),Conducteur fictif FR 0808,conducteur-fr-0808@example.test,Gestionnaire fictif DEMO-FR-INS-02,sinistres@demo-fr-ins-02.test,DEMO-FR-POL-0808,2026-01-01,2026-09-24,,
DEMO-FR-0809,True,mock-insurance-v2,FR,LF-961-EL,LF961EL,Ford,Focus,red,DEMO-FR-INS-03,Alpes Demo Assurance (fictional),Conducteur fictif FR 0809,conducteur-fr-0809@example.test,Gestionnaire fictif DEMO-FR-INS-03,sinistres@demo-fr-ins-03.test,DEMO-FR-POL-0809,2026-01-01,2026-09-24,,
DEMO-FR-0810,True,mock-insurance-v2,FR,DM-773-CT,DM773CT,Ford,Focus,black,DEMO-FR-INS-04,Rivage Demo Auto (fictional),Conducteur fictif FR 0810,conducteur-fr-0810@example.test,Gestionnaire fictif DEMO-FR-INS-04,sinistres@demo-fr-ins-04.test,DEMO-FR-POL-0810,2026-01-01,2026-09-24,,
DEMO-FR-0811,True,mock-insurance-v2,FR,NC-797-VK,NC797VK,Ford,Focus,white,DEMO-FR-INS-00,Hexagone Demo Assurance (fictional),Conducteur fictif FR 0811,conducteur-fr-0811@example.test,Gestionnaire fictif DEMO-FR-INS-00,sinistres@demo-fr-ins-00.test,DEMO-FR-POL-0811,2026-01-01,2026-09-24,,
DEMO-FR-0812,True,mock-insurance-v2,FR,SX-727-FX,SX727FX,Volkswagen,Golf,silver,DEMO-FR-INS-01,Azur Demo Auto (fictional),Conducteur fictif FR 0812,conducteur-fr-0812@example.test,Gestionnaire fictif DEMO-FR-INS-01,sinistres@demo-fr-ins-01.test,DEMO-FR-POL-0812,2026-01-01,2026-09-24,,
DEMO-FR-0813,True,mock-insurance-v2,FR,SG-086-TJ,SG086TJ,Ford,Focus,blue,DEMO-FR-INS-02,Loire Demo Motor (fictional),Conducteur fictif FR 0813,conducteur-fr-0813@example.test,Gestionnaire fictif DEMO-FR-INS-02,sinistres@demo-fr-ins-02.test,DEMO-FR-POL-0813,2026-01-01,2026-09-24,,
DEMO-FR-0814,True,mock-insurance-v2,FR,ZR-184-FW,ZR184FW,BMW,3 Series,grey,DEMO-FR-INS-03,Alpes Demo Assurance (fictional),Conducteur fictif FR 0814,conducteur-fr-0814@example.test,Gestionnaire fictif DEMO-FR-INS-03,sinistres@demo-fr-ins-03.test,DEMO-FR-POL-0814,2026-01-01,2026-09-24,,
DEMO-FR-0815,True,mock-insurance-v2,FR,FD-249-CN,FD249CN,Ford,Focus,black,DEMO-FR-INS-04,Rivage Demo Auto (fictional),Conducteur fictif FR 0815,conducteur-fr-0815@example.test,Gestionnaire fictif DEMO-FR-INS-04,sinistres@demo-fr-ins-04.test,DEMO-FR-POL-0815,2026-01-01,2026-09-24,,
DEMO-FR-0816,True,mock-insurance-v2,FR,ED-390-DK,ED390DK,BMW,3 Series,silver,DEMO-FR-INS-00,Hexagone Demo Assurance (fictional),Conducteur fictif FR 0816,conducteur-fr-0816@example.test,Gestionnaire fictif DEMO-FR-INS-00,sinistres@demo-fr-ins-00.test,DEMO-FR-POL-0816,2026-01-01,2026-09-24,,
DEMO-FR-0817,True,mock-insurance-v2,FR,NV-620-KM,NV620KM,Toyota,Yaris,white,DEMO-FR-INS-01,Azur Demo Auto (fictional),Conducteur fictif FR 0817,conducteur-fr-0817@example.test,Gestionnaire fictif DEMO-FR-INS-01,sinistres@demo-fr-ins-01.test,DEMO-FR-POL-0817,2026-01-01,2026-09-24,,
DEMO-FR-0818,True,mock-insurance-v2,FR,BB-029-EC,BB029EC,Volkswagen,Golf,white,DEMO-FR-INS-02,Loire Demo Motor (fictional),Conducteur fictif FR 0818,conducteur-fr-0818@example.test,Gestionnaire fictif DEMO-FR-INS-02,sinistres@demo-fr-ins-02.test,DEMO-FR-POL-0818,2026-01-01,2026-09-24,,
DEMO-FR-0819,True,mock-insurance-v2,FR,TE-994-AX,TE994AX,Peugeot,208,grey,DEMO-FR-INS-03,Alpes Demo Assurance (fictional),Conducteur fictif FR 0819,conducteur-fr-0819@example.test,Gestionnaire fictif DEMO-FR-INS-03,sinistres@demo-fr-ins-03.test,DEMO-FR-POL-0819,2026-01-01,2026-09-24,,
DEMO-FR-0820,True,mock-insurance-v2,FR,XZ-937-DE,XZ937DE,Peugeot,208,blue,DEMO-FR-INS-04,Rivage Demo Auto (fictional),Conducteur fictif FR 0820,conducteur-fr-0820@example.test,Gestionnaire fictif DEMO-FR-INS-04,sinistres@demo-fr-ins-04.test,DEMO-FR-POL-0820,2026-01-01,2026-09-24,,
DEMO-FR-0821,True,mock-insurance-v2,FR,LK-275-CM,LK275CM,Volkswagen,Golf,blue,DEMO-FR-INS-00,Hexagone Demo Assurance (fictional),Conducteur fictif FR 0821,conducteur-fr-0821@example.test,Gestionnaire fictif DEMO-FR-INS-00,sinistres@demo-fr-ins-00.test,DEMO-FR-POL-0821,2026-01-01,2026-09-24,,
DEMO-FR-0822,True,mock-insurance-v2,FR,GZ-798-AH,GZ798AH,Peugeot,208,grey,DEMO-FR-INS-01,Azur Demo Auto (fictional),Conducteur fictif FR 0822,conducteur-fr-0822@example.test,Gestionnaire fictif DEMO-FR-INS-01,sinistres@demo-fr-ins-01.test,DEMO-FR-POL-0822,2026-01-01,2026-09-24,,
DEMO-FR-0823,True,mock-insurance-v2,FR,PA-939-HP,PA939HP,BMW,3 Series,white,DEMO-FR-INS-02,Loire Demo Motor (fictional),Conducteur fictif FR 0823,conducteur-fr-0823@example.test,Gestionnaire fictif DEMO-FR-INS-02,sinistres@demo-fr-ins-02.test,DEMO-FR-POL-0823,2026-01-01,2026-09-24,,
DEMO-FR-0824,True,mock-insurance-v2,FR,AA-574-HT,AA574HT,Ford,Focus,red,DEMO-FR-INS-03,Alpes Demo Assurance (fictional),Conducteur fictif FR 0824,conducteur-fr-0824@example.test,Gestionnaire fictif DEMO-FR-INS-03,sinistres@demo-fr-ins-03.test,DEMO-FR-POL-0824,2026-01-01,2026-09-24,,
DEMO-FR-0825,True,mock-insurance-v2,FR,PA-003-VV,PA003VV,Peugeot,208,silver,DEMO-FR-INS-04,Rivage Demo Auto (fictional),Conducteur fictif FR 0825,conducteur-fr-0825@example.test,Gestionnaire fictif DEMO-FR-INS-04,sinistres@demo-fr-ins-04.test,DEMO-FR-POL-0825,2026-01-01,2026-09-24,,
DEMO-FR-0826,True,mock-insurance-v2,FR,WE-469-WV,WE469WV,BMW,3 Series,grey,DEMO-FR-INS-00,Hexagone Demo Assurance (fictional),Conducteur fictif FR 0826,conducteur-fr-0826@example.test,Gestionnaire fictif DEMO-FR-INS-00,sinistres@demo-fr-ins-00.test,DEMO-FR-POL-0826,2026-01-01,2026-09-24,,
DEMO-FR-0827,True,mock-insurance-v2,FR,ZB-119-LY,ZB119LY,Toyota,Yaris,blue,DEMO-FR-INS-01,Azur Demo Auto (fictional),Conducteur fictif FR 0827,conducteur-fr-0827@example.test,Gestionnaire fictif DEMO-FR-INS-01,sinistres@demo-fr-ins-01.test,DEMO-FR-POL-0827,2026-01-01,2026-09-24,,
DEMO-FR-0828,True,mock-insurance-v2,FR,NW-102-SK,NW102SK,BMW,3 Series,blue,DEMO-FR-INS-02,Loire Demo Motor (fictional),Conducteur fictif FR 0828,conducteur-fr-0828@example.test,Gestionnaire fictif DEMO-FR-INS-02,sinistres@demo-fr-ins-02.test,DEMO-FR-POL-0828,2026-01-01,2026-09-24,,
DEMO-FR-0829,True,mock-insurance-v2,FR,PR-491-NF,PR491NF,Volkswagen,Golf,grey,DEMO-FR-INS-03,Alpes Demo Assurance (fictional),Conducteur fictif FR 0829,conducteur-fr-0829@example.test,Gestionnaire fictif DEMO-FR-INS-03,sinistres@demo-fr-ins-03.test,DEMO-FR-POL-0829,2026-01-01,2026-09-24,,
DEMO-FR-0830,True,mock-insurance-v2,FR,VE-181-KC,VE181KC,Ford,Focus,red,DEMO-FR-INS-04,Rivage Demo Auto (fictional),Conducteur fictif FR 0830,conducteur-fr-0830@example.test,Gestionnaire fictif DEMO-FR-INS-04,sinistres@demo-fr-ins-04.test,DEMO-FR-POL-0830,2026-01-01,2026-09-24,,
DEMO-FR-0831,True,mock-insurance-v2,FR,LZ-260-VE,LZ260VE,BMW,3 Series,blue,DEMO-FR-INS-00,Hexagone Demo Assurance (fictional),Conducteur fictif FR 0831,conducteur-fr-0831@example.test,Gestionnaire fictif DEMO-FR-INS-00,sinistres@demo-fr-ins-00.test,DEMO-FR-POL-0831,2026-01-01,2026-09-24,,
DEMO-FR-0832,True,mock-insurance-v2,FR,GL-371-CK,GL371CK,Peugeot,208,blue,DEMO-FR-INS-01,Azur Demo Auto (fictional),Conducteur fictif FR 0832,conducteur-fr-0832@example.test,Gestionnaire fictif DEMO-FR-INS-01,sinistres@demo-fr-ins-01.test,DEMO-FR-POL-0832,2026-01-01,2026-09-24,,
DEMO-FR-0833,True,mock-insurance-v2,FR,LC-028-SJ,LC028SJ,Ford,Focus,black,DEMO-FR-INS-02,Loire Demo Motor (fictional),Conducteur fictif FR 0833,conducteur-fr-0833@example.test,Gestionnaire fictif DEMO-FR-INS-02,sinistres@demo-fr-ins-02.test,DEMO-FR-POL-0833,2026-01-01,2026-09-24,,
DEMO-FR-0834,True,mock-insurance-v2,FR,LE-536-XK,LE536XK,BMW,3 Series,blue,DEMO-FR-INS-03,Alpes Demo Assurance (fictional),Conducteur fictif FR 0834,conducteur-fr-0834@example.test,Gestionnaire fictif DEMO-FR-INS-03,sinistres@demo-fr-ins-03.test,DEMO-FR-POL-0834,2026-01-01,2026-09-24,,
DEMO-FR-0835,True,mock-insurance-v2,FR,SG-282-GJ,SG282GJ,Volkswagen,Golf,white,DEMO-FR-INS-04,Rivage Demo Auto (fictional),Conducteur fictif FR 0835,conducteur-fr-0835@example.test,Gestionnaire fictif DEMO-FR-INS-04,sinistres@demo-fr-ins-04.test,DEMO-FR-POL-0835,2026-01-01,2026-09-24,,
DEMO-FR-0836,True,mock-insurance-v2,FR,SM-166-YW,SM166YW,Ford,Focus,silver,DEMO-FR-INS-00,Hexagone Demo Assurance (fictional),Conducteur fictif FR 0836,conducteur-fr-0836@example.test,Gestionnaire fictif DEMO-FR-INS-00,sinistres@demo-fr-ins-00.test,DEMO-FR-POL-0836,2026-01-01,2026-09-24,,
DEMO-FR-0837,True,mock-insurance-v2,FR,DR-894-TF,DR894TF,Toyota,Yaris,red,DEMO-FR-INS-01,Azur Demo Auto (fictional),Conducteur fictif FR 0837,conducteur-fr-0837@example.test,Gestionnaire fictif DEMO-FR-INS-01,sinistres@demo-fr-ins-01.test,DEMO-FR-POL-0837,2026-01-01,2026-09-24,,
DEMO-FR-0838,True,mock-insurance-v2,FR,PM-152-ZF,PM152ZF,Renault,Clio,grey,DEMO-FR-INS-02,Loire Demo Motor (fictional),Conducteur fictif FR 0838,conducteur-fr-0838@example.test,Gestionnaire fictif DEMO-FR-INS-02,sinistres@demo-fr-ins-02.test,DEMO-FR-POL-0838,2026-01-01,2026-09-24,,
DEMO-FR-0839,True,mock-insurance-v2,FR,BH-510-LV,BH510LV,Peugeot,208,black,DEMO-FR-INS-03,Alpes Demo Assurance (fictional),Conducteur fictif FR 0839,conducteur-fr-0839@example.test,Gestionnaire fictif DEMO-FR-INS-03,sinistres@demo-fr-ins-03.test,DEMO-FR-POL-0839,2026-01-01,2026-09-24,,
DEMO-FR-0840,True,mock-insurance-v2,FR,VV-410-BK,VV410BK,Renault,Clio,silver,DEMO-FR-INS-04,Rivage Demo Auto (fictional),Conducteur fictif FR 0840,conducteur-fr-0840@example.test,Gestionnaire fictif DEMO-FR-INS-04,sinistres@demo-fr-ins-04.test,DEMO-FR-POL-0840,2026-01-01,2026-09-24,,
DEMO-FR-0841,True,mock-insurance-v2,FR,MR-497-HS,MR497HS,Renault,Clio,black,DEMO-FR-INS-00,Hexagone Demo Assurance (fictional),Conducteur fictif FR 0841,conducteur-fr-0841@example.test,Gestionnaire fictif DEMO-FR-INS-00,sinistres@demo-fr-ins-00.test,DEMO-FR-POL-0841,2026-01-01,2026-09-24,,
DEMO-FR-0842,True,mock-insurance-v2,FR,KK-296-XN,KK296XN,Toyota,Yaris,white,DEMO-FR-INS-01,Azur Demo Auto (fictional),Conducteur fictif FR 0842,conducteur-fr-0842@example.test,Gestionnaire fictif DEMO-FR-INS-01,sinistres@demo-fr-ins-01.test,DEMO-FR-POL-0842,2026-01-01,2026-09-24,,
DEMO-FR-0843,True,mock-insurance-v2,FR,XT-073-PA,XT073PA,Volkswagen,Golf,grey,DEMO-FR-INS-02,Loire Demo Motor (fictional),Conducteur fictif FR 0843,conducteur-fr-0843@example.test,Gestionnaire fictif DEMO-FR-INS-02,sinistres@demo-fr-ins-02.test,DEMO-FR-POL-0843,2026-01-01,2026-09-24,,
DEMO-FR-0844,True,mock-insurance-v2,FR,MP-306-NE,MP306NE,Ford,Focus,grey,DEMO-FR-INS-03,Alpes Demo Assurance (fictional),Conducteur fictif FR 0844,conducteur-fr-0844@example.test,Gestionnaire fictif DEMO-FR-INS-03,sinistres@demo-fr-ins-03.test,DEMO-FR-POL-0844,2026-01-01,2026-09-24,,
DEMO-FR-0845,True,mock-insurance-v2,FR,ZG-719-MV,ZG719MV,Toyota,Yaris,blue,DEMO-FR-INS-04,Rivage Demo Auto (fictional),Conducteur fictif FR 0845,conducteur-fr-0845@example.test,Gestionnaire fictif DEMO-FR-INS-04,sinistres@demo-fr-ins-04.test,DEMO-FR-POL-0845,2026-01-01,2026-09-24,,
DEMO-FR-0846,True,mock-insurance-v2,FR,AS-165-TB,AS165TB,Toyota,Yaris,blue,DEMO-FR-INS-00,Hexagone Demo Assurance (fictional),Conducteur fictif FR 0846,conducteur-fr-0846@example.test,Gestionnaire fictif DEMO-FR-INS-00,sinistres@demo-fr-ins-00.test,DEMO-FR-POL-0846,2026-01-01,2026-09-24,,
DEMO-FR-0847,True,mock-insurance-v2,FR,DE-436-XN,DE436XN,Toyota,Yaris,red,DEMO-FR-INS-01,Azur Demo Auto (fictional),Conducteur fictif FR 0847,conducteur-fr-0847@example.test,Gestionnaire fictif DEMO-FR-INS-01,sinistres@demo-fr-ins-01.test,DEMO-FR-POL-0847,2026-01-01,2026-09-24,,
DEMO-FR-0848,True,mock-insurance-v2,FR,XV-972-YG,XV972YG,Toyota,Yaris,white,DEMO-FR-INS-02,Loire Demo Motor (fictional),Conducteur fictif FR 0848,conducteur-fr-0848@example.test,Gestionnaire fictif DEMO-FR-INS-02,sinistres@demo-fr-ins-02.test,DEMO-FR-POL-0848,2026-01-01,2026-09-24,,
DEMO-FR-0849,True,mock-insurance-v2,FR,SA-945-PK,SA945PK,Volkswagen,Golf,grey,DEMO-FR-INS-03,Alpes Demo Assurance (fictional),Conducteur fictif FR 0849,conducteur-fr-0849@example.test,Gestionnaire fictif DEMO-FR-INS-03,sinistres@demo-fr-ins-03.test,DEMO-FR-POL-0849,2026-01-01,2026-09-24,,
DEMO-FR-0850,True,mock-insurance-v2,FR,SJ-221-MC,SJ221MC,Peugeot,208,silver,DEMO-FR-INS-04,Rivage Demo Auto (fictional),Conducteur fictif FR 0850,conducteur-fr-0850@example.test,Gestionnaire fictif DEMO-FR-INS-04,sinistres@demo-fr-ins-04.test,DEMO-FR-POL-0850,2026-01-01,2026-09-24,,
DEMO-FR-0851,True,mock-insurance-v2,FR,GM-361-TG,GM361TG,Ford,Focus,grey,DEMO-FR-INS-00,Hexagone Demo Assurance (fictional),Conducteur fictif FR 0851,conducteur-fr-0851@example.test,Gestionnaire fictif DEMO-FR-INS-00,sinistres@demo-fr-ins-00.test,DEMO-FR-POL-0851,2026-01-01,2026-09-24,,
DEMO-FR-0852,True,mock-insurance-v2,FR,XN-119-GF,XN119GF,Peugeot,208,red,DEMO-FR-INS-01,Azur Demo Auto (fictional),Conducteur fictif FR 0852,conducteur-fr-0852@example.test,Gestionnaire fictif DEMO-FR-INS-01,sinistres@demo-fr-ins-01.test,DEMO-FR-POL-0852,2026-01-01,2026-09-24,,
DEMO-FR-0853,True,mock-insurance-v2,FR,GC-753-DT,GC753DT,Volkswagen,Golf,black,DEMO-FR-INS-02,Loire Demo Motor (fictional),Conducteur fictif FR 0853,conducteur-fr-0853@example.test,Gestionnaire fictif DEMO-FR-INS-02,sinistres@demo-fr-ins-02.test,DEMO-FR-POL-0853,2026-01-01,2026-09-24,,
DEMO-FR-0854,True,mock-insurance-v2,FR,WR-031-VP,WR031VP,Renault,Clio,black,DEMO-FR-INS-03,Alpes Demo Assurance (fictional),Conducteur fictif FR 0854,conducteur-fr-0854@example.test,Gestionnaire fictif DEMO-FR-INS-03,sinistres@demo-fr-ins-03.test,DEMO-FR-POL-0854,2026-01-01,2026-09-24,,
DEMO-FR-0855,True,mock-insurance-v2,FR,AK-069-HV,AK069HV,Peugeot,208,red,DEMO-FR-INS-04,Rivage Demo Auto (fictional),Conducteur fictif FR 0855,conducteur-fr-0855@example.test,Gestionnaire fictif DEMO-FR-INS-04,sinistres@demo-fr-ins-04.test,DEMO-FR-POL-0855,2026-01-01,2026-09-24,,
DEMO-FR-0856,True,mock-insurance-v2,FR,WA-394-KY,WA394KY,Toyota,Yaris,red,DEMO-FR-INS-00,Hexagone Demo Assurance (fictional),Conducteur fictif FR 0856,conducteur-fr-0856@example.test,Gestionnaire fictif DEMO-FR-INS-00,sinistres@demo-fr-ins-00.test,DEMO-FR-POL-0856,2026-01-01,2026-09-24,,
DEMO-FR-0857,True,mock-insurance-v2,FR,FJ-860-NR,FJ860NR,Ford,Focus,red,DEMO-FR-INS-01,Azur Demo Auto (fictional),Conducteur fictif FR 0857,conducteur-fr-0857@example.test,Gestionnaire fictif DEMO-FR-INS-01,sinistres@demo-fr-ins-01.test,DEMO-FR-POL-0857,2026-01-01,2026-09-24,,
DEMO-FR-0858,True,mock-insurance-v2,FR,LY-141-BY,LY141BY,Volkswagen,Golf,grey,DEMO-FR-INS-02,Loire Demo Motor (fictional),Conducteur fictif FR 0858,conducteur-fr-0858@example.test,Gestionnaire fictif DEMO-FR-INS-02,sinistres@demo-fr-ins-02.test,DEMO-FR-POL-0858,2026-01-01,2026-09-24,,
DEMO-FR-0859,True,mock-insurance-v2,FR,EW-387-AH,EW387AH,Peugeot,208,blue,DEMO-FR-INS-03,Alpes Demo Assurance (fictional),Conducteur fictif FR 0859,conducteur-fr-0859@example.test,Gestionnaire fictif DEMO-FR-INS-03,sinistres@demo-fr-ins-03.test,DEMO-FR-POL-0859,2026-01-01,2026-09-24,,
DEMO-FR-0860,True,mock-insurance-v2,FR,WZ-824-SG,WZ824SG,Volkswagen,Golf,white,DEMO-FR-INS-04,Rivage Demo Auto (fictional),Conducteur fictif FR 0860,conducteur-fr-0860@example.test,Gestionnaire fictif DEMO-FR-INS-04,sinistres@demo-fr-ins-04.test,DEMO-FR-POL-0860,2026-01-01,2026-09-24,,
DEMO-FR-0861,True,mock-insurance-v2,FR,WC-086-WF,WC086WF,Ford,Focus,grey,DEMO-FR-INS-00,Hexagone Demo Assurance (fictional),Conducteur fictif FR 0861,conducteur-fr-0861@example.test,Gestionnaire fictif DEMO-FR-INS-00,sinistres@demo-fr-ins-00.test,DEMO-FR-POL-0861,2026-01-01,2026-09-24,,
DEMO-FR-0862,True,mock-insurance-v2,FR,HF-492-BX,HF492BX,Volkswagen,Golf,red,DEMO-FR-INS-01,Azur Demo Auto (fictional),Conducteur fictif FR 0862,conducteur-fr-0862@example.test,Gestionnaire fictif DEMO-FR-INS-01,sinistres@demo-fr-ins-01.test,DEMO-FR-POL-0862,2026-01-01,2026-09-24,,
DEMO-FR-0863,True,mock-insurance-v2,FR,TE-841-ZC,TE841ZC,Peugeot,208,black,DEMO-FR-INS-02,Loire Demo Motor (fictional),Conducteur fictif FR 0863,conducteur-fr-0863@example.test,Gestionnaire fictif DEMO-FR-INS-02,sinistres@demo-fr-ins-02.test,DEMO-FR-POL-0863,2026-01-01,2026-09-24,,
DEMO-FR-0864,True,mock-insurance-v2,FR,LP-679-NX,LP679NX,Ford,Focus,grey,DEMO-FR-INS-03,Alpes Demo Assurance (fictional),Conducteur fictif FR 0864,conducteur-fr-0864@example.test,Gestionnaire fictif DEMO-FR-INS-03,sinistres@demo-fr-ins-03.test,DEMO-FR-POL-0864,2026-01-01,2026-09-24,,
DEMO-FR-0865,True,mock-insurance-v2,FR,LF-169-VV,LF169VV,Renault,Clio,white,DEMO-FR-INS-04,Rivage Demo Auto (fictional),Conducteur fictif FR 0865,conducteur-fr-0865@example.test,Gestionnaire fictif DEMO-FR-INS-04,sinistres@demo-fr-ins-04.test,DEMO-FR-POL-0865,2026-01-01,2026-09-24,,
DEMO-FR-0866,True,mock-insurance-v2,FR,XF-887-JN,XF887JN,Toyota,Yaris,black,DEMO-FR-INS-00,Hexagone Demo Assurance (fictional),Conducteur fictif FR 0866,conducteur-fr-0866@example.test,Gestionnaire fictif DEMO-FR-INS-00,sinistres@demo-fr-ins-00.test,DEMO-FR-POL-0866,2026-01-01,2026-09-24,,
DEMO-FR-0867,True,mock-insurance-v2,FR,LW-556-TC,LW556TC,Peugeot,208,silver,DEMO-FR-INS-01,Azur Demo Auto (fictional),Conducteur fictif FR 0867,conducteur-fr-0867@example.test,Gestionnaire fictif DEMO-FR-INS-01,sinistres@demo-fr-ins-01.test,DEMO-FR-POL-0867,2026-01-01,2026-09-24,,
DEMO-FR-0868,True,mock-insurance-v2,FR,AB-618-AT,AB618AT,BMW,3 Series,grey,DEMO-FR-INS-02,Loire Demo Motor (fictional),Conducteur fictif FR 0868,conducteur-fr-0868@example.test,Gestionnaire fictif DEMO-FR-INS-02,sinistres@demo-fr-ins-02.test,DEMO-FR-POL-0868,2026-01-01,2026-09-24,,
DEMO-FR-0869,True,mock-insurance-v2,FR,EW-847-DR,EW847DR,Ford,Focus,black,DEMO-FR-INS-03,Alpes Demo Assurance (fictional),Conducteur fictif FR 0869,conducteur-fr-0869@example.test,Gestionnaire fictif DEMO-FR-INS-03,sinistres@demo-fr-ins-03.test,DEMO-FR-POL-0869,2026-01-01,2026-09-24,,
DEMO-FR-0870,True,mock-insurance-v2,FR,EL-275-VH,EL275VH,BMW,3 Series,grey,DEMO-FR-INS-04,Rivage Demo Auto (fictional),Conducteur fictif FR 0870,conducteur-fr-0870@example.test,Gestionnaire fictif DEMO-FR-INS-04,sinistres@demo-fr-ins-04.test,DEMO-FR-POL-0870,2026-01-01,2026-09-24,,
DEMO-FR-0871,True,mock-insurance-v2,FR,CF-519-EJ,CF519EJ,Renault,Clio,white,DEMO-FR-INS-00,Hexagone Demo Assurance (fictional),Conducteur fictif FR 0871,conducteur-fr-0871@example.test,Gestionnaire fictif DEMO-FR-INS-00,sinistres@demo-fr-ins-00.test,DEMO-FR-POL-0871,2026-01-01,2026-09-24,,
DEMO-FR-0872,True,mock-insurance-v2,FR,CJ-649-BJ,CJ649BJ,Volkswagen,Golf,silver,DEMO-FR-INS-01,Azur Demo Auto (fictional),Conducteur fictif FR 0872,conducteur-fr-0872@example.test,Gestionnaire fictif DEMO-FR-INS-01,sinistres@demo-fr-ins-01.test,DEMO-FR-POL-0872,2026-01-01,2026-09-24,,
DEMO-FR-0873,True,mock-insurance-v2,FR,AZ-427-DB,AZ427DB,Ford,Focus,white,DEMO-FR-INS-02,Loire Demo Motor (fictional),Conducteur fictif FR 0873,conducteur-fr-0873@example.test,Gestionnaire fictif DEMO-FR-INS-02,sinistres@demo-fr-ins-02.test,DEMO-FR-POL-0873,2026-01-01,2026-09-24,,
DEMO-FR-0874,True,mock-insurance-v2,FR,ZN-155-TP,ZN155TP,Peugeot,208,black,DEMO-FR-INS-03,Alpes Demo Assurance (fictional),Conducteur fictif FR 0874,conducteur-fr-0874@example.test,Gestionnaire fictif DEMO-FR-INS-03,sinistres@demo-fr-ins-03.test,DEMO-FR-POL-0874,2026-01-01,2026-09-24,,
DEMO-FR-0875,True,mock-insurance-v2,FR,XX-714-AK,XX714AK,BMW,3 Series,black,DEMO-FR-INS-04,Rivage Demo Auto (fictional),Conducteur fictif FR 0875,conducteur-fr-0875@example.test,Gestionnaire fictif DEMO-FR-INS-04,sinistres@demo-fr-ins-04.test,DEMO-FR-POL-0875,2026-01-01,2026-09-24,,
DEMO-FR-0876,True,mock-insurance-v2,FR,PW-106-HS,PW106HS,BMW,3 Series,black,DEMO-FR-INS-00,Hexagone Demo Assurance (fictional),Conducteur fictif FR 0876,conducteur-fr-0876@example.test,Gestionnaire fictif DEMO-FR-INS-00,sinistres@demo-fr-ins-00.test,DEMO-FR-POL-0876,2026-01-01,2026-09-24,,
DEMO-FR-0877,True,mock-insurance-v2,FR,ST-357-ET,ST357ET,Toyota,Yaris,silver,DEMO-FR-INS-01,Azur Demo Auto (fictional),Conducteur fictif FR 0877,conducteur-fr-0877@example.test,Gestionnaire fictif DEMO-FR-INS-01,sinistres@demo-fr-ins-01.test,DEMO-FR-POL-0877,2026-01-01,2026-09-24,,
DEMO-FR-0878,True,mock-insurance-v2,FR,CR-857-VN,CR857VN,Toyota,Yaris,silver,DEMO-FR-INS-02,Loire Demo Motor (fictional),Conducteur fictif FR 0878,conducteur-fr-0878@example.test,Gestionnaire fictif DEMO-FR-INS-02,sinistres@demo-fr-ins-02.test,DEMO-FR-POL-0878,2026-01-01,2026-09-24,,
DEMO-FR-0879,True,mock-insurance-v2,FR,FL-484-YY,FL484YY,Peugeot,208,blue,DEMO-FR-INS-03,Alpes Demo Assurance (fictional),Conducteur fictif FR 0879,conducteur-fr-0879@example.test,Gestionnaire fictif DEMO-FR-INS-03,sinistres@demo-fr-ins-03.test,DEMO-FR-POL-0879,2026-01-01,2026-09-24,,
DEMO-FR-0880,True,mock-insurance-v2,FR,PT-677-DT,PT677DT,Ford,Focus,white,DEMO-FR-INS-04,Rivage Demo Auto (fictional),Conducteur fictif FR 0880,conducteur-fr-0880@example.test,Gestionnaire fictif DEMO-FR-INS-04,sinistres@demo-fr-ins-04.test,DEMO-FR-POL-0880,2026-01-01,2026-09-24,,
DEMO-FR-0881,True,mock-insurance-v2,FR,WB-591-DZ,WB591DZ,Toyota,Yaris,silver,DEMO-FR-INS-00,Hexagone Demo Assurance (fictional),Conducteur fictif FR 0881,conducteur-fr-0881@example.test,Gestionnaire fictif DEMO-FR-INS-00,sinistres@demo-fr-ins-00.test,DEMO-FR-POL-0881,2026-01-01,2026-09-24,,
DEMO-FR-0882,True,mock-insurance-v2,FR,DD-301-SL,DD301SL,Ford,Focus,black,DEMO-FR-INS-01,Azur Demo Auto (fictional),Conducteur fictif FR 0882,conducteur-fr-0882@example.test,Gestionnaire fictif DEMO-FR-INS-01,sinistres@demo-fr-ins-01.test,DEMO-FR-POL-0882,2026-01-01,2026-09-24,,
DEMO-FR-0883,True,mock-insurance-v2,FR,SW-089-AC,SW089AC,Volkswagen,Golf,grey,DEMO-FR-INS-02,Loire Demo Motor (fictional),Conducteur fictif FR 0883,conducteur-fr-0883@example.test,Gestionnaire fictif DEMO-FR-INS-02,sinistres@demo-fr-ins-02.test,DEMO-FR-POL-0883,2026-01-01,2026-09-24,,
DEMO-FR-0884,True,mock-insurance-v2,FR,DE-228-ZY,DE228ZY,BMW,3 Series,silver,DEMO-FR-INS-03,Alpes Demo Assurance (fictional),Conducteur fictif FR 0884,conducteur-fr-0884@example.test,Gestionnaire fictif DEMO-FR-INS-03,sinistres@demo-fr-ins-03.test,DEMO-FR-POL-0884,2026-01-01,2026-09-24,,
DEMO-FR-0885,True,mock-insurance-v2,FR,PK-697-TJ,PK697TJ,BMW,3 Series,red,DEMO-FR-INS-04,Rivage Demo Auto (fictional),Conducteur fictif FR 0885,conducteur-fr-0885@example.test,Gestionnaire fictif DEMO-FR-INS-04,sinistres@demo-fr-ins-04.test,DEMO-FR-POL-0885,2026-01-01,2026-09-24,,
DEMO-FR-0886,True,mock-insurance-v2,FR,GB-356-BD,GB356BD,Ford,Focus,silver,DEMO-FR-INS-00,Hexagone Demo Assurance (fictional),Conducteur fictif FR 0886,conducteur-fr-0886@example.test,Gestionnaire fictif DEMO-FR-INS-00,sinistres@demo-fr-ins-00.test,DEMO-FR-POL-0886,2026-01-01,2026-09-24,,
DEMO-FR-0887,True,mock-insurance-v2,FR,ZH-896-WB,ZH896WB,Peugeot,208,red,DEMO-FR-INS-01,Azur Demo Auto (fictional),Conducteur fictif FR 0887,conducteur-fr-0887@example.test,Gestionnaire fictif DEMO-FR-INS-01,sinistres@demo-fr-ins-01.test,DEMO-FR-POL-0887,2026-01-01,2026-09-24,,
DEMO-FR-0888,True,mock-insurance-v2,FR,VY-389-EH,VY389EH,Toyota,Yaris,white,DEMO-FR-INS-02,Loire Demo Motor (fictional),Conducteur fictif FR 0888,conducteur-fr-0888@example.test,Gestionnaire fictif DEMO-FR-INS-02,sinistres@demo-fr-ins-02.test,DEMO-FR-POL-0888,2026-01-01,2026-09-24,,
DEMO-FR-0889,True,mock-insurance-v2,FR,WM-094-RP,WM094RP,BMW,3 Series,black,DEMO-FR-INS-03,Alpes Demo Assurance (fictional),Conducteur fictif FR 0889,conducteur-fr-0889@example.test,Gestionnaire fictif DEMO-FR-INS-03,sinistres@demo-fr-ins-03.test,DEMO-FR-POL-0889,2026-01-01,2026-09-24,,
DEMO-FR-0890,True,mock-insurance-v2,FR,HR-275-MZ,HR275MZ,Ford,Focus,grey,DEMO-FR-INS-04,Rivage Demo Auto (fictional),Conducteur fictif FR 0890,conducteur-fr-0890@example.test,Gestionnaire fictif DEMO-FR-INS-04,sinistres@demo-fr-ins-04.test,DEMO-FR-POL-0890,2026-01-01,2026-09-24,,
DEMO-FR-0891,True,mock-insurance-v2,FR,KJ-848-LG,KJ848LG,Ford,Focus,white,DEMO-FR-INS-00,Hexagone Demo Assurance (fictional),Conducteur fictif FR 0891,conducteur-fr-0891@example.test,Gestionnaire fictif DEMO-FR-INS-00,sinistres@demo-fr-ins-00.test,DEMO-FR-POL-0891,2026-01-01,2026-09-24,,
DEMO-FR-0892,True,mock-insurance-v2,FR,GC-589-DN,GC589DN,Renault,Clio,blue,DEMO-FR-INS-01,Azur Demo Auto (fictional),Conducteur fictif FR 0892,conducteur-fr-0892@example.test,Gestionnaire fictif DEMO-FR-INS-01,sinistres@demo-fr-ins-01.test,DEMO-FR-POL-0892,2026-01-01,2026-09-24,,
DEMO-FR-0893,True,mock-insurance-v2,FR,ME-007-JJ,ME007JJ,BMW,3 Series,blue,DEMO-FR-INS-02,Loire Demo Motor (fictional),Conducteur fictif FR 0893,conducteur-fr-0893@example.test,Gestionnaire fictif DEMO-FR-INS-02,sinistres@demo-fr-ins-02.test,DEMO-FR-POL-0893,2026-01-01,2026-09-24,,
DEMO-FR-0894,True,mock-insurance-v2,FR,WS-873-NV,WS873NV,Peugeot,208,white,DEMO-FR-INS-03,Alpes Demo Assurance (fictional),Conducteur fictif FR 0894,conducteur-fr-0894@example.test,Gestionnaire fictif DEMO-FR-INS-03,sinistres@demo-fr-ins-03.test,DEMO-FR-POL-0894,2026-01-01,2026-09-24,,
DEMO-FR-0895,True,mock-insurance-v2,FR,FJ-382-CS,FJ382CS,Volkswagen,Golf,blue,DEMO-FR-INS-04,Rivage Demo Auto (fictional),Conducteur fictif FR 0895,conducteur-fr-0895@example.test,Gestionnaire fictif DEMO-FR-INS-04,sinistres@demo-fr-ins-04.test,DEMO-FR-POL-0895,2026-01-01,2026-09-24,,
DEMO-FR-0896,True,mock-insurance-v2,FR,XT-509-BG,XT509BG,Renault,Clio,grey,DEMO-FR-INS-00,Hexagone Demo Assurance (fictional),Conducteur fictif FR 0896,conducteur-fr-0896@example.test,Gestionnaire fictif DEMO-FR-INS-00,sinistres@demo-fr-ins-00.test,DEMO-FR-POL-0896,2026-01-01,2026-09-24,,
DEMO-FR-0897,True,mock-insurance-v2,FR,EE-615-BS,EE615BS,Toyota,Yaris,grey,DEMO-FR-INS-01,Azur Demo Auto (fictional),Conducteur fictif FR 0897,conducteur-fr-0897@example.test,Gestionnaire fictif DEMO-FR-INS-01,sinistres@demo-fr-ins-01.test,DEMO-FR-POL-0897,2026-01-01,2026-09-24,,
DEMO-FR-0898,True,mock-insurance-v2,FR,GA-325-LA,GA325LA,Toyota,Yaris,black,DEMO-FR-INS-02,Loire Demo Motor (fictional),Conducteur fictif FR 0898,conducteur-fr-0898@example.test,Gestionnaire fictif DEMO-FR-INS-02,sinistres@demo-fr-ins-02.test,DEMO-FR-POL-0898,2026-01-01,2026-09-24,,
DEMO-FR-0899,True,mock-insurance-v2,FR,TE-432-MD,TE432MD,BMW,3 Series,black,DEMO-FR-INS-03,Alpes Demo Assurance (fictional),Conducteur fictif FR 0899,conducteur-fr-0899@example.test,Gestionnaire fictif DEMO-FR-INS-03,sinistres@demo-fr-ins-03.test,DEMO-FR-POL-0899,2026-01-01,2026-09-24,,
DEMO-FR-0900,True,mock-insurance-v2,FR,NM-933-AG,NM933AG,Peugeot,208,white,DEMO-FR-INS-04,Rivage Demo Auto (fictional),Conducteur fictif FR 0900,conducteur-fr-0900@example.test,Gestionnaire fictif DEMO-FR-INS-04,sinistres@demo-fr-ins-04.test,DEMO-FR-POL-0900,2026-01-01,2026-09-24,,
DEMO-FR-0901,True,mock-insurance-v2,FR,AA-125-AA,AA125AA,BMW,3 Series,red,DEMO-FR-INS-00,Hexagone Demo Assurance (fictional),Conducteur fictif FR 0901,conducteur-fr-0901@example.test,Gestionnaire fictif DEMO-FR-INS-00,sinistres@demo-fr-ins-00.test,DEMO-FR-POL-0901,2026-09-26,2026-12-31,,
DEMO-FR-0902,True,mock-insurance-v2,FR,BV-944-TK,BV944TK,Renault,Clio,white,DEMO-FR-INS-01,Azur Demo Auto (fictional),Conducteur fictif FR 0902,conducteur-fr-0902@example.test,Gestionnaire fictif DEMO-FR-INS-01,sinistres@demo-fr-ins-01.test,DEMO-FR-POL-0902,2026-09-26,2026-12-31,,
DEMO-FR-0903,True,mock-insurance-v2,FR,GN-514-BV,GN514BV,Toyota,Yaris,red,DEMO-FR-INS-02,Loire Demo Motor (fictional),Conducteur fictif FR 0903,conducteur-fr-0903@example.test,Gestionnaire fictif DEMO-FR-INS-02,sinistres@demo-fr-ins-02.test,DEMO-FR-POL-0903,2026-09-26,2026-12-31,,
DEMO-FR-0904,True,mock-insurance-v2,FR,LC-233-ZS,LC233ZS,BMW,3 Series,red,DEMO-FR-INS-03,Alpes Demo Assurance (fictional),Conducteur fictif FR 0904,conducteur-fr-0904@example.test,Gestionnaire fictif DEMO-FR-INS-03,sinistres@demo-fr-ins-03.test,DEMO-FR-POL-0904,2026-09-26,2026-12-31,,
DEMO-FR-0905,True,mock-insurance-v2,FR,TB-292-XJ,TB292XJ,Renault,Clio,silver,DEMO-FR-INS-04,Rivage Demo Auto (fictional),Conducteur fictif FR 0905,conducteur-fr-0905@example.test,Gestionnaire fictif DEMO-FR-INS-04,sinistres@demo-fr-ins-04.test,DEMO-FR-POL-0905,2026-09-26,2026-12-31,,
DEMO-FR-0906,True,mock-insurance-v2,FR,KW-136-ZA,KW136ZA,Renault,Clio,grey,DEMO-FR-INS-00,Hexagone Demo Assurance (fictional),Conducteur fictif FR 0906,conducteur-fr-0906@example.test,Gestionnaire fictif DEMO-FR-INS-00,sinistres@demo-fr-ins-00.test,DEMO-FR-POL-0906,2026-09-26,2026-12-31,,
DEMO-FR-0907,True,mock-insurance-v2,FR,AR-497-HC,AR497HC,Ford,Focus,black,DEMO-FR-INS-01,Azur Demo Auto (fictional),Conducteur fictif FR 0907,conducteur-fr-0907@example.test,Gestionnaire fictif DEMO-FR-INS-01,sinistres@demo-fr-ins-01.test,DEMO-FR-POL-0907,2026-09-26,2026-12-31,,
DEMO-FR-0908,True,mock-insurance-v2,FR,AE-641-PR,AE641PR,Renault,Clio,grey,DEMO-FR-INS-02,Loire Demo Motor (fictional),Conducteur fictif FR 0908,conducteur-fr-0908@example.test,Gestionnaire fictif DEMO-FR-INS-02,sinistres@demo-fr-ins-02.test,DEMO-FR-POL-0908,2026-09-26,2026-12-31,,
DEMO-FR-0909,True,mock-insurance-v2,FR,KZ-168-NP,KZ168NP,Volkswagen,Golf,grey,DEMO-FR-INS-03,Alpes Demo Assurance (fictional),Conducteur fictif FR 0909,conducteur-fr-0909@example.test,Gestionnaire fictif DEMO-FR-INS-03,sinistres@demo-fr-ins-03.test,DEMO-FR-POL-0909,2026-09-26,2026-12-31,,
DEMO-FR-0910,True,mock-insurance-v2,FR,DC-233-VD,DC233VD,Ford,Focus,silver,DEMO-FR-INS-04,Rivage Demo Auto (fictional),Conducteur fictif FR 0910,conducteur-fr-0910@example.test,Gestionnaire fictif DEMO-FR-INS-04,sinistres@demo-fr-ins-04.test,DEMO-FR-POL-0910,2026-09-26,2026-12-31,,
DEMO-FR-0911,True,mock-insurance-v2,FR,HM-839-DP,HM839DP,Volkswagen,Golf,white,DEMO-FR-INS-00,Hexagone Demo Assurance (fictional),Conducteur fictif FR 0911,conducteur-fr-0911@example.test,Gestionnaire fictif DEMO-FR-INS-00,sinistres@demo-fr-ins-00.test,DEMO-FR-POL-0911,2026-09-26,2026-12-31,,
DEMO-FR-0912,True,mock-insurance-v2,FR,HN-798-CL,HN798CL,Peugeot,208,black,DEMO-FR-INS-01,Azur Demo Auto (fictional),Conducteur fictif FR 0912,conducteur-fr-0912@example.test,Gestionnaire fictif DEMO-FR-INS-01,sinistres@demo-fr-ins-01.test,DEMO-FR-POL-0912,2026-09-26,2026-12-31,,
DEMO-FR-0913,True,mock-insurance-v2,FR,NF-228-VV,NF228VV,Volkswagen,Golf,white,DEMO-FR-INS-02,Loire Demo Motor (fictional),Conducteur fictif FR 0913,conducteur-fr-0913@example.test,Gestionnaire fictif DEMO-FR-INS-02,sinistres@demo-fr-ins-02.test,DEMO-FR-POL-0913,2026-09-26,2026-12-31,,
DEMO-FR-0914,True,mock-insurance-v2,FR,WG-182-DF,WG182DF,Renault,Clio,red,DEMO-FR-INS-03,Alpes Demo Assurance (fictional),Conducteur fictif FR 0914,conducteur-fr-0914@example.test,Gestionnaire fictif DEMO-FR-INS-03,sinistres@demo-fr-ins-03.test,DEMO-FR-POL-0914,2026-09-26,2026-12-31,,
DEMO-FR-0915,True,mock-insurance-v2,FR,SB-995-TB,SB995TB,Toyota,Yaris,red,DEMO-FR-INS-04,Rivage Demo Auto (fictional),Conducteur fictif FR 0915,conducteur-fr-0915@example.test,Gestionnaire fictif DEMO-FR-INS-04,sinistres@demo-fr-ins-04.test,DEMO-FR-POL-0915,2026-09-26,2026-12-31,,
DEMO-FR-0916,True,mock-insurance-v2,FR,XL-698-TY,XL698TY,Ford,Focus,grey,DEMO-FR-INS-00,Hexagone Demo Assurance (fictional),Conducteur fictif FR 0916,conducteur-fr-0916@example.test,Gestionnaire fictif DEMO-FR-INS-00,sinistres@demo-fr-ins-00.test,DEMO-FR-POL-0916,2026-09-26,2026-12-31,,
DEMO-FR-0917,True,mock-insurance-v2,FR,BK-231-RC,BK231RC,Ford,Focus,blue,DEMO-FR-INS-01,Azur Demo Auto (fictional),Conducteur fictif FR 0917,conducteur-fr-0917@example.test,Gestionnaire fictif DEMO-FR-INS-01,sinistres@demo-fr-ins-01.test,DEMO-FR-POL-0917,2026-09-26,2026-12-31,,
DEMO-FR-0918,True,mock-insurance-v2,FR,GM-440-JL,GM440JL,Toyota,Yaris,white,DEMO-FR-INS-02,Loire Demo Motor (fictional),Conducteur fictif FR 0918,conducteur-fr-0918@example.test,Gestionnaire fictif DEMO-FR-INS-02,sinistres@demo-fr-ins-02.test,DEMO-FR-POL-0918,2026-09-26,2026-12-31,,
DEMO-FR-0919,True,mock-insurance-v2,FR,NE-276-JF,NE276JF,Ford,Focus,white,DEMO-FR-INS-03,Alpes Demo Assurance (fictional),Conducteur fictif FR 0919,conducteur-fr-0919@example.test,Gestionnaire fictif DEMO-FR-INS-03,sinistres@demo-fr-ins-03.test,DEMO-FR-POL-0919,2026-09-26,2026-12-31,,
DEMO-FR-0920,True,mock-insurance-v2,FR,BP-769-YH,BP769YH,Volkswagen,Golf,silver,DEMO-FR-INS-04,Rivage Demo Auto (fictional),Conducteur fictif FR 0920,conducteur-fr-0920@example.test,Gestionnaire fictif DEMO-FR-INS-04,sinistres@demo-fr-ins-04.test,DEMO-FR-POL-0920,2026-09-26,2026-12-31,,
DEMO-FR-0921,True,mock-insurance-v2,FR,TR-076-TV,TR076TV,BMW,3 Series,red,DEMO-FR-INS-00,Hexagone Demo Assurance (fictional),Conducteur fictif FR 0921,conducteur-fr-0921@example.test,Gestionnaire fictif DEMO-FR-INS-00,sinistres@demo-fr-ins-00.test,DEMO-FR-POL-0921,2026-09-26,2026-12-31,,
DEMO-FR-0922,True,mock-insurance-v2,FR,BA-026-DZ,BA026DZ,Renault,Clio,black,DEMO-FR-INS-01,Azur Demo Auto (fictional),Conducteur fictif FR 0922,conducteur-fr-0922@example.test,Gestionnaire fictif DEMO-FR-INS-01,sinistres@demo-fr-ins-01.test,DEMO-FR-POL-0922,2026-09-26,2026-12-31,,
DEMO-FR-0923,True,mock-insurance-v2,FR,XF-954-SK,XF954SK,Renault,Clio,blue,DEMO-FR-INS-02,Loire Demo Motor (fictional),Conducteur fictif FR 0923,conducteur-fr-0923@example.test,Gestionnaire fictif DEMO-FR-INS-02,sinistres@demo-fr-ins-02.test,DEMO-FR-POL-0923,2026-09-26,2026-12-31,,
DEMO-FR-0924,True,mock-insurance-v2,FR,TF-769-RT,TF769RT,Ford,Focus,silver,DEMO-FR-INS-03,Alpes Demo Assurance (fictional),Conducteur fictif FR 0924,conducteur-fr-0924@example.test,Gestionnaire fictif DEMO-FR-INS-03,sinistres@demo-fr-ins-03.test,DEMO-FR-POL-0924,2026-09-26,2026-12-31,,
DEMO-FR-0925,True,mock-insurance-v2,FR,JZ-174-ZM,JZ174ZM,Ford,Focus,black,DEMO-FR-INS-04,Rivage Demo Auto (fictional),Conducteur fictif FR 0925,conducteur-fr-0925@example.test,Gestionnaire fictif DEMO-FR-INS-04,sinistres@demo-fr-ins-04.test,DEMO-FR-POL-0925,2026-09-26,2026-12-31,,
DEMO-FR-0926,True,mock-insurance-v2,FR,NC-329-ES,NC329ES,Ford,Focus,white,DEMO-FR-INS-00,Hexagone Demo Assurance (fictional),Conducteur fictif FR 0926,conducteur-fr-0926@example.test,Gestionnaire fictif DEMO-FR-INS-00,sinistres@demo-fr-ins-00.test,DEMO-FR-POL-0926,2026-09-26,2026-12-31,,
DEMO-FR-0927,True,mock-insurance-v2,FR,ZV-400-EL,ZV400EL,Renault,Clio,black,DEMO-FR-INS-01,Azur Demo Auto (fictional),Conducteur fictif FR 0927,conducteur-fr-0927@example.test,Gestionnaire fictif DEMO-FR-INS-01,sinistres@demo-fr-ins-01.test,DEMO-FR-POL-0927,2026-09-26,2026-12-31,,
DEMO-FR-0928,True,mock-insurance-v2,FR,LZ-429-GP,LZ429GP,Renault,Clio,silver,DEMO-FR-INS-02,Loire Demo Motor (fictional),Conducteur fictif FR 0928,conducteur-fr-0928@example.test,Gestionnaire fictif DEMO-FR-INS-02,sinistres@demo-fr-ins-02.test,DEMO-FR-POL-0928,2026-09-26,2026-12-31,,
DEMO-FR-0929,True,mock-insurance-v2,FR,VW-620-CK,VW620CK,BMW,3 Series,silver,DEMO-FR-INS-03,Alpes Demo Assurance (fictional),Conducteur fictif FR 0929,conducteur-fr-0929@example.test,Gestionnaire fictif DEMO-FR-INS-03,sinistres@demo-fr-ins-03.test,DEMO-FR-POL-0929,2026-09-26,2026-12-31,,
DEMO-FR-0930,True,mock-insurance-v2,FR,DZ-052-EP,DZ052EP,BMW,3 Series,silver,DEMO-FR-INS-04,Rivage Demo Auto (fictional),Conducteur fictif FR 0930,conducteur-fr-0930@example.test,Gestionnaire fictif DEMO-FR-INS-04,sinistres@demo-fr-ins-04.test,DEMO-FR-POL-0930,2026-09-26,2026-12-31,,
DEMO-FR-0931,True,mock-insurance-v2,FR,RL-811-LJ,RL811LJ,Toyota,Yaris,silver,DEMO-FR-INS-00,Hexagone Demo Assurance (fictional),Conducteur fictif FR 0931,conducteur-fr-0931@example.test,Gestionnaire fictif DEMO-FR-INS-00,sinistres@demo-fr-ins-00.test,DEMO-FR-POL-0931,2026-09-26,2026-12-31,,
DEMO-FR-0932,True,mock-insurance-v2,FR,RC-656-RK,RC656RK,Toyota,Yaris,white,DEMO-FR-INS-01,Azur Demo Auto (fictional),Conducteur fictif FR 0932,conducteur-fr-0932@example.test,Gestionnaire fictif DEMO-FR-INS-01,sinistres@demo-fr-ins-01.test,DEMO-FR-POL-0932,2026-09-26,2026-12-31,,
DEMO-FR-0933,True,mock-insurance-v2,FR,JZ-259-TE,JZ259TE,Ford,Focus,black,DEMO-FR-INS-02,Loire Demo Motor (fictional),Conducteur fictif FR 0933,conducteur-fr-0933@example.test,Gestionnaire fictif DEMO-FR-INS-02,sinistres@demo-fr-ins-02.test,DEMO-FR-POL-0933,2026-09-26,2026-12-31,,
DEMO-FR-0934,True,mock-insurance-v2,FR,JN-005-CX,JN005CX,Renault,Clio,grey,DEMO-FR-INS-03,Alpes Demo Assurance (fictional),Conducteur fictif FR 0934,conducteur-fr-0934@example.test,Gestionnaire fictif DEMO-FR-INS-03,sinistres@demo-fr-ins-03.test,DEMO-FR-POL-0934,2026-09-26,2026-12-31,,
DEMO-FR-0935,True,mock-insurance-v2,FR,VJ-562-BW,VJ562BW,Ford,Focus,blue,DEMO-FR-INS-04,Rivage Demo Auto (fictional),Conducteur fictif FR 0935,conducteur-fr-0935@example.test,Gestionnaire fictif DEMO-FR-INS-04,sinistres@demo-fr-ins-04.test,DEMO-FR-POL-0935,2026-09-26,2026-12-31,,
DEMO-FR-0936,True,mock-insurance-v2,FR,GX-164-AT,GX164AT,Toyota,Yaris,silver,DEMO-FR-INS-00,Hexagone Demo Assurance (fictional),Conducteur fictif FR 0936,conducteur-fr-0936@example.test,Gestionnaire fictif DEMO-FR-INS-00,sinistres@demo-fr-ins-00.test,DEMO-FR-POL-0936,2026-09-26,2026-12-31,,
DEMO-FR-0937,True,mock-insurance-v2,FR,LL-004-CW,LL004CW,BMW,3 Series,grey,DEMO-FR-INS-01,Azur Demo Auto (fictional),Conducteur fictif FR 0937,conducteur-fr-0937@example.test,Gestionnaire fictif DEMO-FR-INS-01,sinistres@demo-fr-ins-01.test,DEMO-FR-POL-0937,2026-09-26,2026-12-31,,
DEMO-FR-0938,True,mock-insurance-v2,FR,CL-456-HM,CL456HM,Peugeot,208,silver,DEMO-FR-INS-02,Loire Demo Motor (fictional),Conducteur fictif FR 0938,conducteur-fr-0938@example.test,Gestionnaire fictif DEMO-FR-INS-02,sinistres@demo-fr-ins-02.test,DEMO-FR-POL-0938,2026-09-26,2026-12-31,,
DEMO-FR-0939,True,mock-insurance-v2,FR,DY-068-PZ,DY068PZ,Peugeot,208,blue,DEMO-FR-INS-03,Alpes Demo Assurance (fictional),Conducteur fictif FR 0939,conducteur-fr-0939@example.test,Gestionnaire fictif DEMO-FR-INS-03,sinistres@demo-fr-ins-03.test,DEMO-FR-POL-0939,2026-09-26,2026-12-31,,
DEMO-FR-0940,True,mock-insurance-v2,FR,AN-152-YE,AN152YE,Renault,Clio,black,DEMO-FR-INS-04,Rivage Demo Auto (fictional),Conducteur fictif FR 0940,conducteur-fr-0940@example.test,Gestionnaire fictif DEMO-FR-INS-04,sinistres@demo-fr-ins-04.test,DEMO-FR-POL-0940,2026-09-26,2026-12-31,,
DEMO-FR-0941,True,mock-insurance-v2,FR,XT-393-MW,XT393MW,BMW,3 Series,silver,DEMO-FR-INS-00,Hexagone Demo Assurance (fictional),Conducteur fictif FR 0941,conducteur-fr-0941@example.test,Gestionnaire fictif DEMO-FR-INS-00,sinistres@demo-fr-ins-00.test,DEMO-FR-POL-0941,2026-09-26,2026-12-31,,
DEMO-FR-0942,True,mock-insurance-v2,FR,GK-047-KL,GK047KL,Volkswagen,Golf,black,DEMO-FR-INS-01,Azur Demo Auto (fictional),Conducteur fictif FR 0942,conducteur-fr-0942@example.test,Gestionnaire fictif DEMO-FR-INS-01,sinistres@demo-fr-ins-01.test,DEMO-FR-POL-0942,2026-09-26,2026-12-31,,
DEMO-FR-0943,True,mock-insurance-v2,FR,TG-844-WE,TG844WE,Peugeot,208,white,DEMO-FR-INS-02,Loire Demo Motor (fictional),Conducteur fictif FR 0943,conducteur-fr-0943@example.test,Gestionnaire fictif DEMO-FR-INS-02,sinistres@demo-fr-ins-02.test,DEMO-FR-POL-0943,2026-09-26,2026-12-31,,
DEMO-FR-0944,True,mock-insurance-v2,FR,PN-501-AE,PN501AE,Ford,Focus,blue,DEMO-FR-INS-03,Alpes Demo Assurance (fictional),Conducteur fictif FR 0944,conducteur-fr-0944@example.test,Gestionnaire fictif DEMO-FR-INS-03,sinistres@demo-fr-ins-03.test,DEMO-FR-POL-0944,2026-09-26,2026-12-31,,
DEMO-FR-0945,True,mock-insurance-v2,FR,MC-182-TX,MC182TX,BMW,3 Series,white,DEMO-FR-INS-04,Rivage Demo Auto (fictional),Conducteur fictif FR 0945,conducteur-fr-0945@example.test,Gestionnaire fictif DEMO-FR-INS-04,sinistres@demo-fr-ins-04.test,DEMO-FR-POL-0945,2026-09-26,2026-12-31,,
DEMO-FR-0946,True,mock-insurance-v2,FR,WF-359-ZH,WF359ZH,Volkswagen,Golf,black,DEMO-FR-INS-00,Hexagone Demo Assurance (fictional),Conducteur fictif FR 0946,conducteur-fr-0946@example.test,Gestionnaire fictif DEMO-FR-INS-00,sinistres@demo-fr-ins-00.test,DEMO-FR-POL-0946,2026-09-26,2026-12-31,,
DEMO-FR-0947,True,mock-insurance-v2,FR,GZ-361-RB,GZ361RB,Volkswagen,Golf,silver,DEMO-FR-INS-01,Azur Demo Auto (fictional),Conducteur fictif FR 0947,conducteur-fr-0947@example.test,Gestionnaire fictif DEMO-FR-INS-01,sinistres@demo-fr-ins-01.test,DEMO-FR-POL-0947,2026-09-26,2026-12-31,,
DEMO-FR-0948,True,mock-insurance-v2,FR,EK-022-FN,EK022FN,BMW,3 Series,white,DEMO-FR-INS-02,Loire Demo Motor (fictional),Conducteur fictif FR 0948,conducteur-fr-0948@example.test,Gestionnaire fictif DEMO-FR-INS-02,sinistres@demo-fr-ins-02.test,DEMO-FR-POL-0948,2026-09-26,2026-12-31,,
DEMO-FR-0949,True,mock-insurance-v2,FR,PG-050-ZV,PG050ZV,Volkswagen,Golf,red,DEMO-FR-INS-03,Alpes Demo Assurance (fictional),Conducteur fictif FR 0949,conducteur-fr-0949@example.test,Gestionnaire fictif DEMO-FR-INS-03,sinistres@demo-fr-ins-03.test,DEMO-FR-POL-0949,2026-09-26,2026-12-31,,
DEMO-FR-0950,True,mock-insurance-v2,FR,PJ-227-LC,PJ227LC,Ford,Focus,white,DEMO-FR-INS-04,Rivage Demo Auto (fictional),Conducteur fictif FR 0950,conducteur-fr-0950@example.test,Gestionnaire fictif DEMO-FR-INS-04,sinistres@demo-fr-ins-04.test,DEMO-FR-POL-0950,2026-09-26,2026-12-31,,
DEMO-FR-0951,True,mock-insurance-v2,FR,AA-126-AA,AA126AA,Peugeot,208,blue,DEMO-FR-INS-00,Hexagone Demo Assurance (fictional),Conducteur fictif FR 0951,conducteur-fr-0951@example.test,Gestionnaire fictif DEMO-FR-INS-00,sinistres@demo-fr-ins-00.test,,,,,
DEMO-FR-0952,True,mock-insurance-v2,FR,KF-353-PD,KF353PD,Volkswagen,Golf,white,DEMO-FR-INS-01,Azur Demo Auto (fictional),Conducteur fictif FR 0952,conducteur-fr-0952@example.test,Gestionnaire fictif DEMO-FR-INS-01,sinistres@demo-fr-ins-01.test,,,,,
DEMO-FR-0953,True,mock-insurance-v2,FR,NK-114-GE,NK114GE,Toyota,Yaris,blue,DEMO-FR-INS-02,Loire Demo Motor (fictional),Conducteur fictif FR 0953,conducteur-fr-0953@example.test,Gestionnaire fictif DEMO-FR-INS-02,sinistres@demo-fr-ins-02.test,,,,,
DEMO-FR-0954,True,mock-insurance-v2,FR,ZM-560-RH,ZM560RH,Peugeot,208,blue,DEMO-FR-INS-03,Alpes Demo Assurance (fictional),Conducteur fictif FR 0954,conducteur-fr-0954@example.test,Gestionnaire fictif DEMO-FR-INS-03,sinistres@demo-fr-ins-03.test,,,,,
DEMO-FR-0955,True,mock-insurance-v2,FR,BF-063-PY,BF063PY,BMW,3 Series,red,DEMO-FR-INS-04,Rivage Demo Auto (fictional),Conducteur fictif FR 0955,conducteur-fr-0955@example.test,Gestionnaire fictif DEMO-FR-INS-04,sinistres@demo-fr-ins-04.test,,,,,
DEMO-FR-0956,True,mock-insurance-v2,FR,SJ-837-CC,SJ837CC,Ford,Focus,black,DEMO-FR-INS-00,Hexagone Demo Assurance (fictional),Conducteur fictif FR 0956,conducteur-fr-0956@example.test,Gestionnaire fictif DEMO-FR-INS-00,sinistres@demo-fr-ins-00.test,,,,,
DEMO-FR-0957,True,mock-insurance-v2,FR,YD-660-AR,YD660AR,Volkswagen,Golf,black,DEMO-FR-INS-01,Azur Demo Auto (fictional),Conducteur fictif FR 0957,conducteur-fr-0957@example.test,Gestionnaire fictif DEMO-FR-INS-01,sinistres@demo-fr-ins-01.test,,,,,
DEMO-FR-0958,True,mock-insurance-v2,FR,NF-471-GD,NF471GD,Ford,Focus,black,DEMO-FR-INS-02,Loire Demo Motor (fictional),Conducteur fictif FR 0958,conducteur-fr-0958@example.test,Gestionnaire fictif DEMO-FR-INS-02,sinistres@demo-fr-ins-02.test,,,,,
DEMO-FR-0959,True,mock-insurance-v2,FR,CT-815-PF,CT815PF,Renault,Clio,silver,DEMO-FR-INS-03,Alpes Demo Assurance (fictional),Conducteur fictif FR 0959,conducteur-fr-0959@example.test,Gestionnaire fictif DEMO-FR-INS-03,sinistres@demo-fr-ins-03.test,,,,,
DEMO-FR-0960,True,mock-insurance-v2,FR,MW-162-PP,MW162PP,Peugeot,208,grey,DEMO-FR-INS-04,Rivage Demo Auto (fictional),Conducteur fictif FR 0960,conducteur-fr-0960@example.test,Gestionnaire fictif DEMO-FR-INS-04,sinistres@demo-fr-ins-04.test,,,,,
DEMO-FR-0961,True,mock-insurance-v2,FR,SE-084-VK,SE084VK,BMW,3 Series,black,DEMO-FR-INS-00,Hexagone Demo Assurance (fictional),Conducteur fictif FR 0961,conducteur-fr-0961@example.test,Gestionnaire fictif DEMO-FR-INS-00,sinistres@demo-fr-ins-00.test,,,,,
DEMO-FR-0962,True,mock-insurance-v2,FR,XD-818-RT,XD818RT,BMW,3 Series,blue,DEMO-FR-INS-01,Azur Demo Auto (fictional),Conducteur fictif FR 0962,conducteur-fr-0962@example.test,Gestionnaire fictif DEMO-FR-INS-01,sinistres@demo-fr-ins-01.test,,,,,
DEMO-FR-0963,True,mock-insurance-v2,FR,ZD-550-AV,ZD550AV,Volkswagen,Golf,silver,DEMO-FR-INS-02,Loire Demo Motor (fictional),Conducteur fictif FR 0963,conducteur-fr-0963@example.test,Gestionnaire fictif DEMO-FR-INS-02,sinistres@demo-fr-ins-02.test,,,,,
DEMO-FR-0964,True,mock-insurance-v2,FR,DA-802-PG,DA802PG,Renault,Clio,grey,DEMO-FR-INS-03,Alpes Demo Assurance (fictional),Conducteur fictif FR 0964,conducteur-fr-0964@example.test,Gestionnaire fictif DEMO-FR-INS-03,sinistres@demo-fr-ins-03.test,,,,,
DEMO-FR-0965,True,mock-insurance-v2,FR,ZT-128-LF,ZT128LF,Renault,Clio,blue,DEMO-FR-INS-04,Rivage Demo Auto (fictional),Conducteur fictif FR 0965,conducteur-fr-0965@example.test,Gestionnaire fictif DEMO-FR-INS-04,sinistres@demo-fr-ins-04.test,,,,,
DEMO-FR-0966,True,mock-insurance-v2,FR,WC-688-WP,WC688WP,Volkswagen,Golf,white,DEMO-FR-INS-00,Hexagone Demo Assurance (fictional),Conducteur fictif FR 0966,conducteur-fr-0966@example.test,Gestionnaire fictif DEMO-FR-INS-00,sinistres@demo-fr-ins-00.test,,,,,
DEMO-FR-0967,True,mock-insurance-v2,FR,FM-078-EK,FM078EK,Ford,Focus,red,DEMO-FR-INS-01,Azur Demo Auto (fictional),Conducteur fictif FR 0967,conducteur-fr-0967@example.test,Gestionnaire fictif DEMO-FR-INS-01,sinistres@demo-fr-ins-01.test,,,,,
DEMO-FR-0968,True,mock-insurance-v2,FR,LE-353-XT,LE353XT,Renault,Clio,red,DEMO-FR-INS-02,Loire Demo Motor (fictional),Conducteur fictif FR 0968,conducteur-fr-0968@example.test,Gestionnaire fictif DEMO-FR-INS-02,sinistres@demo-fr-ins-02.test,,,,,
DEMO-FR-0969,True,mock-insurance-v2,FR,CF-319-EX,CF319EX,BMW,3 Series,grey,DEMO-FR-INS-03,Alpes Demo Assurance (fictional),Conducteur fictif FR 0969,conducteur-fr-0969@example.test,Gestionnaire fictif DEMO-FR-INS-03,sinistres@demo-fr-ins-03.test,,,,,
DEMO-FR-0970,True,mock-insurance-v2,FR,PA-104-HR,PA104HR,Volkswagen,Golf,red,DEMO-FR-INS-04,Rivage Demo Auto (fictional),Conducteur fictif FR 0970,conducteur-fr-0970@example.test,Gestionnaire fictif DEMO-FR-INS-04,sinistres@demo-fr-ins-04.test,,,,,
DEMO-FR-0971,True,mock-insurance-v2,FR,JD-306-KN,JD306KN,Renault,Clio,silver,DEMO-FR-INS-00,Hexagone Demo Assurance (fictional),Conducteur fictif FR 0971,conducteur-fr-0971@example.test,Gestionnaire fictif DEMO-FR-INS-00,sinistres@demo-fr-ins-00.test,,,,,
DEMO-FR-0972,True,mock-insurance-v2,FR,TW-983-KX,TW983KX,Peugeot,208,blue,DEMO-FR-INS-01,Azur Demo Auto (fictional),Conducteur fictif FR 0972,conducteur-fr-0972@example.test,Gestionnaire fictif DEMO-FR-INS-01,sinistres@demo-fr-ins-01.test,,,,,
DEMO-FR-0973,True,mock-insurance-v2,FR,HV-723-VD,HV723VD,Volkswagen,Golf,red,DEMO-FR-INS-02,Loire Demo Motor (fictional),Conducteur fictif FR 0973,conducteur-fr-0973@example.test,Gestionnaire fictif DEMO-FR-INS-02,sinistres@demo-fr-ins-02.test,,,,,
DEMO-FR-0974,True,mock-insurance-v2,FR,LL-247-KS,LL247KS,Ford,Focus,silver,DEMO-FR-INS-03,Alpes Demo Assurance (fictional),Conducteur fictif FR 0974,conducteur-fr-0974@example.test,Gestionnaire fictif DEMO-FR-INS-03,sinistres@demo-fr-ins-03.test,,,,,
DEMO-FR-0975,True,mock-insurance-v2,FR,ZY-046-SX,ZY046SX,Ford,Focus,white,DEMO-FR-INS-04,Rivage Demo Auto (fictional),Conducteur fictif FR 0975,conducteur-fr-0975@example.test,Gestionnaire fictif DEMO-FR-INS-04,sinistres@demo-fr-ins-04.test,,,,,
DEMO-FR-0976,True,mock-insurance-v2,FR,FX-944-SY,FX944SY,Volkswagen,Golf,white,DEMO-FR-INS-00,Hexagone Demo Assurance (fictional),Conducteur fictif FR 0976,conducteur-fr-0976@example.test,Gestionnaire fictif DEMO-FR-INS-00,sinistres@demo-fr-ins-00.test,,,,,
DEMO-FR-0977,True,mock-insurance-v2,FR,MD-546-KW,MD546KW,BMW,3 Series,white,DEMO-FR-INS-01,Azur Demo Auto (fictional),Conducteur fictif FR 0977,conducteur-fr-0977@example.test,Gestionnaire fictif DEMO-FR-INS-01,sinistres@demo-fr-ins-01.test,,,,,
DEMO-FR-0978,True,mock-insurance-v2,FR,KS-873-TS,KS873TS,Renault,Clio,black,DEMO-FR-INS-02,Loire Demo Motor (fictional),Conducteur fictif FR 0978,conducteur-fr-0978@example.test,Gestionnaire fictif DEMO-FR-INS-02,sinistres@demo-fr-ins-02.test,,,,,
DEMO-FR-0979,True,mock-insurance-v2,FR,XW-387-JH,XW387JH,Renault,Clio,blue,DEMO-FR-INS-03,Alpes Demo Assurance (fictional),Conducteur fictif FR 0979,conducteur-fr-0979@example.test,Gestionnaire fictif DEMO-FR-INS-03,sinistres@demo-fr-ins-03.test,,,,,
DEMO-FR-0980,True,mock-insurance-v2,FR,KC-311-PH,KC311PH,Toyota,Yaris,silver,DEMO-FR-INS-04,Rivage Demo Auto (fictional),Conducteur fictif FR 0980,conducteur-fr-0980@example.test,Gestionnaire fictif DEMO-FR-INS-04,sinistres@demo-fr-ins-04.test,,,,,
DEMO-FR-0981,True,mock-insurance-v2,FR,LK-990-MG,LK990MG,Renault,Clio,black,DEMO-FR-INS-00,Hexagone Demo Assurance (fictional),Conducteur fictif FR 0981,conducteur-fr-0981@example.test,Gestionnaire fictif DEMO-FR-INS-00,sinistres@demo-fr-ins-00.test,,,,,
DEMO-FR-0982,True,mock-insurance-v2,FR,KL-248-FH,KL248FH,Ford,Focus,blue,DEMO-FR-INS-01,Azur Demo Auto (fictional),Conducteur fictif FR 0982,conducteur-fr-0982@example.test,Gestionnaire fictif DEMO-FR-INS-01,sinistres@demo-fr-ins-01.test,,,,,
DEMO-FR-0983,True,mock-insurance-v2,FR,AD-878-BJ,AD878BJ,Volkswagen,Golf,silver,DEMO-FR-INS-02,Loire Demo Motor (fictional),Conducteur fictif FR 0983,conducteur-fr-0983@example.test,Gestionnaire fictif DEMO-FR-INS-02,sinistres@demo-fr-ins-02.test,,,,,
DEMO-FR-0984,True,mock-insurance-v2,FR,WV-503-DH,WV503DH,BMW,3 Series,black,DEMO-FR-INS-03,Alpes Demo Assurance (fictional),Conducteur fictif FR 0984,conducteur-fr-0984@example.test,Gestionnaire fictif DEMO-FR-INS-03,sinistres@demo-fr-ins-03.test,,,,,
DEMO-FR-0985,True,mock-insurance-v2,FR,KS-320-TB,KS320TB,Renault,Clio,silver,DEMO-FR-INS-04,Rivage Demo Auto (fictional),Conducteur fictif FR 0985,conducteur-fr-0985@example.test,Gestionnaire fictif DEMO-FR-INS-04,sinistres@demo-fr-ins-04.test,,,,,
DEMO-FR-0986,True,mock-insurance-v2,FR,AP-873-CE,AP873CE,Renault,Clio,grey,DEMO-FR-INS-00,Hexagone Demo Assurance (fictional),Conducteur fictif FR 0986,conducteur-fr-0986@example.test,Gestionnaire fictif DEMO-FR-INS-00,sinistres@demo-fr-ins-00.test,,,,,
DEMO-FR-0987,True,mock-insurance-v2,FR,TY-640-TM,TY640TM,Ford,Focus,silver,DEMO-FR-INS-01,Azur Demo Auto (fictional),Conducteur fictif FR 0987,conducteur-fr-0987@example.test,Gestionnaire fictif DEMO-FR-INS-01,sinistres@demo-fr-ins-01.test,,,,,
DEMO-FR-0988,True,mock-insurance-v2,FR,VW-225-PX,VW225PX,Peugeot,208,grey,DEMO-FR-INS-02,Loire Demo Motor (fictional),Conducteur fictif FR 0988,conducteur-fr-0988@example.test,Gestionnaire fictif DEMO-FR-INS-02,sinistres@demo-fr-ins-02.test,,,,,
DEMO-FR-0989,True,mock-insurance-v2,FR,CN-683-LX,CN683LX,BMW,3 Series,white,DEMO-FR-INS-03,Alpes Demo Assurance (fictional),Conducteur fictif FR 0989,conducteur-fr-0989@example.test,Gestionnaire fictif DEMO-FR-INS-03,sinistres@demo-fr-ins-03.test,,,,,
DEMO-FR-0990,True,mock-insurance-v2,FR,HH-267-YH,HH267YH,Toyota,Yaris,silver,DEMO-FR-INS-04,Rivage Demo Auto (fictional),Conducteur fictif FR 0990,conducteur-fr-0990@example.test,Gestionnaire fictif DEMO-FR-INS-04,sinistres@demo-fr-ins-04.test,,,,,
DEMO-FR-0991,True,mock-insurance-v2,FR,HG-232-MT,HG232MT,Toyota,Yaris,white,DEMO-FR-INS-00,Hexagone Demo Assurance (fictional),Conducteur fictif FR 0991,conducteur-fr-0991@example.test,Gestionnaire fictif DEMO-FR-INS-00,sinistres@demo-fr-ins-00.test,,,,,
DEMO-FR-0992,True,mock-insurance-v2,FR,SE-695-KA,SE695KA,Renault,Clio,grey,DEMO-FR-INS-01,Azur Demo Auto (fictional),Conducteur fictif FR 0992,conducteur-fr-0992@example.test,Gestionnaire fictif DEMO-FR-INS-01,sinistres@demo-fr-ins-01.test,,,,,
DEMO-FR-0993,True,mock-insurance-v2,FR,TW-966-TZ,TW966TZ,Volkswagen,Golf,grey,DEMO-FR-INS-02,Loire Demo Motor (fictional),Conducteur fictif FR 0993,conducteur-fr-0993@example.test,Gestionnaire fictif DEMO-FR-INS-02,sinistres@demo-fr-ins-02.test,,,,,
DEMO-FR-0994,True,mock-insurance-v2,FR,HW-496-ZC,HW496ZC,Ford,Focus,red,DEMO-FR-INS-03,Alpes Demo Assurance (fictional),Conducteur fictif FR 0994,conducteur-fr-0994@example.test,Gestionnaire fictif DEMO-FR-INS-03,sinistres@demo-fr-ins-03.test,,,,,
DEMO-FR-0995,True,mock-insurance-v2,FR,WG-770-PP,WG770PP,BMW,3 Series,white,DEMO-FR-INS-04,Rivage Demo Auto (fictional),Conducteur fictif FR 0995,conducteur-fr-0995@example.test,Gestionnaire fictif DEMO-FR-INS-04,sinistres@demo-fr-ins-04.test,,,,,
DEMO-FR-0996,True,mock-insurance-v2,FR,VH-754-NL,VH754NL,Ford,Focus,red,DEMO-FR-INS-00,Hexagone Demo Assurance (fictional),Conducteur fictif FR 0996,conducteur-fr-0996@example.test,Gestionnaire fictif DEMO-FR-INS-00,sinistres@demo-fr-ins-00.test,,,,,
DEMO-FR-0997,True,mock-insurance-v2,FR,LK-570-VB,LK570VB,Volkswagen,Golf,silver,DEMO-FR-INS-01,Azur Demo Auto (fictional),Conducteur fictif FR 0997,conducteur-fr-0997@example.test,Gestionnaire fictif DEMO-FR-INS-01,sinistres@demo-fr-ins-01.test,,,,,
DEMO-FR-0998,True,mock-insurance-v2,FR,EL-221-MC,EL221MC,Toyota,Yaris,white,DEMO-FR-INS-02,Loire Demo Motor (fictional),Conducteur fictif FR 0998,conducteur-fr-0998@example.test,Gestionnaire fictif DEMO-FR-INS-02,sinistres@demo-fr-ins-02.test,,,,,
DEMO-FR-0999,True,mock-insurance-v2,FR,AB-206-DZ,AB206DZ,Volkswagen,Golf,grey,DEMO-FR-INS-03,Alpes Demo Assurance (fictional),Conducteur fictif FR 0999,conducteur-fr-0999@example.test,Gestionnaire fictif DEMO-FR-INS-03,sinistres@demo-fr-ins-03.test,,,,,
DEMO-FR-1000,True,mock-insurance-v2,FR,XF-917-CR,XF917CR,Renault,Clio,blue,DEMO-FR-INS-04,Rivage Demo Auto (fictional),Conducteur fictif FR 1000,conducteur-fr-1000@example.test,Gestionnaire fictif DEMO-FR-INS-04,sinistres@demo-fr-ins-04.test,,,,,
