record_id,synthetic,source_version,country,plate,plate_normalized,vehicle_make,vehicle_model,vehicle_color,insurer_id,insurer_name,driver_name,driver_email,insurer_contact_name,insurer_email,policy_reference,coverage_start,coverage_end,correspondent_fr_id,correspondent_fr_name
DEMO-UK-0001,True,mock-insurance-v2,UK,AB12 CDE,AB12CDE,BMW,3 Series,black,DEMO-UK-INS-00,Northbridge Demo Motor (fictional),Conducteur fictif UK 0001,conducteur-uk-0001@example.test,Gestionnaire fictif DEMO-UK-INS-00,sinistres@demo-uk-ins-00.test,DEMO-UK-POL-0001,2026-01-01,2026-12-31,DEMO-CORR-FR-00,Hexagone Demo Recours (fictional)
DEMO-UK-0002,True,mock-insurance-v2,UK,XY34 ZTR,XY34ZTR,Ford,Focus,blue,DEMO-UK-INS-01,Oakfield Demo Insurance (fictional),Conducteur fictif UK 0002,conducteur-uk-0002@example.test,Gestionnaire fictif DEMO-UK-INS-01,sinistres@demo-uk-ins-01.test,DEMO-UK-POL-0002,2026-01-01,2026-12-31,DEMO-CORR-FR-01,Azur Demo Recours (fictional)
DEMO-UK-0003,True,mock-insurance-v2,UK,RK18 LXP,RK18LXP,Opel,Astra,black,DEMO-UK-INS-02,Westhaven Demo Motor (fictional),Conducteur fictif UK 0003,conducteur-uk-0003@example.test,Gestionnaire fictif DEMO-UK-INS-02,sinistres@demo-uk-ins-02.test,DEMO-UK-POL-0003,2026-01-01,2026-12-31,DEMO-CORR-FR-02,Loire Demo Recours (fictional)
DEMO-UK-0004,True,mock-insurance-v2,UK,LM21 RZT,LM21RZT,Toyota,Corolla,dark red,DEMO-UK-INS-03,Birchwood Demo Cover (fictional),Conducteur fictif UK 0004,conducteur-uk-0004@example.test,Gestionnaire fictif DEMO-UK-INS-03,sinistres@demo-uk-ins-03.test,DEMO-UK-POL-0004,2026-01-01,2026-12-31,DEMO-CORR-FR-03,Alpes Demo Recours (fictional)
DEMO-UK-0005,True,mock-insurance-v2,UK,GC15 EYG,GC15EYG,Ford,Focus,grey,DEMO-UK-INS-04,Meadowbrook Demo Auto (fictional),Conducteur fictif UK 0005,conducteur-uk-0005@example.test,Gestionnaire fictif DEMO-UK-INS-04,sinistres@demo-uk-ins-04.test,DEMO-UK-POL-0005,2026-01-01,2026-12-31,DEMO-CORR-FR-04,Rivage Demo Recours (fictional)
DEMO-UK-0006,True,mock-insurance-v2,UK,TX75 TXW,TX75TXW,Peugeot,208,white,DEMO-UK-INS-00,Northbridge Demo Motor (fictional),Conducteur fictif UK 0006,conducteur-uk-0006@example.test,Gestionnaire fictif DEMO-UK-INS-00,sinistres@demo-uk-ins-00.test,DEMO-UK-POL-0006,2026-01-01,2026-12-31,DEMO-CORR-FR-00,Hexagone Demo Recours (fictional)
DEMO-UK-0007,True,mock-insurance-v2,UK,VG71 RDT,VG71RDT,BMW,3 Series,blue,DEMO-UK-INS-01,Oakfield Demo Insurance (fictional),Conducteur fictif UK 0007,conducteur-uk-0007@example.test,Gestionnaire fictif DEMO-UK-INS-01,sinistres@demo-uk-ins-01.test,DEMO-UK-POL-0007,2026-01-01,2026-12-31,DEMO-CORR-FR-01,Azur Demo Recours (fictional)
DEMO-UK-0008,True,mock-insurance-v2,UK,YJ70 DEA,YJ70DEA,Toyota,Yaris,black,DEMO-UK-INS-02,Westhaven Demo Motor (fictional),Conducteur fictif UK 0008,conducteur-uk-0008@example.test,Gestionnaire fictif DEMO-UK-INS-02,sinistres@demo-uk-ins-02.test,DEMO-UK-POL-0008,2026-01-01,2026-12-31,DEMO-CORR-FR-02,Loire Demo Recours (fictional)
DEMO-UK-0009,True,mock-insurance-v2,UK,HT20 MWK,HT20MWK,Peugeot,208,red,DEMO-UK-INS-03,Birchwood Demo Cover (fictional),Conducteur fictif UK 0009,conducteur-uk-0009@example.test,Gestionnaire fictif DEMO-UK-INS-03,sinistres@demo-uk-ins-03.test,DEMO-UK-POL-0009,2026-01-01,2026-12-31,DEMO-CORR-FR-03,Alpes Demo Recours (fictional)
DEMO-UK-0010,True,mock-insurance-v2,UK,NZ25 WAP,NZ25WAP,Volkswagen,Golf,white,DEMO-UK-INS-04,Meadowbrook Demo Auto (fictional),Conducteur fictif UK 0010,conducteur-uk-0010@example.test,Gestionnaire fictif DEMO-UK-INS-04,sinistres@demo-uk-ins-04.test,DEMO-UK-POL-0010,2026-01-01,2026-12-31,DEMO-CORR-FR-04,Rivage Demo Recours (fictional)
DEMO-UK-0011,True,mock-insurance-v2,UK,XD20 HNM,XD20HNM,Ford,Focus,white,DEMO-UK-INS-00,Northbridge Demo Motor (fictional),Conducteur fictif UK 0011,conducteur-uk-0011@example.test,Gestionnaire fictif DEMO-UK-INS-00,sinistres@demo-uk-ins-00.test,DEMO-UK-POL-0011,2026-01-01,2026-12-31,DEMO-CORR-FR-00,Hexagone Demo Recours (fictional)
DEMO-UK-0012,True,mock-insurance-v2,UK,ZK25 RAW,ZK25RAW,BMW,3 Series,black,DEMO-UK-INS-01,Oakfield Demo Insurance (fictional),Conducteur fictif UK 0012,conducteur-uk-0012@example.test,Gestionnaire fictif DEMO-UK-INS-01,sinistres@demo-uk-ins-01.test,DEMO-UK-POL-0012,2026-01-01,2026-12-31,DEMO-CORR-FR-01,Azur Demo Recours (fictional)
DEMO-UK-0013,True,mock-insurance-v2,UK,KK24 FHZ,KK24FHZ,Ford,Focus,grey,DEMO-UK-INS-02,Westhaven Demo Motor (fictional),Conducteur fictif UK 0013,conducteur-uk-0013@example.test,Gestionnaire fictif DEMO-UK-INS-02,sinistres@demo-uk-ins-02.test,DEMO-UK-POL-0013,2026-01-01,2026-12-31,DEMO-CORR-FR-02,Loire Demo Recours (fictional)
DEMO-UK-0014,True,mock-insurance-v2,UK,VZ23 JST,VZ23JST,Peugeot,208,red,DEMO-UK-INS-03,Birchwood Demo Cover (fictional),Conducteur fictif UK 0014,conducteur-uk-0014@example.test,Gestionnaire fictif DEMO-UK-INS-03,sinistres@demo-uk-ins-03.test,DEMO-UK-POL-0014,2026-01-01,2026-12-31,DEMO-CORR-FR-03,Alpes Demo Recours (fictional)
DEMO-UK-0015,True,mock-insurance-v2,UK,WS68 PLK,WS68PLK,Renault,Clio,black,DEMO-UK-INS-04,Meadowbrook Demo Auto (fictional),Conducteur fictif UK 0015,conducteur-uk-0015@example.test,Gestionnaire fictif DEMO-UK-INS-04,sinistres@demo-uk-ins-04.test,DEMO-UK-POL-0015,2026-01-01,2026-12-31,DEMO-CORR-FR-04,Rivage Demo Recours (fictional)
DEMO-UK-0016,True,mock-insurance-v2,UK,EC15 FGH,EC15FGH,BMW,3 Series,red,DEMO-UK-INS-00,Northbridge Demo Motor (fictional),Conducteur fictif UK 0016,conducteur-uk-0016@example.test,Gestionnaire fictif DEMO-UK-INS-00,sinistres@demo-uk-ins-00.test,DEMO-UK-POL-0016,2026-01-01,2026-12-31,DEMO-CORR-FR-00,Hexagone Demo Recours (fictional)
DEMO-UK-0017,True,mock-insurance-v2,UK,LW65 WBF,LW65WBF,Renault,Clio,silver,DEMO-UK-INS-01,Oakfield Demo Insurance (fictional),Conducteur fictif UK 0017,conducteur-uk-0017@example.test,Gestionnaire fictif DEMO-UK-INS-01,sinistres@demo-uk-ins-01.test,DEMO-UK-POL-0017,2026-01-01,2026-12-31,DEMO-CORR-FR-01,Azur Demo Recours (fictional)
DEMO-UK-0018,True,mock-insurance-v2,UK,MN75 RYK,MN75RYK,Toyota,Yaris,black,DEMO-UK-INS-02,Westhaven Demo Motor (fictional),Conducteur fictif UK 0018,conducteur-uk-0018@example.test,Gestionnaire fictif DEMO-UK-INS-02,sinistres@demo-uk-ins-02.test,DEMO-UK-POL-0018,2026-01-01,2026-12-31,DEMO-CORR-FR-02,Loire Demo Recours (fictional)
DEMO-UK-0019,True,mock-insurance-v2,UK,VZ18 JDH,VZ18JDH,Toyota,Yaris,silver,DEMO-UK-INS-03,Birchwood Demo Cover (fictional),Conducteur fictif UK 0019,conducteur-uk-0019@example.test,Gestionnaire fictif DEMO-UK-INS-03,sinistres@demo-uk-ins-03.test,DEMO-UK-POL-0019,2026-01-01,2026-12-31,DEMO-CORR-FR-03,Alpes Demo Recours (fictional)
DEMO-UK-0020,True,mock-insurance-v2,UK,CD71 XFK,CD71XFK,Renault,Clio,grey,DEMO-UK-INS-04,Meadowbrook Demo Auto (fictional),Conducteur fictif UK 0020,conducteur-uk-0020@example.test,Gestionnaire fictif DEMO-UK-INS-04,sinistres@demo-uk-ins-04.test,DEMO-UK-POL-0020,2026-01-01,2026-12-31,DEMO-CORR-FR-04,Rivage Demo Recours (fictional)
DEMO-UK-0021,True,mock-insurance-v2,UK,XY20 WSZ,XY20WSZ,Toyota,Yaris,red,DEMO-UK-INS-00,Northbridge Demo Motor (fictional),Conducteur fictif UK 0021,conducteur-uk-0021@example.test,Gestionnaire fictif DEMO-UK-INS-00,sinistres@demo-uk-ins-00.test,DEMO-UK-POL-0021,2026-01-01,2026-12-31,DEMO-CORR-FR-00,Hexagone Demo Recours (fictional)
DEMO-UK-0022,True,mock-insurance-v2,UK,VF62 HFC,VF62HFC,Renault,Clio,white,DEMO-UK-INS-01,Oakfield Demo Insurance (fictional),Conducteur fictif UK 0022,conducteur-uk-0022@example.test,Gestionnaire fictif DEMO-UK-INS-01,sinistres@demo-uk-ins-01.test,DEMO-UK-POL-0022,2026-01-01,2026-12-31,DEMO-CORR-FR-01,Azur Demo Recours (fictional)
DEMO-UK-0023,True,mock-insurance-v2,UK,FP23 VPR,FP23VPR,Peugeot,208,silver,DEMO-UK-INS-02,Westhaven Demo Motor (fictional),Conducteur fictif UK 0023,conducteur-uk-0023@example.test,Gestionnaire fictif DEMO-UK-INS-02,sinistres@demo-uk-ins-02.test,DEMO-UK-POL-0023,2026-01-01,2026-12-31,DEMO-CORR-FR-02,Loire Demo Recours (fictional)
DEMO-UK-0024,True,mock-insurance-v2,UK,KM70 MLY,KM70MLY,Peugeot,208,silver,DEMO-UK-INS-03,Birchwood Demo Cover (fictional),Conducteur fictif UK 0024,conducteur-uk-0024@example.test,Gestionnaire fictif DEMO-UK-INS-03,sinistres@demo-uk-ins-03.test,DEMO-UK-POL-0024,2026-01-01,2026-12-31,DEMO-CORR-FR-03,Alpes Demo Recours (fictional)
DEMO-UK-0025,True,mock-insurance-v2,UK,KH68 RWW,KH68RWW,Renault,Clio,grey,DEMO-UK-INS-04,Meadowbrook Demo Auto (fictional),Conducteur fictif UK 0025,conducteur-uk-0025@example.test,Gestionnaire fictif DEMO-UK-INS-04,sinistres@demo-uk-ins-04.test,DEMO-UK-POL-0025,2026-01-01,2026-12-31,DEMO-CORR-FR-04,Rivage Demo Recours (fictional)
DEMO-UK-0026,True,mock-insurance-v2,UK,DJ22 SMA,DJ22SMA,Peugeot,208,blue,DEMO-UK-INS-00,Northbridge Demo Motor (fictional),Conducteur fictif UK 0026,conducteur-uk-0026@example.test,Gestionnaire fictif DEMO-UK-INS-00,sinistres@demo-uk-ins-00.test,DEMO-UK-POL-0026,2026-01-01,2026-12-31,DEMO-CORR-FR-00,Hexagone Demo Recours (fictional)
DEMO-UK-0027,True,mock-insurance-v2,UK,BA25 PDR,BA25PDR,Renault,Clio,grey,DEMO-UK-INS-01,Oakfield Demo Insurance (fictional),Conducteur fictif UK 0027,conducteur-uk-0027@example.test,Gestionnaire fictif DEMO-UK-INS-01,sinistres@demo-uk-ins-01.test,DEMO-UK-POL-0027,2026-01-01,2026-12-31,DEMO-CORR-FR-01,Azur Demo Recours (fictional)
DEMO-UK-0028,True,mock-insurance-v2,UK,ZF24 BSL,ZF24BSL,Renault,Clio,blue,DEMO-UK-INS-02,Westhaven Demo Motor (fictional),Conducteur fictif UK 0028,conducteur-uk-0028@example.test,Gestionnaire fictif DEMO-UK-INS-02,sinistres@demo-uk-ins-02.test,DEMO-UK-POL-0028,2026-01-01,2026-12-31,DEMO-CORR-FR-02,Loire Demo Recours (fictional)
DEMO-UK-0029,True,mock-insurance-v2,UK,XF23 KRH,XF23KRH,Renault,Clio,white,DEMO-UK-INS-03,Birchwood Demo Cover (fictional),Conducteur fictif UK 0029,conducteur-uk-0029@example.test,Gestionnaire fictif DEMO-UK-INS-03,sinistres@demo-uk-ins-03.test,DEMO-UK-POL-0029,2026-01-01,2026-12-31,DEMO-CORR-FR-03,Alpes Demo Recours (fictional)
DEMO-UK-0030,True,mock-insurance-v2,UK,DZ71 CNX,DZ71CNX,Toyota,Yaris,silver,DEMO-UK-INS-04,Meadowbrook Demo Auto (fictional),Conducteur fictif UK 0030,conducteur-uk-0030@example.test,Gestionnaire fictif DEMO-UK-INS-04,sinistres@demo-uk-ins-04.test,DEMO-UK-POL-0030,2026-01-01,2026-12-31,DEMO-CORR-FR-04,Rivage Demo Recours (fictional)
DEMO-UK-0031,True,mock-insurance-v2,UK,AF62 MAB,AF62MAB,Renault,Clio,red,DEMO-UK-INS-00,Northbridge Demo Motor (fictional),Conducteur fictif UK 0031,conducteur-uk-0031@example.test,Gestionnaire fictif DEMO-UK-INS-00,sinistres@demo-uk-ins-00.test,DEMO-UK-POL-0031,2026-01-01,2026-12-31,DEMO-CORR-FR-00,Hexagone Demo Recours (fictional)
DEMO-UK-0032,True,mock-insurance-v2,UK,GT74 XZD,GT74XZD,BMW,3 Series,white,DEMO-UK-INS-01,Oakfield Demo Insurance (fictional),Conducteur fictif UK 0032,conducteur-uk-0032@example.test,Gestionnaire fictif DEMO-UK-INS-01,sinistres@demo-uk-ins-01.test,DEMO-UK-POL-0032,2026-01-01,2026-12-31,DEMO-CORR-FR-01,Azur Demo Recours (fictional)
DEMO-UK-0033,True,mock-insurance-v2,UK,GS74 DSE,GS74DSE,Toyota,Yaris,white,DEMO-UK-INS-02,Westhaven Demo Motor (fictional),Conducteur fictif UK 0033,conducteur-uk-0033@example.test,Gestionnaire fictif DEMO-UK-INS-02,sinistres@demo-uk-ins-02.test,DEMO-UK-POL-0033,2026-01-01,2026-12-31,DEMO-CORR-FR-02,Loire Demo Recours (fictional)
DEMO-UK-0034,True,mock-insurance-v2,UK,JC18 XLV,JC18XLV,Toyota,Yaris,silver,DEMO-UK-INS-03,Birchwood Demo Cover (fictional),Conducteur fictif UK 0034,conducteur-uk-0034@example.test,Gestionnaire fictif DEMO-UK-INS-03,sinistres@demo-uk-ins-03.test,DEMO-UK-POL-0034,2026-01-01,2026-12-31,DEMO-CORR-FR-03,Alpes Demo Recours (fictional)
DEMO-UK-0035,True,mock-insurance-v2,UK,ZR20 JEK,ZR20JEK,Toyota,Yaris,grey,DEMO-UK-INS-04,Meadowbrook Demo Auto (fictional),Conducteur fictif UK 0035,conducteur-uk-0035@example.test,Gestionnaire fictif DEMO-UK-INS-04,sinistres@demo-uk-ins-04.test,DEMO-UK-POL-0035,2026-01-01,2026-12-31,DEMO-CORR-FR-04,Rivage Demo Recours (fictional)
DEMO-UK-0036,True,mock-insurance-v2,UK,EY12 ZKT,EY12ZKT,Renault,Clio,grey,DEMO-UK-INS-00,Northbridge Demo Motor (fictional),Conducteur fictif UK 0036,conducteur-uk-0036@example.test,Gestionnaire fictif DEMO-UK-INS-00,sinistres@demo-uk-ins-00.test,DEMO-UK-POL-0036,2026-01-01,2026-12-31,DEMO-CORR-FR-00,Hexagone Demo Recours (fictional)
DEMO-UK-0037,True,mock-insurance-v2,UK,GP70 TZG,GP70TZG,Volkswagen,Golf,blue,DEMO-UK-INS-01,Oakfield Demo Insurance (fictional),Conducteur fictif UK 0037,conducteur-uk-0037@example.test,Gestionnaire fictif DEMO-UK-INS-01,sinistres@demo-uk-ins-01.test,DEMO-UK-POL-0037,2026-01-01,2026-12-31,DEMO-CORR-FR-01,Azur Demo Recours (fictional)
DEMO-UK-0038,True,mock-insurance-v2,UK,ES62 YXJ,ES62YXJ,BMW,3 Series,black,DEMO-UK-INS-02,Westhaven Demo Motor (fictional),Conducteur fictif UK 0038,conducteur-uk-0038@example.test,Gestionnaire fictif DEMO-UK-INS-02,sinistres@demo-uk-ins-02.test,DEMO-UK-POL-0038,2026-01-01,2026-12-31,DEMO-CORR-FR-02,Loire Demo Recours (fictional)
DEMO-UK-0039,True,mock-insurance-v2,UK,VP62 RTC,VP62RTC,Volkswagen,Golf,red,DEMO-UK-INS-03,Birchwood Demo Cover (fictional),Conducteur fictif UK 0039,conducteur-uk-0039@example.test,Gestionnaire fictif DEMO-UK-INS-03,sinistres@demo-uk-ins-03.test,DEMO-UK-POL-0039,2026-01-01,2026-12-31,DEMO-CORR-FR-03,Alpes Demo Recours (fictional)
DEMO-UK-0040,True,mock-insurance-v2,UK,GL21 YKZ,GL21YKZ,Volkswagen,Golf,white,DEMO-UK-INS-04,Meadowbrook Demo Auto (fictional),Conducteur fictif UK 0040,conducteur-uk-0040@example.test,Gestionnaire fictif DEMO-UK-INS-04,sinistres@demo-uk-ins-04.test,DEMO-UK-POL-0040,2026-01-01,2026-12-31,DEMO-CORR-FR-04,Rivage Demo Recours (fictional)
DEMO-UK-0041,True,mock-insurance-v2,UK,GF72 XWX,GF72XWX,Toyota,Yaris,white,DEMO-UK-INS-00,Northbridge Demo Motor (fictional),Conducteur fictif UK 0041,conducteur-uk-0041@example.test,Gestionnaire fictif DEMO-UK-INS-00,sinistres@demo-uk-ins-00.test,DEMO-UK-POL-0041,2026-01-01,2026-12-31,DEMO-CORR-FR-00,Hexagone Demo Recours (fictional)
DEMO-UK-0042,True,mock-insurance-v2,UK,XR22 JZD,XR22JZD,Toyota,Yaris,red,DEMO-UK-INS-01,Oakfield Demo Insurance (fictional),Conducteur fictif UK 0042,conducteur-uk-0042@example.test,Gestionnaire fictif DEMO-UK-INS-01,sinistres@demo-uk-ins-01.test,DEMO-UK-POL-0042,2026-01-01,2026-12-31,DEMO-CORR-FR-01,Azur Demo Recours (fictional)
DEMO-UK-0043,True,mock-insurance-v2,UK,EK18 SZH,EK18SZH,Toyota,Yaris,black,DEMO-UK-INS-02,Westhaven Demo Motor (fictional),Conducteur fictif UK 0043,conducteur-uk-0043@example.test,Gestionnaire fictif DEMO-UK-INS-02,sinistres@demo-uk-ins-02.test,DEMO-UK-POL-0043,2026-01-01,2026-12-31,DEMO-CORR-FR-02,Loire Demo Recours (fictional)
DEMO-UK-0044,True,mock-insurance-v2,UK,HD22 LNP,HD22LNP,Peugeot,208,silver,DEMO-UK-INS-03,Birchwood Demo Cover (fictional),Conducteur fictif UK 0044,conducteur-uk-0044@example.test,Gestionnaire fictif DEMO-UK-INS-03,sinistres@demo-uk-ins-03.test,DEMO-UK-POL-0044,2026-01-01,2026-12-31,DEMO-CORR-FR-03,Alpes Demo Recours (fictional)
DEMO-UK-0045,True,mock-insurance-v2,UK,ZH75 MPS,ZH75MPS,Renault,Clio,blue,DEMO-UK-INS-04,Meadowbrook Demo Auto (fictional),Conducteur fictif UK 0045,conducteur-uk-0045@example.test,Gestionnaire fictif DEMO-UK-INS-04,sinistres@demo-uk-ins-04.test,DEMO-UK-POL-0045,2026-01-01,2026-12-31,DEMO-CORR-FR-04,Rivage Demo Recours (fictional)
DEMO-UK-0046,True,mock-insurance-v2,UK,PG25 YVE,PG25YVE,Ford,Focus,blue,DEMO-UK-INS-00,Northbridge Demo Motor (fictional),Conducteur fictif UK 0046,conducteur-uk-0046@example.test,Gestionnaire fictif DEMO-UK-INS-00,sinistres@demo-uk-ins-00.test,DEMO-UK-POL-0046,2026-01-01,2026-12-31,DEMO-CORR-FR-00,Hexagone Demo Recours (fictional)
DEMO-UK-0047,True,mock-insurance-v2,UK,XL18 DNT,XL18DNT,BMW,3 Series,grey,DEMO-UK-INS-01,Oakfield Demo Insurance (fictional),Conducteur fictif UK 0047,conducteur-uk-0047@example.test,Gestionnaire fictif DEMO-UK-INS-01,sinistres@demo-uk-ins-01.test,DEMO-UK-POL-0047,2026-01-01,2026-12-31,DEMO-CORR-FR-01,Azur Demo Recours (fictional)
DEMO-UK-0048,True,mock-insurance-v2,UK,MA21 SWZ,MA21SWZ,BMW,3 Series,white,DEMO-UK-INS-02,Westhaven Demo Motor (fictional),Conducteur fictif UK 0048,conducteur-uk-0048@example.test,Gestionnaire fictif DEMO-UK-INS-02,sinistres@demo-uk-ins-02.test,DEMO-UK-POL-0048,2026-01-01,2026-12-31,DEMO-CORR-FR-02,Loire Demo Recours (fictional)
DEMO-UK-0049,True,mock-insurance-v2,UK,TY15 HSM,TY15HSM,Toyota,Yaris,red,DEMO-UK-INS-03,Birchwood Demo Cover (fictional),Conducteur fictif UK 0049,conducteur-uk-0049@example.test,Gestionnaire fictif DEMO-UK-INS-03,sinistres@demo-uk-ins-03.test,DEMO-UK-POL-0049,2026-01-01,2026-12-31,DEMO-CORR-FR-03,Alpes Demo Recours (fictional)
DEMO-UK-0050,True,mock-insurance-v2,UK,HX75 SYS,HX75SYS,Ford,Focus,blue,DEMO-UK-INS-04,Meadowbrook Demo Auto (fictional),Conducteur fictif UK 0050,conducteur-uk-0050@example.test,Gestionnaire fictif DEMO-UK-INS-04,sinistres@demo-uk-ins-04.test,DEMO-UK-POL-0050,2026-01-01,2026-12-31,DEMO-CORR-FR-04,Rivage Demo Recours (fictional)
DEMO-UK-0051,True,mock-insurance-v2,UK,XV12 BMZ,XV12BMZ,Toyota,Yaris,black,DEMO-UK-INS-00,Northbridge Demo Motor (fictional),Conducteur fictif UK 0051,conducteur-uk-0051@example.test,Gestionnaire fictif DEMO-UK-INS-00,sinistres@demo-uk-ins-00.test,DEMO-UK-POL-0051,2026-01-01,2026-12-31,DEMO-CORR-FR-00,Hexagone Demo Recours (fictional)
DEMO-UK-0052,True,mock-insurance-v2,UK,ZY73 AGC,ZY73AGC,Volkswagen,Golf,black,DEMO-UK-INS-01,Oakfield Demo Insurance (fictional),Conducteur fictif UK 0052,conducteur-uk-0052@example.test,Gestionnaire fictif DEMO-UK-INS-01,sinistres@demo-uk-ins-01.test,DEMO-UK-POL-0052,2026-01-01,2026-12-31,DEMO-CORR-FR-01,Azur Demo Recours (fictional)
DEMO-UK-0053,True,mock-insurance-v2,UK,JP18 FPD,JP18FPD,Toyota,Yaris,silver,DEMO-UK-INS-02,Westhaven Demo Motor (fictional),Conducteur fictif UK 0053,conducteur-uk-0053@example.test,Gestionnaire fictif DEMO-UK-INS-02,sinistres@demo-uk-ins-02.test,DEMO-UK-POL-0053,2026-01-01,2026-12-31,DEMO-CORR-FR-02,Loire Demo Recours (fictional)
DEMO-UK-0054,True,mock-insurance-v2,UK,JF25 JSD,JF25JSD,Volkswagen,Golf,silver,DEMO-UK-INS-03,Birchwood Demo Cover (fictional),Conducteur fictif UK 0054,conducteur-uk-0054@example.test,Gestionnaire fictif DEMO-UK-INS-03,sinistres@demo-uk-ins-03.test,DEMO-UK-POL-0054,2026-01-01,2026-12-31,DEMO-CORR-FR-03,Alpes Demo Recours (fictional)
DEMO-UK-0055,True,mock-insurance-v2,UK,BR20 PKZ,BR20PKZ,BMW,3 Series,red,DEMO-UK-INS-04,Meadowbrook Demo Auto (fictional),Conducteur fictif UK 0055,conducteur-uk-0055@example.test,Gestionnaire fictif DEMO-UK-INS-04,sinistres@demo-uk-ins-04.test,DEMO-UK-POL-0055,2026-01-01,2026-12-31,DEMO-CORR-FR-04,Rivage Demo Recours (fictional)
DEMO-UK-0056,True,mock-insurance-v2,UK,AY65 EWD,AY65EWD,Volkswagen,Golf,white,DEMO-UK-INS-00,Northbridge Demo Motor (fictional),Conducteur fictif UK 0056,conducteur-uk-0056@example.test,Gestionnaire fictif DEMO-UK-INS-00,sinistres@demo-uk-ins-00.test,DEMO-UK-POL-0056,2026-01-01,2026-12-31,DEMO-CORR-FR-00,Hexagone Demo Recours (fictional)
DEMO-UK-0057,True,mock-insurance-v2,UK,XA62 FKF,XA62FKF,Volkswagen,Golf,white,DEMO-UK-INS-01,Oakfield Demo Insurance (fictional),Conducteur fictif UK 0057,conducteur-uk-0057@example.test,Gestionnaire fictif DEMO-UK-INS-01,sinistres@demo-uk-ins-01.test,DEMO-UK-POL-0057,2026-01-01,2026-12-31,DEMO-CORR-FR-01,Azur Demo Recours (fictional)
DEMO-UK-0058,True,mock-insurance-v2,UK,CZ62 KXD,CZ62KXD,Ford,Focus,silver,DEMO-UK-INS-02,Westhaven Demo Motor (fictional),Conducteur fictif UK 0058,conducteur-uk-0058@example.test,Gestionnaire fictif DEMO-UK-INS-02,sinistres@demo-uk-ins-02.test,DEMO-UK-POL-0058,2026-01-01,2026-12-31,DEMO-CORR-FR-02,Loire Demo Recours (fictional)
DEMO-UK-0059,True,mock-insurance-v2,UK,CS74 ZRA,CS74ZRA,Peugeot,208,blue,DEMO-UK-INS-03,Birchwood Demo Cover (fictional),Conducteur fictif UK 0059,conducteur-uk-0059@example.test,Gestionnaire fictif DEMO-UK-INS-03,sinistres@demo-uk-ins-03.test,DEMO-UK-POL-0059,2026-01-01,2026-12-31,DEMO-CORR-FR-03,Alpes Demo Recours (fictional)
DEMO-UK-0060,True,mock-insurance-v2,UK,GP21 CHL,GP21CHL,Ford,Focus,blue,DEMO-UK-INS-04,Meadowbrook Demo Auto (fictional),Conducteur fictif UK 0060,conducteur-uk-0060@example.test,Gestionnaire fictif DEMO-UK-INS-04,sinistres@demo-uk-ins-04.test,DEMO-UK-POL-0060,2026-01-01,2026-12-31,DEMO-CORR-FR-04,Rivage Demo Recours (fictional)
DEMO-UK-0061,True,mock-insurance-v2,UK,XR68 YCZ,XR68YCZ,Renault,Clio,black,DEMO-UK-INS-00,Northbridge Demo Motor (fictional),Conducteur fictif UK 0061,conducteur-uk-0061@example.test,Gestionnaire fictif DEMO-UK-INS-00,sinistres@demo-uk-ins-00.test,DEMO-UK-POL-0061,2026-01-01,2026-12-31,DEMO-CORR-FR-00,Hexagone Demo Recours (fictional)
DEMO-UK-0062,True,mock-insurance-v2,UK,LA71 XKP,LA71XKP,BMW,3 Series,grey,DEMO-UK-INS-01,Oakfield Demo Insurance (fictional),Conducteur fictif UK 0062,conducteur-uk-0062@example.test,Gestionnaire fictif DEMO-UK-INS-01,sinistres@demo-uk-ins-01.test,DEMO-UK-POL-0062,2026-01-01,2026-12-31,DEMO-CORR-FR-01,Azur Demo Recours (fictional)
DEMO-UK-0063,True,mock-insurance-v2,UK,CX22 LWV,CX22LWV,Peugeot,208,grey,DEMO-UK-INS-02,Westhaven Demo Motor (fictional),Conducteur fictif UK 0063,conducteur-uk-0063@example.test,Gestionnaire fictif DEMO-UK-INS-02,sinistres@demo-uk-ins-02.test,DEMO-UK-POL-0063,2026-01-01,2026-12-31,DEMO-CORR-FR-02,Loire Demo Recours (fictional)
DEMO-UK-0064,True,mock-insurance-v2,UK,BG70 PZZ,BG70PZZ,Renault,Clio,red,DEMO-UK-INS-03,Birchwood Demo Cover (fictional),Conducteur fictif UK 0064,conducteur-uk-0064@example.test,Gestionnaire fictif DEMO-UK-INS-03,sinistres@demo-uk-ins-03.test,DEMO-UK-POL-0064,2026-01-01,2026-12-31,DEMO-CORR-FR-03,Alpes Demo Recours (fictional)
DEMO-UK-0065,True,mock-insurance-v2,UK,WT70 LWS,WT70LWS,Volkswagen,Golf,black,DEMO-UK-INS-04,Meadowbrook Demo Auto (fictional),Conducteur fictif UK 0065,conducteur-uk-0065@example.test,Gestionnaire fictif DEMO-UK-INS-04,sinistres@demo-uk-ins-04.test,DEMO-UK-POL-0065,2026-01-01,2026-12-31,DEMO-CORR-FR-04,Rivage Demo Recours (fictional)
DEMO-UK-0066,True,mock-insurance-v2,UK,CB68 BFA,CB68BFA,BMW,3 Series,black,DEMO-UK-INS-00,Northbridge Demo Motor (fictional),Conducteur fictif UK 0066,conducteur-uk-0066@example.test,Gestionnaire fictif DEMO-UK-INS-00,sinistres@demo-uk-ins-00.test,DEMO-UK-POL-0066,2026-01-01,2026-12-31,DEMO-CORR-FR-00,Hexagone Demo Recours (fictional)
DEMO-UK-0067,True,mock-insurance-v2,UK,LA22 XNP,LA22XNP,Volkswagen,Golf,black,DEMO-UK-INS-01,Oakfield Demo Insurance (fictional),Conducteur fictif UK 0067,conducteur-uk-0067@example.test,Gestionnaire fictif DEMO-UK-INS-01,sinistres@demo-uk-ins-01.test,DEMO-UK-POL-0067,2026-01-01,2026-12-31,DEMO-CORR-FR-01,Azur Demo Recours (fictional)
DEMO-UK-0068,True,mock-insurance-v2,UK,EJ25 TDH,EJ25TDH,Toyota,Yaris,black,DEMO-UK-INS-02,Westhaven Demo Motor (fictional),Conducteur fictif UK 0068,conducteur-uk-0068@example.test,Gestionnaire fictif DEMO-UK-INS-02,sinistres@demo-uk-ins-02.test,DEMO-UK-POL-0068,2026-01-01,2026-12-31,DEMO-CORR-FR-02,Loire Demo Recours (fictional)
DEMO-UK-0069,True,mock-insurance-v2,UK,SL62 ETL,SL62ETL,Volkswagen,Golf,white,DEMO-UK-INS-03,Birchwood Demo Cover (fictional),Conducteur fictif UK 0069,conducteur-uk-0069@example.test,Gestionnaire fictif DEMO-UK-INS-03,sinistres@demo-uk-ins-03.test,DEMO-UK-POL-0069,2026-01-01,2026-12-31,DEMO-CORR-FR-03,Alpes Demo Recours (fictional)
DEMO-UK-0070,True,mock-insurance-v2,UK,MW71 JLR,MW71JLR,Renault,Clio,black,DEMO-UK-INS-04,Meadowbrook Demo Auto (fictional),Conducteur fictif UK 0070,conducteur-uk-0070@example.test,Gestionnaire fictif DEMO-UK-INS-04,sinistres@demo-uk-ins-04.test,DEMO-UK-POL-0070,2026-01-01,2026-12-31,DEMO-CORR-FR-04,Rivage Demo Recours (fictional)
DEMO-UK-0071,True,mock-insurance-v2,UK,NF65 ABZ,NF65ABZ,Peugeot,208,silver,DEMO-UK-INS-00,Northbridge Demo Motor (fictional),Conducteur fictif UK 0071,conducteur-uk-0071@example.test,Gestionnaire fictif DEMO-UK-INS-00,sinistres@demo-uk-ins-00.test,DEMO-UK-POL-0071,2026-01-01,2026-12-31,DEMO-CORR-FR-00,Hexagone Demo Recours (fictional)
DEMO-UK-0072,True,mock-insurance-v2,UK,CZ74 CWK,CZ74CWK,Peugeot,208,grey,DEMO-UK-INS-01,Oakfield Demo Insurance (fictional),Conducteur fictif UK 0072,conducteur-uk-0072@example.test,Gestionnaire fictif DEMO-UK-INS-01,sinistres@demo-uk-ins-01.test,DEMO-UK-POL-0072,2026-01-01,2026-12-31,DEMO-CORR-FR-01,Azur Demo Recours (fictional)
DEMO-UK-0073,True,mock-insurance-v2,UK,RF72 NVJ,RF72NVJ,Toyota,Yaris,white,DEMO-UK-INS-02,Westhaven Demo Motor (fictional),Conducteur fictif UK 0073,conducteur-uk-0073@example.test,Gestionnaire fictif DEMO-UK-INS-02,sinistres@demo-uk-ins-02.test,DEMO-UK-POL-0073,2026-01-01,2026-12-31,DEMO-CORR-FR-02,Loire Demo Recours (fictional)
DEMO-UK-0074,True,mock-insurance-v2,UK,PY18 PCA,PY18PCA,Toyota,Yaris,red,DEMO-UK-INS-03,Birchwood Demo Cover (fictional),Conducteur fictif UK 0074,conducteur-uk-0074@example.test,Gestionnaire fictif DEMO-UK-INS-03,sinistres@demo-uk-ins-03.test,DEMO-UK-POL-0074,2026-01-01,2026-12-31,DEMO-CORR-FR-03,Alpes Demo Recours (fictional)
DEMO-UK-0075,True,mock-insurance-v2,UK,SV15 MTW,SV15MTW,Renault,Clio,red,DEMO-UK-INS-04,Meadowbrook Demo Auto (fictional),Conducteur fictif UK 0075,conducteur-uk-0075@example.test,Gestionnaire fictif DEMO-UK-INS-04,sinistres@demo-uk-ins-04.test,DEMO-UK-POL-0075,2026-01-01,2026-12-31,DEMO-CORR-FR-04,Rivage Demo Recours (fictional)
DEMO-UK-0076,True,mock-insurance-v2,UK,WD74 VRK,WD74VRK,Ford,Focus,grey,DEMO-UK-INS-00,Northbridge Demo Motor (fictional),Conducteur fictif UK 0076,conducteur-uk-0076@example.test,Gestionnaire fictif DEMO-UK-INS-00,sinistres@demo-uk-ins-00.test,DEMO-UK-POL-0076,2026-01-01,2026-12-31,DEMO-CORR-FR-00,Hexagone Demo Recours (fictional)
DEMO-UK-0077,True,mock-insurance-v2,UK,WH74 SFW,WH74SFW,Ford,Focus,red,DEMO-UK-INS-01,Oakfield Demo Insurance (fictional),Conducteur fictif UK 0077,conducteur-uk-0077@example.test,Gestionnaire fictif DEMO-UK-INS-01,sinistres@demo-uk-ins-01.test,DEMO-UK-POL-0077,2026-01-01,2026-12-31,DEMO-CORR-FR-01,Azur Demo Recours (fictional)
DEMO-UK-0078,True,mock-insurance-v2,UK,RM18 MRV,RM18MRV,Renault,Clio,black,DEMO-UK-INS-02,Westhaven Demo Motor (fictional),Conducteur fictif UK 0078,conducteur-uk-0078@example.test,Gestionnaire fictif DEMO-UK-INS-02,sinistres@demo-uk-ins-02.test,DEMO-UK-POL-0078,2026-01-01,2026-12-31,DEMO-CORR-FR-02,Loire Demo Recours (fictional)
DEMO-UK-0079,True,mock-insurance-v2,UK,AP71 MJD,AP71MJD,Volkswagen,Golf,red,DEMO-UK-INS-03,Birchwood Demo Cover (fictional),Conducteur fictif UK 0079,conducteur-uk-0079@example.test,Gestionnaire fictif DEMO-UK-INS-03,sinistres@demo-uk-ins-03.test,DEMO-UK-POL-0079,2026-01-01,2026-12-31,DEMO-CORR-FR-03,Alpes Demo Recours (fictional)
DEMO-UK-0080,True,mock-insurance-v2,UK,DL21 YKF,DL21YKF,Renault,Clio,silver,DEMO-UK-INS-04,Meadowbrook Demo Auto (fictional),Conducteur fictif UK 0080,conducteur-uk-0080@example.test,Gestionnaire fictif DEMO-UK-INS-04,sinistres@demo-uk-ins-04.test,DEMO-UK-POL-0080,2026-01-01,2026-12-31,DEMO-CORR-FR-04,Rivage Demo Recours (fictional)
DEMO-UK-0081,True,mock-insurance-v2,UK,PP65 PFL,PP65PFL,BMW,3 Series,grey,DEMO-UK-INS-00,Northbridge Demo Motor (fictional),Conducteur fictif UK 0081,conducteur-uk-0081@example.test,Gestionnaire fictif DEMO-UK-INS-00,sinistres@demo-uk-ins-00.test,DEMO-UK-POL-0081,2026-01-01,2026-12-31,DEMO-CORR-FR-00,Hexagone Demo Recours (fictional)
DEMO-UK-0082,True,mock-insurance-v2,UK,FZ73 LAM,FZ73LAM,Toyota,Yaris,silver,DEMO-UK-INS-01,Oakfield Demo Insurance (fictional),Conducteur fictif UK 0082,conducteur-uk-0082@example.test,Gestionnaire fictif DEMO-UK-INS-01,sinistres@demo-uk-ins-01.test,DEMO-UK-POL-0082,2026-01-01,2026-12-31,DEMO-CORR-FR-01,Azur Demo Recours (fictional)
DEMO-UK-0083,True,mock-insurance-v2,UK,YF62 XHE,YF62XHE,BMW,3 Series,blue,DEMO-UK-INS-02,Westhaven Demo Motor (fictional),Conducteur fictif UK 0083,conducteur-uk-0083@example.test,Gestionnaire fictif DEMO-UK-INS-02,sinistres@demo-uk-ins-02.test,DEMO-UK-POL-0083,2026-01-01,2026-12-31,DEMO-CORR-FR-02,Loire Demo Recours (fictional)
DEMO-UK-0084,True,mock-insurance-v2,UK,XL68 KYT,XL68KYT,Ford,Focus,red,DEMO-UK-INS-03,Birchwood Demo Cover (fictional),Conducteur fictif UK 0084,conducteur-uk-0084@example.test,Gestionnaire fictif DEMO-UK-INS-03,sinistres@demo-uk-ins-03.test,DEMO-UK-POL-0084,2026-01-01,2026-12-31,DEMO-CORR-FR-03,Alpes Demo Recours (fictional)
DEMO-UK-0085,True,mock-insurance-v2,UK,DF22 JEW,DF22JEW,BMW,3 Series,blue,DEMO-UK-INS-04,Meadowbrook Demo Auto (fictional),Conducteur fictif UK 0085,conducteur-uk-0085@example.test,Gestionnaire fictif DEMO-UK-INS-04,sinistres@demo-uk-ins-04.test,DEMO-UK-POL-0085,2026-01-01,2026-12-31,DEMO-CORR-FR-04,Rivage Demo Recours (fictional)
DEMO-UK-0086,True,mock-insurance-v2,UK,VC75 KTE,VC75KTE,Volkswagen,Golf,white,DEMO-UK-INS-00,Northbridge Demo Motor (fictional),Conducteur fictif UK 0086,conducteur-uk-0086@example.test,Gestionnaire fictif DEMO-UK-INS-00,sinistres@demo-uk-ins-00.test,DEMO-UK-POL-0086,2026-01-01,2026-12-31,DEMO-CORR-FR-00,Hexagone Demo Recours (fictional)
DEMO-UK-0087,True,mock-insurance-v2,UK,PN73 VLD,PN73VLD,Renault,Clio,grey,DEMO-UK-INS-01,Oakfield Demo Insurance (fictional),Conducteur fictif UK 0087,conducteur-uk-0087@example.test,Gestionnaire fictif DEMO-UK-INS-01,sinistres@demo-uk-ins-01.test,DEMO-UK-POL-0087,2026-01-01,2026-12-31,DEMO-CORR-FR-01,Azur Demo Recours (fictional)
DEMO-UK-0088,True,mock-insurance-v2,UK,SS18 DSN,SS18DSN,Peugeot,208,red,DEMO-UK-INS-02,Westhaven Demo Motor (fictional),Conducteur fictif UK 0088,conducteur-uk-0088@example.test,Gestionnaire fictif DEMO-UK-INS-02,sinistres@demo-uk-ins-02.test,DEMO-UK-POL-0088,2026-01-01,2026-12-31,DEMO-CORR-FR-02,Loire Demo Recours (fictional)
DEMO-UK-0089,True,mock-insurance-v2,UK,PH73 SDR,PH73SDR,Peugeot,208,white,DEMO-UK-INS-03,Birchwood Demo Cover (fictional),Conducteur fictif UK 0089,conducteur-uk-0089@example.test,Gestionnaire fictif DEMO-UK-INS-03,sinistres@demo-uk-ins-03.test,DEMO-UK-POL-0089,2026-01-01,2026-12-31,DEMO-CORR-FR-03,Alpes Demo Recours (fictional)
DEMO-UK-0090,True,mock-insurance-v2,UK,CB74 WVN,CB74WVN,Ford,Focus,red,DEMO-UK-INS-04,Meadowbrook Demo Auto (fictional),Conducteur fictif UK 0090,conducteur-uk-0090@example.test,Gestionnaire fictif DEMO-UK-INS-04,sinistres@demo-uk-ins-04.test,DEMO-UK-POL-0090,2026-01-01,2026-12-31,DEMO-CORR-FR-04,Rivage Demo Recours (fictional)
DEMO-UK-0091,True,mock-insurance-v2,UK,DV25 YLV,DV25YLV,Renault,Clio,blue,DEMO-UK-INS-00,Northbridge Demo Motor (fictional),Conducteur fictif UK 0091,conducteur-uk-0091@example.test,Gestionnaire fictif DEMO-UK-INS-00,sinistres@demo-uk-ins-00.test,DEMO-UK-POL-0091,2026-01-01,2026-12-31,DEMO-CORR-FR-00,Hexagone Demo Recours (fictional)
DEMO-UK-0092,True,mock-insurance-v2,UK,AA20 SLW,AA20SLW,Toyota,Yaris,silver,DEMO-UK-INS-01,Oakfield Demo Insurance (fictional),Conducteur fictif UK 0092,conducteur-uk-0092@example.test,Gestionnaire fictif DEMO-UK-INS-01,sinistres@demo-uk-ins-01.test,DEMO-UK-POL-0092,2026-01-01,2026-12-31,DEMO-CORR-FR-01,Azur Demo Recours (fictional)
DEMO-UK-0093,True,mock-insurance-v2,UK,CH74 FXH,CH74FXH,BMW,3 Series,red,DEMO-UK-INS-02,Westhaven Demo Motor (fictional),Conducteur fictif UK 0093,conducteur-uk-0093@example.test,Gestionnaire fictif DEMO-UK-INS-02,sinistres@demo-uk-ins-02.test,DEMO-UK-POL-0093,2026-01-01,2026-12-31,DEMO-CORR-FR-02,Loire Demo Recours (fictional)
DEMO-UK-0094,True,mock-insurance-v2,UK,RF23 TDT,RF23TDT,Renault,Clio,red,DEMO-UK-INS-03,Birchwood Demo Cover (fictional),Conducteur fictif UK 0094,conducteur-uk-0094@example.test,Gestionnaire fictif DEMO-UK-INS-03,sinistres@demo-uk-ins-03.test,DEMO-UK-POL-0094,2026-01-01,2026-12-31,DEMO-CORR-FR-03,Alpes Demo Recours (fictional)
DEMO-UK-0095,True,mock-insurance-v2,UK,KH25 APF,KH25APF,BMW,3 Series,white,DEMO-UK-INS-04,Meadowbrook Demo Auto (fictional),Conducteur fictif UK 0095,conducteur-uk-0095@example.test,Gestionnaire fictif DEMO-UK-INS-04,sinistres@demo-uk-ins-04.test,DEMO-UK-POL-0095,2026-01-01,2026-12-31,DEMO-CORR-FR-04,Rivage Demo Recours (fictional)
DEMO-UK-0096,True,mock-insurance-v2,UK,DN75 XFV,DN75XFV,Peugeot,208,white,DEMO-UK-INS-00,Northbridge Demo Motor (fictional),Conducteur fictif UK 0096,conducteur-uk-0096@example.test,Gestionnaire fictif DEMO-UK-INS-00,sinistres@demo-uk-ins-00.test,DEMO-UK-POL-0096,2026-01-01,2026-12-31,DEMO-CORR-FR-00,Hexagone Demo Recours (fictional)
DEMO-UK-0097,True,mock-insurance-v2,UK,DE73 MRY,DE73MRY,Renault,Clio,blue,DEMO-UK-INS-01,Oakfield Demo Insurance (fictional),Conducteur fictif UK 0097,conducteur-uk-0097@example.test,Gestionnaire fictif DEMO-UK-INS-01,sinistres@demo-uk-ins-01.test,DEMO-UK-POL-0097,2026-01-01,2026-12-31,DEMO-CORR-FR-01,Azur Demo Recours (fictional)
DEMO-UK-0098,True,mock-insurance-v2,UK,GJ18 CXE,GJ18CXE,Renault,Clio,blue,DEMO-UK-INS-02,Westhaven Demo Motor (fictional),Conducteur fictif UK 0098,conducteur-uk-0098@example.test,Gestionnaire fictif DEMO-UK-INS-02,sinistres@demo-uk-ins-02.test,DEMO-UK-POL-0098,2026-01-01,2026-12-31,DEMO-CORR-FR-02,Loire Demo Recours (fictional)
DEMO-UK-0099,True,mock-insurance-v2,UK,KK68 LSH,KK68LSH,Ford,Focus,silver,DEMO-UK-INS-03,Birchwood Demo Cover (fictional),Conducteur fictif UK 0099,conducteur-uk-0099@example.test,Gestionnaire fictif DEMO-UK-INS-03,sinistres@demo-uk-ins-03.test,DEMO-UK-POL-0099,2026-01-01,2026-12-31,DEMO-CORR-FR-03,Alpes Demo Recours (fictional)
DEMO-UK-0100,True,mock-insurance-v2,UK,XG62 KHR,XG62KHR,BMW,3 Series,blue,DEMO-UK-INS-04,Meadowbrook Demo Auto (fictional),Conducteur fictif UK 0100,conducteur-uk-0100@example.test,Gestionnaire fictif DEMO-UK-INS-04,sinistres@demo-uk-ins-04.test,DEMO-UK-POL-0100,2026-01-01,2026-12-31,DEMO-CORR-FR-04,Rivage Demo Recours (fictional)
DEMO-UK-0101,True,mock-insurance-v2,UK,KB24 XKG,KB24XKG,Peugeot,208,grey,DEMO-UK-INS-00,Northbridge Demo Motor (fictional),Conducteur fictif UK 0101,conducteur-uk-0101@example.test,Gestionnaire fictif DEMO-UK-INS-00,sinistres@demo-uk-ins-00.test,DEMO-UK-POL-0101,2026-01-01,2026-12-31,DEMO-CORR-FR-00,Hexagone Demo Recours (fictional)
DEMO-UK-0102,True,mock-insurance-v2,UK,HF72 SRD,HF72SRD,Toyota,Yaris,red,DEMO-UK-INS-01,Oakfield Demo Insurance (fictional),Conducteur fictif UK 0102,conducteur-uk-0102@example.test,Gestionnaire fictif DEMO-UK-INS-01,sinistres@demo-uk-ins-01.test,DEMO-UK-POL-0102,2026-01-01,2026-12-31,DEMO-CORR-FR-01,Azur Demo Recours (fictional)
DEMO-UK-0103,True,mock-insurance-v2,UK,FA20 ZXW,FA20ZXW,Peugeot,208,red,DEMO-UK-INS-02,Westhaven Demo Motor (fictional),Conducteur fictif UK 0103,conducteur-uk-0103@example.test,Gestionnaire fictif DEMO-UK-INS-02,sinistres@demo-uk-ins-02.test,DEMO-UK-POL-0103,2026-01-01,2026-12-31,DEMO-CORR-FR-02,Loire Demo Recours (fictional)
DEMO-UK-0104,True,mock-insurance-v2,UK,KS62 CXX,KS62CXX,BMW,3 Series,silver,DEMO-UK-INS-03,Birchwood Demo Cover (fictional),Conducteur fictif UK 0104,conducteur-uk-0104@example.test,Gestionnaire fictif DEMO-UK-INS-03,sinistres@demo-uk-ins-03.test,DEMO-UK-POL-0104,2026-01-01,2026-12-31,DEMO-CORR-FR-03,Alpes Demo Recours (fictional)
DEMO-UK-0105,True,mock-insurance-v2,UK,JE71 DSZ,JE71DSZ,Volkswagen,Golf,black,DEMO-UK-INS-04,Meadowbrook Demo Auto (fictional),Conducteur fictif UK 0105,conducteur-uk-0105@example.test,Gestionnaire fictif DEMO-UK-INS-04,sinistres@demo-uk-ins-04.test,DEMO-UK-POL-0105,2026-01-01,2026-12-31,DEMO-CORR-FR-04,Rivage Demo Recours (fictional)
DEMO-UK-0106,True,mock-insurance-v2,UK,CJ24 JSH,CJ24JSH,Toyota,Yaris,white,DEMO-UK-INS-00,Northbridge Demo Motor (fictional),Conducteur fictif UK 0106,conducteur-uk-0106@example.test,Gestionnaire fictif DEMO-UK-INS-00,sinistres@demo-uk-ins-00.test,DEMO-UK-POL-0106,2026-01-01,2026-12-31,DEMO-CORR-FR-00,Hexagone Demo Recours (fictional)
DEMO-UK-0107,True,mock-insurance-v2,UK,ET25 JKW,ET25JKW,Volkswagen,Golf,black,DEMO-UK-INS-01,Oakfield Demo Insurance (fictional),Conducteur fictif UK 0107,conducteur-uk-0107@example.test,Gestionnaire fictif DEMO-UK-INS-01,sinistres@demo-uk-ins-01.test,DEMO-UK-POL-0107,2026-01-01,2026-12-31,DEMO-CORR-FR-01,Azur Demo Recours (fictional)
DEMO-UK-0108,True,mock-insurance-v2,UK,YE75 BRZ,YE75BRZ,BMW,3 Series,black,DEMO-UK-INS-02,Westhaven Demo Motor (fictional),Conducteur fictif UK 0108,conducteur-uk-0108@example.test,Gestionnaire fictif DEMO-UK-INS-02,sinistres@demo-uk-ins-02.test,DEMO-UK-POL-0108,2026-01-01,2026-12-31,DEMO-CORR-FR-02,Loire Demo Recours (fictional)
DEMO-UK-0109,True,mock-insurance-v2,UK,DS68 JSM,DS68JSM,Ford,Focus,white,DEMO-UK-INS-03,Birchwood Demo Cover (fictional),Conducteur fictif UK 0109,conducteur-uk-0109@example.test,Gestionnaire fictif DEMO-UK-INS-03,sinistres@demo-uk-ins-03.test,DEMO-UK-POL-0109,2026-01-01,2026-12-31,DEMO-CORR-FR-03,Alpes Demo Recours (fictional)
DEMO-UK-0110,True,mock-insurance-v2,UK,RR62 HNG,RR62HNG,Ford,Focus,grey,DEMO-UK-INS-04,Meadowbrook Demo Auto (fictional),Conducteur fictif UK 0110,conducteur-uk-0110@example.test,Gestionnaire fictif DEMO-UK-INS-04,sinistres@demo-uk-ins-04.test,DEMO-UK-POL-0110,2026-01-01,2026-12-31,DEMO-CORR-FR-04,Rivage Demo Recours (fictional)
DEMO-UK-0111,True,mock-insurance-v2,UK,EV73 DXL,EV73DXL,Ford,Focus,silver,DEMO-UK-INS-00,Northbridge Demo Motor (fictional),Conducteur fictif UK 0111,conducteur-uk-0111@example.test,Gestionnaire fictif DEMO-UK-INS-00,sinistres@demo-uk-ins-00.test,DEMO-UK-POL-0111,2026-01-01,2026-12-31,DEMO-CORR-FR-00,Hexagone Demo Recours (fictional)
DEMO-UK-0112,True,mock-insurance-v2,UK,PE65 RNN,PE65RNN,Volkswagen,Golf,grey,DEMO-UK-INS-01,Oakfield Demo Insurance (fictional),Conducteur fictif UK 0112,conducteur-uk-0112@example.test,Gestionnaire fictif DEMO-UK-INS-01,sinistres@demo-uk-ins-01.test,DEMO-UK-POL-0112,2026-01-01,2026-12-31,DEMO-CORR-FR-01,Azur Demo Recours (fictional)
DEMO-UK-0113,True,mock-insurance-v2,UK,EF21 FWG,EF21FWG,Renault,Clio,blue,DEMO-UK-INS-02,Westhaven Demo Motor (fictional),Conducteur fictif UK 0113,conducteur-uk-0113@example.test,Gestionnaire fictif DEMO-UK-INS-02,sinistres@demo-uk-ins-02.test,DEMO-UK-POL-0113,2026-01-01,2026-12-31,DEMO-CORR-FR-02,Loire Demo Recours (fictional)
DEMO-UK-0114,True,mock-insurance-v2,UK,WM71 HGK,WM71HGK,Peugeot,208,grey,DEMO-UK-INS-03,Birchwood Demo Cover (fictional),Conducteur fictif UK 0114,conducteur-uk-0114@example.test,Gestionnaire fictif DEMO-UK-INS-03,sinistres@demo-uk-ins-03.test,DEMO-UK-POL-0114,2026-01-01,2026-12-31,DEMO-CORR-FR-03,Alpes Demo Recours (fictional)
DEMO-UK-0115,True,mock-insurance-v2,UK,KR71 GLY,KR71GLY,Volkswagen,Golf,grey,DEMO-UK-INS-04,Meadowbrook Demo Auto (fictional),Conducteur fictif UK 0115,conducteur-uk-0115@example.test,Gestionnaire fictif DEMO-UK-INS-04,sinistres@demo-uk-ins-04.test,DEMO-UK-POL-0115,2026-01-01,2026-12-31,DEMO-CORR-FR-04,Rivage Demo Recours (fictional)
DEMO-UK-0116,True,mock-insurance-v2,UK,CF25 LFM,CF25LFM,BMW,3 Series,grey,DEMO-UK-INS-00,Northbridge Demo Motor (fictional),Conducteur fictif UK 0116,conducteur-uk-0116@example.test,Gestionnaire fictif DEMO-UK-INS-00,sinistres@demo-uk-ins-00.test,DEMO-UK-POL-0116,2026-01-01,2026-12-31,DEMO-CORR-FR-00,Hexagone Demo Recours (fictional)
DEMO-UK-0117,True,mock-insurance-v2,UK,NA12 JYG,NA12JYG,Ford,Focus,silver,DEMO-UK-INS-01,Oakfield Demo Insurance (fictional),Conducteur fictif UK 0117,conducteur-uk-0117@example.test,Gestionnaire fictif DEMO-UK-INS-01,sinistres@demo-uk-ins-01.test,DEMO-UK-POL-0117,2026-01-01,2026-12-31,DEMO-CORR-FR-01,Azur Demo Recours (fictional)
DEMO-UK-0118,True,mock-insurance-v2,UK,AF74 ENA,AF74ENA,Ford,Focus,red,DEMO-UK-INS-02,Westhaven Demo Motor (fictional),Conducteur fictif UK 0118,conducteur-uk-0118@example.test,Gestionnaire fictif DEMO-UK-INS-02,sinistres@demo-uk-ins-02.test,DEMO-UK-POL-0118,2026-01-01,2026-12-31,DEMO-CORR-FR-02,Loire Demo Recours (fictional)
DEMO-UK-0119,True,mock-insurance-v2,UK,VM74 XSZ,VM74XSZ,Toyota,Yaris,grey,DEMO-UK-INS-03,Birchwood Demo Cover (fictional),Conducteur fictif UK 0119,conducteur-uk-0119@example.test,Gestionnaire fictif DEMO-UK-INS-03,sinistres@demo-uk-ins-03.test,DEMO-UK-POL-0119,2026-01-01,2026-12-31,DEMO-CORR-FR-03,Alpes Demo Recours (fictional)
DEMO-UK-0120,True,mock-insurance-v2,UK,VG15 RDS,VG15RDS,Ford,Focus,blue,DEMO-UK-INS-04,Meadowbrook Demo Auto (fictional),Conducteur fictif UK 0120,conducteur-uk-0120@example.test,Gestionnaire fictif DEMO-UK-INS-04,sinistres@demo-uk-ins-04.test,DEMO-UK-POL-0120,2026-01-01,2026-12-31,DEMO-CORR-FR-04,Rivage Demo Recours (fictional)
DEMO-UK-0121,True,mock-insurance-v2,UK,VA24 TJB,VA24TJB,Renault,Clio,red,DEMO-UK-INS-00,Northbridge Demo Motor (fictional),Conducteur fictif UK 0121,conducteur-uk-0121@example.test,Gestionnaire fictif DEMO-UK-INS-00,sinistres@demo-uk-ins-00.test,DEMO-UK-POL-0121,2026-01-01,2026-12-31,DEMO-CORR-FR-00,Hexagone Demo Recours (fictional)
DEMO-UK-0122,True,mock-insurance-v2,UK,MY12 GZK,MY12GZK,Ford,Focus,silver,DEMO-UK-INS-01,Oakfield Demo Insurance (fictional),Conducteur fictif UK 0122,conducteur-uk-0122@example.test,Gestionnaire fictif DEMO-UK-INS-01,sinistres@demo-uk-ins-01.test,DEMO-UK-POL-0122,2026-01-01,2026-12-31,DEMO-CORR-FR-01,Azur Demo Recours (fictional)
DEMO-UK-0123,True,mock-insurance-v2,UK,GR25 DAE,GR25DAE,Volkswagen,Golf,white,DEMO-UK-INS-02,Westhaven Demo Motor (fictional),Conducteur fictif UK 0123,conducteur-uk-0123@example.test,Gestionnaire fictif DEMO-UK-INS-02,sinistres@demo-uk-ins-02.test,DEMO-UK-POL-0123,2026-01-01,2026-12-31,DEMO-CORR-FR-02,Loire Demo Recours (fictional)
DEMO-UK-0124,True,mock-insurance-v2,UK,CN21 JKM,CN21JKM,Volkswagen,Golf,white,DEMO-UK-INS-03,Birchwood Demo Cover (fictional),Conducteur fictif UK 0124,conducteur-uk-0124@example.test,Gestionnaire fictif DEMO-UK-INS-03,sinistres@demo-uk-ins-03.test,DEMO-UK-POL-0124,2026-01-01,2026-12-31,DEMO-CORR-FR-03,Alpes Demo Recours (fictional)
DEMO-UK-0125,True,mock-insurance-v2,UK,EN74 GTK,EN74GTK,Renault,Clio,blue,DEMO-UK-INS-04,Meadowbrook Demo Auto (fictional),Conducteur fictif UK 0125,conducteur-uk-0125@example.test,Gestionnaire fictif DEMO-UK-INS-04,sinistres@demo-uk-ins-04.test,DEMO-UK-POL-0125,2026-01-01,2026-12-31,DEMO-CORR-FR-04,Rivage Demo Recours (fictional)
DEMO-UK-0126,True,mock-insurance-v2,UK,ML62 ACH,ML62ACH,BMW,3 Series,black,DEMO-UK-INS-00,Northbridge Demo Motor (fictional),Conducteur fictif UK 0126,conducteur-uk-0126@example.test,Gestionnaire fictif DEMO-UK-INS-00,sinistres@demo-uk-ins-00.test,DEMO-UK-POL-0126,2026-01-01,2026-12-31,DEMO-CORR-FR-00,Hexagone Demo Recours (fictional)
DEMO-UK-0127,True,mock-insurance-v2,UK,NJ23 DCX,NJ23DCX,BMW,3 Series,blue,DEMO-UK-INS-01,Oakfield Demo Insurance (fictional),Conducteur fictif UK 0127,conducteur-uk-0127@example.test,Gestionnaire fictif DEMO-UK-INS-01,sinistres@demo-uk-ins-01.test,DEMO-UK-POL-0127,2026-01-01,2026-12-31,DEMO-CORR-FR-01,Azur Demo Recours (fictional)
DEMO-UK-0128,True,mock-insurance-v2,UK,WV68 CLH,WV68CLH,Toyota,Yaris,black,DEMO-UK-INS-02,Westhaven Demo Motor (fictional),Conducteur fictif UK 0128,conducteur-uk-0128@example.test,Gestionnaire fictif DEMO-UK-INS-02,sinistres@demo-uk-ins-02.test,DEMO-UK-POL-0128,2026-01-01,2026-12-31,DEMO-CORR-FR-02,Loire Demo Recours (fictional)
DEMO-UK-0129,True,mock-insurance-v2,UK,TB62 PRB,TB62PRB,Peugeot,208,silver,DEMO-UK-INS-03,Birchwood Demo Cover (fictional),Conducteur fictif UK 0129,conducteur-uk-0129@example.test,Gestionnaire fictif DEMO-UK-INS-03,sinistres@demo-uk-ins-03.test,DEMO-UK-POL-0129,2026-01-01,2026-12-31,DEMO-CORR-FR-03,Alpes Demo Recours (fictional)
DEMO-UK-0130,True,mock-insurance-v2,UK,LS12 MKN,LS12MKN,Toyota,Yaris,blue,DEMO-UK-INS-04,Meadowbrook Demo Auto (fictional),Conducteur fictif UK 0130,conducteur-uk-0130@example.test,Gestionnaire fictif DEMO-UK-INS-04,sinistres@demo-uk-ins-04.test,DEMO-UK-POL-0130,2026-01-01,2026-12-31,DEMO-CORR-FR-04,Rivage Demo Recours (fictional)
DEMO-UK-0131,True,mock-insurance-v2,UK,PP22 YGV,PP22YGV,BMW,3 Series,blue,DEMO-UK-INS-00,Northbridge Demo Motor (fictional),Conducteur fictif UK 0131,conducteur-uk-0131@example.test,Gestionnaire fictif DEMO-UK-INS-00,sinistres@demo-uk-ins-00.test,DEMO-UK-POL-0131,2026-01-01,2026-12-31,DEMO-CORR-FR-00,Hexagone Demo Recours (fictional)
DEMO-UK-0132,True,mock-insurance-v2,UK,SZ20 VHX,SZ20VHX,Toyota,Yaris,red,DEMO-UK-INS-01,Oakfield Demo Insurance (fictional),Conducteur fictif UK 0132,conducteur-uk-0132@example.test,Gestionnaire fictif DEMO-UK-INS-01,sinistres@demo-uk-ins-01.test,DEMO-UK-POL-0132,2026-01-01,2026-12-31,DEMO-CORR-FR-01,Azur Demo Recours (fictional)
DEMO-UK-0133,True,mock-insurance-v2,UK,LA71 BVV,LA71BVV,Toyota,Yaris,blue,DEMO-UK-INS-02,Westhaven Demo Motor (fictional),Conducteur fictif UK 0133,conducteur-uk-0133@example.test,Gestionnaire fictif DEMO-UK-INS-02,sinistres@demo-uk-ins-02.test,DEMO-UK-POL-0133,2026-01-01,2026-12-31,DEMO-CORR-FR-02,Loire Demo Recours (fictional)
DEMO-UK-0134,True,mock-insurance-v2,UK,VS62 SCE,VS62SCE,Renault,Clio,grey,DEMO-UK-INS-03,Birchwood Demo Cover (fictional),Conducteur fictif UK 0134,conducteur-uk-0134@example.test,Gestionnaire fictif DEMO-UK-INS-03,sinistres@demo-uk-ins-03.test,DEMO-UK-POL-0134,2026-01-01,2026-12-31,DEMO-CORR-FR-03,Alpes Demo Recours (fictional)
DEMO-UK-0135,True,mock-insurance-v2,UK,PK71 XEW,PK71XEW,Toyota,Yaris,grey,DEMO-UK-INS-04,Meadowbrook Demo Auto (fictional),Conducteur fictif UK 0135,conducteur-uk-0135@example.test,Gestionnaire fictif DEMO-UK-INS-04,sinistres@demo-uk-ins-04.test,DEMO-UK-POL-0135,2026-01-01,2026-12-31,DEMO-CORR-FR-04,Rivage Demo Recours (fictional)
DEMO-UK-0136,True,mock-insurance-v2,UK,KM21 BHE,KM21BHE,Ford,Focus,grey,DEMO-UK-INS-00,Northbridge Demo Motor (fictional),Conducteur fictif UK 0136,conducteur-uk-0136@example.test,Gestionnaire fictif DEMO-UK-INS-00,sinistres@demo-uk-ins-00.test,DEMO-UK-POL-0136,2026-01-01,2026-12-31,DEMO-CORR-FR-00,Hexagone Demo Recours (fictional)
DEMO-UK-0137,True,mock-insurance-v2,UK,DG12 PYH,DG12PYH,Ford,Focus,grey,DEMO-UK-INS-01,Oakfield Demo Insurance (fictional),Conducteur fictif UK 0137,conducteur-uk-0137@example.test,Gestionnaire fictif DEMO-UK-INS-01,sinistres@demo-uk-ins-01.test,DEMO-UK-POL-0137,2026-01-01,2026-12-31,DEMO-CORR-FR-01,Azur Demo Recours (fictional)
DEMO-UK-0138,True,mock-insurance-v2,UK,TK68 FXA,TK68FXA,BMW,3 Series,black,DEMO-UK-INS-02,Westhaven Demo Motor (fictional),Conducteur fictif UK 0138,conducteur-uk-0138@example.test,Gestionnaire fictif DEMO-UK-INS-02,sinistres@demo-uk-ins-02.test,DEMO-UK-POL-0138,2026-01-01,2026-12-31,DEMO-CORR-FR-02,Loire Demo Recours (fictional)
DEMO-UK-0139,True,mock-insurance-v2,UK,AF22 JGW,AF22JGW,Toyota,Yaris,red,DEMO-UK-INS-03,Birchwood Demo Cover (fictional),Conducteur fictif UK 0139,conducteur-uk-0139@example.test,Gestionnaire fictif DEMO-UK-INS-03,sinistres@demo-uk-ins-03.test,DEMO-UK-POL-0139,2026-01-01,2026-12-31,DEMO-CORR-FR-03,Alpes Demo Recours (fictional)
DEMO-UK-0140,True,mock-insurance-v2,UK,EE74 JHC,EE74JHC,Toyota,Yaris,red,DEMO-UK-INS-04,Meadowbrook Demo Auto (fictional),Conducteur fictif UK 0140,conducteur-uk-0140@example.test,Gestionnaire fictif DEMO-UK-INS-04,sinistres@demo-uk-ins-04.test,DEMO-UK-POL-0140,2026-01-01,2026-12-31,DEMO-CORR-FR-04,Rivage Demo Recours (fictional)
DEMO-UK-0141,True,mock-insurance-v2,UK,BH73 KZT,BH73KZT,Toyota,Yaris,white,DEMO-UK-INS-00,Northbridge Demo Motor (fictional),Conducteur fictif UK 0141,conducteur-uk-0141@example.test,Gestionnaire fictif DEMO-UK-INS-00,sinistres@demo-uk-ins-00.test,DEMO-UK-POL-0141,2026-01-01,2026-12-31,DEMO-CORR-FR-00,Hexagone Demo Recours (fictional)
DEMO-UK-0142,True,mock-insurance-v2,UK,KR75 MVA,KR75MVA,Toyota,Yaris,grey,DEMO-UK-INS-01,Oakfield Demo Insurance (fictional),Conducteur fictif UK 0142,conducteur-uk-0142@example.test,Gestionnaire fictif DEMO-UK-INS-01,sinistres@demo-uk-ins-01.test,DEMO-UK-POL-0142,2026-01-01,2026-12-31,DEMO-CORR-FR-01,Azur Demo Recours (fictional)
DEMO-UK-0143,True,mock-insurance-v2,UK,WE71 XFM,WE71XFM,Ford,Focus,red,DEMO-UK-INS-02,Westhaven Demo Motor (fictional),Conducteur fictif UK 0143,conducteur-uk-0143@example.test,Gestionnaire fictif DEMO-UK-INS-02,sinistres@demo-uk-ins-02.test,DEMO-UK-POL-0143,2026-01-01,2026-12-31,DEMO-CORR-FR-02,Loire Demo Recours (fictional)
DEMO-UK-0144,True,mock-insurance-v2,UK,KL25 HWA,KL25HWA,Volkswagen,Golf,silver,DEMO-UK-INS-03,Birchwood Demo Cover (fictional),Conducteur fictif UK 0144,conducteur-uk-0144@example.test,Gestionnaire fictif DEMO-UK-INS-03,sinistres@demo-uk-ins-03.test,DEMO-UK-POL-0144,2026-01-01,2026-12-31,DEMO-CORR-FR-03,Alpes Demo Recours (fictional)
DEMO-UK-0145,True,mock-insurance-v2,UK,AP24 EJS,AP24EJS,Ford,Focus,black,DEMO-UK-INS-04,Meadowbrook Demo Auto (fictional),Conducteur fictif UK 0145,conducteur-uk-0145@example.test,Gestionnaire fictif DEMO-UK-INS-04,sinistres@demo-uk-ins-04.test,DEMO-UK-POL-0145,2026-01-01,2026-12-31,DEMO-CORR-FR-04,Rivage Demo Recours (fictional)
DEMO-UK-0146,True,mock-insurance-v2,UK,FP73 EAR,FP73EAR,Volkswagen,Golf,blue,DEMO-UK-INS-00,Northbridge Demo Motor (fictional),Conducteur fictif UK 0146,conducteur-uk-0146@example.test,Gestionnaire fictif DEMO-UK-INS-00,sinistres@demo-uk-ins-00.test,DEMO-UK-POL-0146,2026-01-01,2026-12-31,DEMO-CORR-FR-00,Hexagone Demo Recours (fictional)
DEMO-UK-0147,True,mock-insurance-v2,UK,VW24 BKY,VW24BKY,Ford,Focus,silver,DEMO-UK-INS-01,Oakfield Demo Insurance (fictional),Conducteur fictif UK 0147,conducteur-uk-0147@example.test,Gestionnaire fictif DEMO-UK-INS-01,sinistres@demo-uk-ins-01.test,DEMO-UK-POL-0147,2026-01-01,2026-12-31,DEMO-CORR-FR-01,Azur Demo Recours (fictional)
DEMO-UK-0148,True,mock-insurance-v2,UK,ZG68 KXC,ZG68KXC,Ford,Focus,silver,DEMO-UK-INS-02,Westhaven Demo Motor (fictional),Conducteur fictif UK 0148,conducteur-uk-0148@example.test,Gestionnaire fictif DEMO-UK-INS-02,sinistres@demo-uk-ins-02.test,DEMO-UK-POL-0148,2026-01-01,2026-12-31,DEMO-CORR-FR-02,Loire Demo Recours (fictional)
DEMO-UK-0149,True,mock-insurance-v2,UK,BE15 GZA,BE15GZA,Toyota,Yaris,white,DEMO-UK-INS-03,Birchwood Demo Cover (fictional),Conducteur fictif UK 0149,conducteur-uk-0149@example.test,Gestionnaire fictif DEMO-UK-INS-03,sinistres@demo-uk-ins-03.test,DEMO-UK-POL-0149,2026-01-01,2026-12-31,DEMO-CORR-FR-03,Alpes Demo Recours (fictional)
DEMO-UK-0150,True,mock-insurance-v2,UK,XW65 NEZ,XW65NEZ,Renault,Clio,red,DEMO-UK-INS-04,Meadowbrook Demo Auto (fictional),Conducteur fictif UK 0150,conducteur-uk-0150@example.test,Gestionnaire fictif DEMO-UK-INS-04,sinistres@demo-uk-ins-04.test,DEMO-UK-POL-0150,2026-01-01,2026-12-31,DEMO-CORR-FR-04,Rivage Demo Recours (fictional)
DEMO-UK-0151,True,mock-insurance-v2,UK,XB12 WRZ,XB12WRZ,Peugeot,208,white,DEMO-UK-INS-00,Northbridge Demo Motor (fictional),Conducteur fictif UK 0151,conducteur-uk-0151@example.test,Gestionnaire fictif DEMO-UK-INS-00,sinistres@demo-uk-ins-00.test,DEMO-UK-POL-0151,2026-01-01,2026-12-31,DEMO-CORR-FR-00,Hexagone Demo Recours (fictional)
DEMO-UK-0152,True,mock-insurance-v2,UK,CD20 LPC,CD20LPC,Volkswagen,Golf,silver,DEMO-UK-INS-01,Oakfield Demo Insurance (fictional),Conducteur fictif UK 0152,conducteur-uk-0152@example.test,Gestionnaire fictif DEMO-UK-INS-01,sinistres@demo-uk-ins-01.test,DEMO-UK-POL-0152,2026-01-01,2026-12-31,DEMO-CORR-FR-01,Azur Demo Recours (fictional)
DEMO-UK-0153,True,mock-insurance-v2,UK,KJ20 WWA,KJ20WWA,Volkswagen,Golf,blue,DEMO-UK-INS-02,Westhaven Demo Motor (fictional),Conducteur fictif UK 0153,conducteur-uk-0153@example.test,Gestionnaire fictif DEMO-UK-INS-02,sinistres@demo-uk-ins-02.test,DEMO-UK-POL-0153,2026-01-01,2026-12-31,DEMO-CORR-FR-02,Loire Demo Recours (fictional)
DEMO-UK-0154,True,mock-insurance-v2,UK,NG23 BRP,NG23BRP,Peugeot,208,black,DEMO-UK-INS-03,Birchwood Demo Cover (fictional),Conducteur fictif UK 0154,conducteur-uk-0154@example.test,Gestionnaire fictif DEMO-UK-INS-03,sinistres@demo-uk-ins-03.test,DEMO-UK-POL-0154,2026-01-01,2026-12-31,DEMO-CORR-FR-03,Alpes Demo Recours (fictional)
DEMO-UK-0155,True,mock-insurance-v2,UK,BL21 EDT,BL21EDT,BMW,3 Series,white,DEMO-UK-INS-04,Meadowbrook Demo Auto (fictional),Conducteur fictif UK 0155,conducteur-uk-0155@example.test,Gestionnaire fictif DEMO-UK-INS-04,sinistres@demo-uk-ins-04.test,DEMO-UK-POL-0155,2026-01-01,2026-12-31,DEMO-CORR-FR-04,Rivage Demo Recours (fictional)
DEMO-UK-0156,True,mock-insurance-v2,UK,FA72 PLC,FA72PLC,Toyota,Yaris,blue,DEMO-UK-INS-00,Northbridge Demo Motor (fictional),Conducteur fictif UK 0156,conducteur-uk-0156@example.test,Gestionnaire fictif DEMO-UK-INS-00,sinistres@demo-uk-ins-00.test,DEMO-UK-POL-0156,2026-01-01,2026-12-31,DEMO-CORR-FR-00,Hexagone Demo Recours (fictional)
DEMO-UK-0157,True,mock-insurance-v2,UK,JS22 RCP,JS22RCP,Volkswagen,Golf,white,DEMO-UK-INS-01,Oakfield Demo Insurance (fictional),Conducteur fictif UK 0157,conducteur-uk-0157@example.test,Gestionnaire fictif DEMO-UK-INS-01,sinistres@demo-uk-ins-01.test,DEMO-UK-POL-0157,2026-01-01,2026-12-31,DEMO-CORR-FR-01,Azur Demo Recours (fictional)
DEMO-UK-0158,True,mock-insurance-v2,UK,BS12 DDJ,BS12DDJ,Renault,Clio,black,DEMO-UK-INS-02,Westhaven Demo Motor (fictional),Conducteur fictif UK 0158,conducteur-uk-0158@example.test,Gestionnaire fictif DEMO-UK-INS-02,sinistres@demo-uk-ins-02.test,DEMO-UK-POL-0158,2026-01-01,2026-12-31,DEMO-CORR-FR-02,Loire Demo Recours (fictional)
DEMO-UK-0159,True,mock-insurance-v2,UK,AZ12 TLP,AZ12TLP,Peugeot,208,silver,DEMO-UK-INS-03,Birchwood Demo Cover (fictional),Conducteur fictif UK 0159,conducteur-uk-0159@example.test,Gestionnaire fictif DEMO-UK-INS-03,sinistres@demo-uk-ins-03.test,DEMO-UK-POL-0159,2026-01-01,2026-12-31,DEMO-CORR-FR-03,Alpes Demo Recours (fictional)
DEMO-UK-0160,True,mock-insurance-v2,UK,LV70 CAR,LV70CAR,Volkswagen,Golf,blue,DEMO-UK-INS-04,Meadowbrook Demo Auto (fictional),Conducteur fictif UK 0160,conducteur-uk-0160@example.test,Gestionnaire fictif DEMO-UK-INS-04,sinistres@demo-uk-ins-04.test,DEMO-UK-POL-0160,2026-01-01,2026-12-31,DEMO-CORR-FR-04,Rivage Demo Recours (fictional)
DEMO-UK-0161,True,mock-insurance-v2,UK,WF18 ZJH,WF18ZJH,BMW,3 Series,black,DEMO-UK-INS-00,Northbridge Demo Motor (fictional),Conducteur fictif UK 0161,conducteur-uk-0161@example.test,Gestionnaire fictif DEMO-UK-INS-00,sinistres@demo-uk-ins-00.test,DEMO-UK-POL-0161,2026-01-01,2026-12-31,DEMO-CORR-FR-00,Hexagone Demo Recours (fictional)
DEMO-UK-0162,True,mock-insurance-v2,UK,RS12 XXA,RS12XXA,BMW,3 Series,black,DEMO-UK-INS-01,Oakfield Demo Insurance (fictional),Conducteur fictif UK 0162,conducteur-uk-0162@example.test,Gestionnaire fictif DEMO-UK-INS-01,sinistres@demo-uk-ins-01.test,DEMO-UK-POL-0162,2026-01-01,2026-12-31,DEMO-CORR-FR-01,Azur Demo Recours (fictional)
DEMO-UK-0163,True,mock-insurance-v2,UK,MD20 FYG,MD20FYG,Peugeot,208,white,DEMO-UK-INS-02,Westhaven Demo Motor (fictional),Conducteur fictif UK 0163,conducteur-uk-0163@example.test,Gestionnaire fictif DEMO-UK-INS-02,sinistres@demo-uk-ins-02.test,DEMO-UK-POL-0163,2026-01-01,2026-12-31,DEMO-CORR-FR-02,Loire Demo Recours (fictional)
DEMO-UK-0164,True,mock-insurance-v2,UK,HV73 GFM,HV73GFM,BMW,3 Series,black,DEMO-UK-INS-03,Birchwood Demo Cover (fictional),Conducteur fictif UK 0164,conducteur-uk-0164@example.test,Gestionnaire fictif DEMO-UK-INS-03,sinistres@demo-uk-ins-03.test,DEMO-UK-POL-0164,2026-01-01,2026-12-31,DEMO-CORR-FR-03,Alpes Demo Recours (fictional)
DEMO-UK-0165,True,mock-insurance-v2,UK,HJ22 WSD,HJ22WSD,Renault,Clio,silver,DEMO-UK-INS-04,Meadowbrook Demo Auto (fictional),Conducteur fictif UK 0165,conducteur-uk-0165@example.test,Gestionnaire fictif DEMO-UK-INS-04,sinistres@demo-uk-ins-04.test,DEMO-UK-POL-0165,2026-01-01,2026-12-31,DEMO-CORR-FR-04,Rivage Demo Recours (fictional)
DEMO-UK-0166,True,mock-insurance-v2,UK,JP12 MWF,JP12MWF,Renault,Clio,grey,DEMO-UK-INS-00,Northbridge Demo Motor (fictional),Conducteur fictif UK 0166,conducteur-uk-0166@example.test,Gestionnaire fictif DEMO-UK-INS-00,sinistres@demo-uk-ins-00.test,DEMO-UK-POL-0166,2026-01-01,2026-12-31,DEMO-CORR-FR-00,Hexagone Demo Recours (fictional)
DEMO-UK-0167,True,mock-insurance-v2,UK,XR70 XHC,XR70XHC,BMW,3 Series,grey,DEMO-UK-INS-01,Oakfield Demo Insurance (fictional),Conducteur fictif UK 0167,conducteur-uk-0167@example.test,Gestionnaire fictif DEMO-UK-INS-01,sinistres@demo-uk-ins-01.test,DEMO-UK-POL-0167,2026-01-01,2026-12-31,DEMO-CORR-FR-01,Azur Demo Recours (fictional)
DEMO-UK-0168,True,mock-insurance-v2,UK,JJ24 KWX,JJ24KWX,BMW,3 Series,blue,DEMO-UK-INS-02,Westhaven Demo Motor (fictional),Conducteur fictif UK 0168,conducteur-uk-0168@example.test,Gestionnaire fictif DEMO-UK-INS-02,sinistres@demo-uk-ins-02.test,DEMO-UK-POL-0168,2026-01-01,2026-12-31,DEMO-CORR-FR-02,Loire Demo Recours (fictional)
DEMO-UK-0169,True,mock-insurance-v2,UK,ES15 FDA,ES15FDA,Renault,Clio,white,DEMO-UK-INS-03,Birchwood Demo Cover (fictional),Conducteur fictif UK 0169,conducteur-uk-0169@example.test,Gestionnaire fictif DEMO-UK-INS-03,sinistres@demo-uk-ins-03.test,DEMO-UK-POL-0169,2026-01-01,2026-12-31,DEMO-CORR-FR-03,Alpes Demo Recours (fictional)
DEMO-UK-0170,True,mock-insurance-v2,UK,KA75 GFE,KA75GFE,Ford,Focus,grey,DEMO-UK-INS-04,Meadowbrook Demo Auto (fictional),Conducteur fictif UK 0170,conducteur-uk-0170@example.test,Gestionnaire fictif DEMO-UK-INS-04,sinistres@demo-uk-ins-04.test,DEMO-UK-POL-0170,2026-01-01,2026-12-31,DEMO-CORR-FR-04,Rivage Demo Recours (fictional)
DEMO-UK-0171,True,mock-insurance-v2,UK,YK25 BAX,YK25BAX,Peugeot,208,white,DEMO-UK-INS-00,Northbridge Demo Motor (fictional),Conducteur fictif UK 0171,conducteur-uk-0171@example.test,Gestionnaire fictif DEMO-UK-INS-00,sinistres@demo-uk-ins-00.test,DEMO-UK-POL-0171,2026-01-01,2026-12-31,DEMO-CORR-FR-00,Hexagone Demo Recours (fictional)
DEMO-UK-0172,True,mock-insurance-v2,UK,SE65 VVY,SE65VVY,Toyota,Yaris,white,DEMO-UK-INS-01,Oakfield Demo Insurance (fictional),Conducteur fictif UK 0172,conducteur-uk-0172@example.test,Gestionnaire fictif DEMO-UK-INS-01,sinistres@demo-uk-ins-01.test,DEMO-UK-POL-0172,2026-01-01,2026-12-31,DEMO-CORR-FR-01,Azur Demo Recours (fictional)
DEMO-UK-0173,True,mock-insurance-v2,UK,ZD21 SYX,ZD21SYX,Volkswagen,Golf,silver,DEMO-UK-INS-02,Westhaven Demo Motor (fictional),Conducteur fictif UK 0173,conducteur-uk-0173@example.test,Gestionnaire fictif DEMO-UK-INS-02,sinistres@demo-uk-ins-02.test,DEMO-UK-POL-0173,2026-01-01,2026-12-31,DEMO-CORR-FR-02,Loire Demo Recours (fictional)
DEMO-UK-0174,True,mock-insurance-v2,UK,YK22 KDV,YK22KDV,Peugeot,208,red,DEMO-UK-INS-03,Birchwood Demo Cover (fictional),Conducteur fictif UK 0174,conducteur-uk-0174@example.test,Gestionnaire fictif DEMO-UK-INS-03,sinistres@demo-uk-ins-03.test,DEMO-UK-POL-0174,2026-01-01,2026-12-31,DEMO-CORR-FR-03,Alpes Demo Recours (fictional)
DEMO-UK-0175,True,mock-insurance-v2,UK,CX18 HJE,CX18HJE,Renault,Clio,blue,DEMO-UK-INS-04,Meadowbrook Demo Auto (fictional),Conducteur fictif UK 0175,conducteur-uk-0175@example.test,Gestionnaire fictif DEMO-UK-INS-04,sinistres@demo-uk-ins-04.test,DEMO-UK-POL-0175,2026-01-01,2026-12-31,DEMO-CORR-FR-04,Rivage Demo Recours (fictional)
DEMO-UK-0176,True,mock-insurance-v2,UK,VG65 VJG,VG65VJG,BMW,3 Series,red,DEMO-UK-INS-00,Northbridge Demo Motor (fictional),Conducteur fictif UK 0176,conducteur-uk-0176@example.test,Gestionnaire fictif DEMO-UK-INS-00,sinistres@demo-uk-ins-00.test,DEMO-UK-POL-0176,2026-01-01,2026-12-31,DEMO-CORR-FR-00,Hexagone Demo Recours (fictional)
DEMO-UK-0177,True,mock-insurance-v2,UK,BA62 MMC,BA62MMC,Toyota,Yaris,blue,DEMO-UK-INS-01,Oakfield Demo Insurance (fictional),Conducteur fictif UK 0177,conducteur-uk-0177@example.test,Gestionnaire fictif DEMO-UK-INS-01,sinistres@demo-uk-ins-01.test,DEMO-UK-POL-0177,2026-01-01,2026-12-31,DEMO-CORR-FR-01,Azur Demo Recours (fictional)
DEMO-UK-0178,True,mock-insurance-v2,UK,CJ12 TLZ,CJ12TLZ,BMW,3 Series,black,DEMO-UK-INS-02,Westhaven Demo Motor (fictional),Conducteur fictif UK 0178,conducteur-uk-0178@example.test,Gestionnaire fictif DEMO-UK-INS-02,sinistres@demo-uk-ins-02.test,DEMO-UK-POL-0178,2026-01-01,2026-12-31,DEMO-CORR-FR-02,Loire Demo Recours (fictional)
DEMO-UK-0179,True,mock-insurance-v2,UK,NC22 FNC,NC22FNC,Peugeot,208,silver,DEMO-UK-INS-03,Birchwood Demo Cover (fictional),Conducteur fictif UK 0179,conducteur-uk-0179@example.test,Gestionnaire fictif DEMO-UK-INS-03,sinistres@demo-uk-ins-03.test,DEMO-UK-POL-0179,2026-01-01,2026-12-31,DEMO-CORR-FR-03,Alpes Demo Recours (fictional)
DEMO-UK-0180,True,mock-insurance-v2,UK,PM23 KPN,PM23KPN,Ford,Focus,blue,DEMO-UK-INS-04,Meadowbrook Demo Auto (fictional),Conducteur fictif UK 0180,conducteur-uk-0180@example.test,Gestionnaire fictif DEMO-UK-INS-04,sinistres@demo-uk-ins-04.test,DEMO-UK-POL-0180,2026-01-01,2026-12-31,DEMO-CORR-FR-04,Rivage Demo Recours (fictional)
DEMO-UK-0181,True,mock-insurance-v2,UK,BF70 CJF,BF70CJF,Volkswagen,Golf,blue,DEMO-UK-INS-00,Northbridge Demo Motor (fictional),Conducteur fictif UK 0181,conducteur-uk-0181@example.test,Gestionnaire fictif DEMO-UK-INS-00,sinistres@demo-uk-ins-00.test,DEMO-UK-POL-0181,2026-01-01,2026-12-31,DEMO-CORR-FR-00,Hexagone Demo Recours (fictional)
DEMO-UK-0182,True,mock-insurance-v2,UK,TZ12 YTG,TZ12YTG,Ford,Focus,blue,DEMO-UK-INS-01,Oakfield Demo Insurance (fictional),Conducteur fictif UK 0182,conducteur-uk-0182@example.test,Gestionnaire fictif DEMO-UK-INS-01,sinistres@demo-uk-ins-01.test,DEMO-UK-POL-0182,2026-01-01,2026-12-31,DEMO-CORR-FR-01,Azur Demo Recours (fictional)
DEMO-UK-0183,True,mock-insurance-v2,UK,SR71 VHT,SR71VHT,BMW,3 Series,red,DEMO-UK-INS-02,Westhaven Demo Motor (fictional),Conducteur fictif UK 0183,conducteur-uk-0183@example.test,Gestionnaire fictif DEMO-UK-INS-02,sinistres@demo-uk-ins-02.test,DEMO-UK-POL-0183,2026-01-01,2026-12-31,DEMO-CORR-FR-02,Loire Demo Recours (fictional)
DEMO-UK-0184,True,mock-insurance-v2,UK,XV15 JDA,XV15JDA,Ford,Focus,red,DEMO-UK-INS-03,Birchwood Demo Cover (fictional),Conducteur fictif UK 0184,conducteur-uk-0184@example.test,Gestionnaire fictif DEMO-UK-INS-03,sinistres@demo-uk-ins-03.test,DEMO-UK-POL-0184,2026-01-01,2026-12-31,DEMO-CORR-FR-03,Alpes Demo Recours (fictional)
DEMO-UK-0185,True,mock-insurance-v2,UK,NZ62 BJE,NZ62BJE,Toyota,Yaris,silver,DEMO-UK-INS-04,Meadowbrook Demo Auto (fictional),Conducteur fictif UK 0185,conducteur-uk-0185@example.test,Gestionnaire fictif DEMO-UK-INS-04,sinistres@demo-uk-ins-04.test,DEMO-UK-POL-0185,2026-01-01,2026-12-31,DEMO-CORR-FR-04,Rivage Demo Recours (fictional)
DEMO-UK-0186,True,mock-insurance-v2,UK,MV12 BFH,MV12BFH,Volkswagen,Golf,black,DEMO-UK-INS-00,Northbridge Demo Motor (fictional),Conducteur fictif UK 0186,conducteur-uk-0186@example.test,Gestionnaire fictif DEMO-UK-INS-00,sinistres@demo-uk-ins-00.test,DEMO-UK-POL-0186,2026-01-01,2026-12-31,DEMO-CORR-FR-00,Hexagone Demo Recours (fictional)
DEMO-UK-0187,True,mock-insurance-v2,UK,KY25 NAX,KY25NAX,Toyota,Yaris,silver,DEMO-UK-INS-01,Oakfield Demo Insurance (fictional),Conducteur fictif UK 0187,conducteur-uk-0187@example.test,Gestionnaire fictif DEMO-UK-INS-01,sinistres@demo-uk-ins-01.test,DEMO-UK-POL-0187,2026-01-01,2026-12-31,DEMO-CORR-FR-01,Azur Demo Recours (fictional)
DEMO-UK-0188,True,mock-insurance-v2,UK,BX71 NBE,BX71NBE,Renault,Clio,black,DEMO-UK-INS-02,Westhaven Demo Motor (fictional),Conducteur fictif UK 0188,conducteur-uk-0188@example.test,Gestionnaire fictif DEMO-UK-INS-02,sinistres@demo-uk-ins-02.test,DEMO-UK-POL-0188,2026-01-01,2026-12-31,DEMO-CORR-FR-02,Loire Demo Recours (fictional)
DEMO-UK-0189,True,mock-insurance-v2,UK,SF23 DSG,SF23DSG,Peugeot,208,black,DEMO-UK-INS-03,Birchwood Demo Cover (fictional),Conducteur fictif UK 0189,conducteur-uk-0189@example.test,Gestionnaire fictif DEMO-UK-INS-03,sinistres@demo-uk-ins-03.test,DEMO-UK-POL-0189,2026-01-01,2026-12-31,DEMO-CORR-FR-03,Alpes Demo Recours (fictional)
DEMO-UK-0190,True,mock-insurance-v2,UK,TC73 KZX,TC73KZX,Peugeot,208,black,DEMO-UK-INS-04,Meadowbrook Demo Auto (fictional),Conducteur fictif UK 0190,conducteur-uk-0190@example.test,Gestionnaire fictif DEMO-UK-INS-04,sinistres@demo-uk-ins-04.test,DEMO-UK-POL-0190,2026-01-01,2026-12-31,DEMO-CORR-FR-04,Rivage Demo Recours (fictional)
DEMO-UK-0191,True,mock-insurance-v2,UK,GF23 RKF,GF23RKF,Renault,Clio,blue,DEMO-UK-INS-00,Northbridge Demo Motor (fictional),Conducteur fictif UK 0191,conducteur-uk-0191@example.test,Gestionnaire fictif DEMO-UK-INS-00,sinistres@demo-uk-ins-00.test,DEMO-UK-POL-0191,2026-01-01,2026-12-31,DEMO-CORR-FR-00,Hexagone Demo Recours (fictional)
DEMO-UK-0192,True,mock-insurance-v2,UK,TE75 BHB,TE75BHB,Volkswagen,Golf,silver,DEMO-UK-INS-01,Oakfield Demo Insurance (fictional),Conducteur fictif UK 0192,conducteur-uk-0192@example.test,Gestionnaire fictif DEMO-UK-INS-01,sinistres@demo-uk-ins-01.test,DEMO-UK-POL-0192,2026-01-01,2026-12-31,DEMO-CORR-FR-01,Azur Demo Recours (fictional)
DEMO-UK-0193,True,mock-insurance-v2,UK,LE15 NWM,LE15NWM,Peugeot,208,grey,DEMO-UK-INS-02,Westhaven Demo Motor (fictional),Conducteur fictif UK 0193,conducteur-uk-0193@example.test,Gestionnaire fictif DEMO-UK-INS-02,sinistres@demo-uk-ins-02.test,DEMO-UK-POL-0193,2026-01-01,2026-12-31,DEMO-CORR-FR-02,Loire Demo Recours (fictional)
DEMO-UK-0194,True,mock-insurance-v2,UK,LE25 TRN,LE25TRN,BMW,3 Series,grey,DEMO-UK-INS-03,Birchwood Demo Cover (fictional),Conducteur fictif UK 0194,conducteur-uk-0194@example.test,Gestionnaire fictif DEMO-UK-INS-03,sinistres@demo-uk-ins-03.test,DEMO-UK-POL-0194,2026-01-01,2026-12-31,DEMO-CORR-FR-03,Alpes Demo Recours (fictional)
DEMO-UK-0195,True,mock-insurance-v2,UK,GT75 YSN,GT75YSN,Volkswagen,Golf,grey,DEMO-UK-INS-04,Meadowbrook Demo Auto (fictional),Conducteur fictif UK 0195,conducteur-uk-0195@example.test,Gestionnaire fictif DEMO-UK-INS-04,sinistres@demo-uk-ins-04.test,DEMO-UK-POL-0195,2026-01-01,2026-12-31,DEMO-CORR-FR-04,Rivage Demo Recours (fictional)
DEMO-UK-0196,True,mock-insurance-v2,UK,GV68 ECV,GV68ECV,Renault,Clio,red,DEMO-UK-INS-00,Northbridge Demo Motor (fictional),Conducteur fictif UK 0196,conducteur-uk-0196@example.test,Gestionnaire fictif DEMO-UK-INS-00,sinistres@demo-uk-ins-00.test,DEMO-UK-POL-0196,2026-01-01,2026-12-31,DEMO-CORR-FR-00,Hexagone Demo Recours (fictional)
DEMO-UK-0197,True,mock-insurance-v2,UK,PZ21 XYR,PZ21XYR,Toyota,Yaris,black,DEMO-UK-INS-01,Oakfield Demo Insurance (fictional),Conducteur fictif UK 0197,conducteur-uk-0197@example.test,Gestionnaire fictif DEMO-UK-INS-01,sinistres@demo-uk-ins-01.test,DEMO-UK-POL-0197,2026-01-01,2026-12-31,DEMO-CORR-FR-01,Azur Demo Recours (fictional)
DEMO-UK-0198,True,mock-insurance-v2,UK,BZ68 DFZ,BZ68DFZ,Volkswagen,Golf,black,DEMO-UK-INS-02,Westhaven Demo Motor (fictional),Conducteur fictif UK 0198,conducteur-uk-0198@example.test,Gestionnaire fictif DEMO-UK-INS-02,sinistres@demo-uk-ins-02.test,DEMO-UK-POL-0198,2026-01-01,2026-12-31,DEMO-CORR-FR-02,Loire Demo Recours (fictional)
DEMO-UK-0199,True,mock-insurance-v2,UK,HP23 KHD,HP23KHD,Renault,Clio,white,DEMO-UK-INS-03,Birchwood Demo Cover (fictional),Conducteur fictif UK 0199,conducteur-uk-0199@example.test,Gestionnaire fictif DEMO-UK-INS-03,sinistres@demo-uk-ins-03.test,DEMO-UK-POL-0199,2026-01-01,2026-12-31,DEMO-CORR-FR-03,Alpes Demo Recours (fictional)
DEMO-UK-0200,True,mock-insurance-v2,UK,TL68 MPM,TL68MPM,Ford,Focus,white,DEMO-UK-INS-04,Meadowbrook Demo Auto (fictional),Conducteur fictif UK 0200,conducteur-uk-0200@example.test,Gestionnaire fictif DEMO-UK-INS-04,sinistres@demo-uk-ins-04.test,DEMO-UK-POL-0200,2026-01-01,2026-12-31,DEMO-CORR-FR-04,Rivage Demo Recours (fictional)
DEMO-UK-0201,True,mock-insurance-v2,UK,EG75 BNP,EG75BNP,Renault,Clio,black,DEMO-UK-INS-00,Northbridge Demo Motor (fictional),Conducteur fictif UK 0201,conducteur-uk-0201@example.test,Gestionnaire fictif DEMO-UK-INS-00,sinistres@demo-uk-ins-00.test,DEMO-UK-POL-0201,2026-01-01,2026-12-31,DEMO-CORR-FR-00,Hexagone Demo Recours (fictional)
DEMO-UK-0202,True,mock-insurance-v2,UK,SH21 YHW,SH21YHW,Renault,Clio,red,DEMO-UK-INS-01,Oakfield Demo Insurance (fictional),Conducteur fictif UK 0202,conducteur-uk-0202@example.test,Gestionnaire fictif DEMO-UK-INS-01,sinistres@demo-uk-ins-01.test,DEMO-UK-POL-0202,2026-01-01,2026-12-31,DEMO-CORR-FR-01,Azur Demo Recours (fictional)
DEMO-UK-0203,True,mock-insurance-v2,UK,JD23 ALD,JD23ALD,Ford,Focus,silver,DEMO-UK-INS-02,Westhaven Demo Motor (fictional),Conducteur fictif UK 0203,conducteur-uk-0203@example.test,Gestionnaire fictif DEMO-UK-INS-02,sinistres@demo-uk-ins-02.test,DEMO-UK-POL-0203,2026-01-01,2026-12-31,DEMO-CORR-FR-02,Loire Demo Recours (fictional)
DEMO-UK-0204,True,mock-insurance-v2,UK,RN21 VPK,RN21VPK,BMW,3 Series,grey,DEMO-UK-INS-03,Birchwood Demo Cover (fictional),Conducteur fictif UK 0204,conducteur-uk-0204@example.test,Gestionnaire fictif DEMO-UK-INS-03,sinistres@demo-uk-ins-03.test,DEMO-UK-POL-0204,2026-01-01,2026-12-31,DEMO-CORR-FR-03,Alpes Demo Recours (fictional)
DEMO-UK-0205,True,mock-insurance-v2,UK,YF12 DGP,YF12DGP,Ford,Focus,silver,DEMO-UK-INS-04,Meadowbrook Demo Auto (fictional),Conducteur fictif UK 0205,conducteur-uk-0205@example.test,Gestionnaire fictif DEMO-UK-INS-04,sinistres@demo-uk-ins-04.test,DEMO-UK-POL-0205,2026-01-01,2026-12-31,DEMO-CORR-FR-04,Rivage Demo Recours (fictional)
DEMO-UK-0206,True,mock-insurance-v2,UK,CM25 YZM,CM25YZM,Ford,Focus,red,DEMO-UK-INS-00,Northbridge Demo Motor (fictional),Conducteur fictif UK 0206,conducteur-uk-0206@example.test,Gestionnaire fictif DEMO-UK-INS-00,sinistres@demo-uk-ins-00.test,DEMO-UK-POL-0206,2026-01-01,2026-12-31,DEMO-CORR-FR-00,Hexagone Demo Recours (fictional)
DEMO-UK-0207,True,mock-insurance-v2,UK,VE68 DRK,VE68DRK,Volkswagen,Golf,white,DEMO-UK-INS-01,Oakfield Demo Insurance (fictional),Conducteur fictif UK 0207,conducteur-uk-0207@example.test,Gestionnaire fictif DEMO-UK-INS-01,sinistres@demo-uk-ins-01.test,DEMO-UK-POL-0207,2026-01-01,2026-12-31,DEMO-CORR-FR-01,Azur Demo Recours (fictional)
DEMO-UK-0208,True,mock-insurance-v2,UK,MY20 AGM,MY20AGM,BMW,3 Series,blue,DEMO-UK-INS-02,Westhaven Demo Motor (fictional),Conducteur fictif UK 0208,conducteur-uk-0208@example.test,Gestionnaire fictif DEMO-UK-INS-02,sinistres@demo-uk-ins-02.test,DEMO-UK-POL-0208,2026-01-01,2026-12-31,DEMO-CORR-FR-02,Loire Demo Recours (fictional)
DEMO-UK-0209,True,mock-insurance-v2,UK,RN62 FXS,RN62FXS,Renault,Clio,white,DEMO-UK-INS-03,Birchwood Demo Cover (fictional),Conducteur fictif UK 0209,conducteur-uk-0209@example.test,Gestionnaire fictif DEMO-UK-INS-03,sinistres@demo-uk-ins-03.test,DEMO-UK-POL-0209,2026-01-01,2026-12-31,DEMO-CORR-FR-03,Alpes Demo Recours (fictional)
DEMO-UK-0210,True,mock-insurance-v2,UK,TN68 ELZ,TN68ELZ,Renault,Clio,black,DEMO-UK-INS-04,Meadowbrook Demo Auto (fictional),Conducteur fictif UK 0210,conducteur-uk-0210@example.test,Gestionnaire fictif DEMO-UK-INS-04,sinistres@demo-uk-ins-04.test,DEMO-UK-POL-0210,2026-01-01,2026-12-31,DEMO-CORR-FR-04,Rivage Demo Recours (fictional)
DEMO-UK-0211,True,mock-insurance-v2,UK,EL75 MGF,EL75MGF,Volkswagen,Golf,silver,DEMO-UK-INS-00,Northbridge Demo Motor (fictional),Conducteur fictif UK 0211,conducteur-uk-0211@example.test,Gestionnaire fictif DEMO-UK-INS-00,sinistres@demo-uk-ins-00.test,DEMO-UK-POL-0211,2026-01-01,2026-12-31,DEMO-CORR-FR-00,Hexagone Demo Recours (fictional)
DEMO-UK-0212,True,mock-insurance-v2,UK,GD25 RZP,GD25RZP,Toyota,Yaris,grey,DEMO-UK-INS-01,Oakfield Demo Insurance (fictional),Conducteur fictif UK 0212,conducteur-uk-0212@example.test,Gestionnaire fictif DEMO-UK-INS-01,sinistres@demo-uk-ins-01.test,DEMO-UK-POL-0212,2026-01-01,2026-12-31,DEMO-CORR-FR-01,Azur Demo Recours (fictional)
DEMO-UK-0213,True,mock-insurance-v2,UK,EL21 NEN,EL21NEN,Volkswagen,Golf,blue,DEMO-UK-INS-02,Westhaven Demo Motor (fictional),Conducteur fictif UK 0213,conducteur-uk-0213@example.test,Gestionnaire fictif DEMO-UK-INS-02,sinistres@demo-uk-ins-02.test,DEMO-UK-POL-0213,2026-01-01,2026-12-31,DEMO-CORR-FR-02,Loire Demo Recours (fictional)
DEMO-UK-0214,True,mock-insurance-v2,UK,SR74 JNF,SR74JNF,Peugeot,208,silver,DEMO-UK-INS-03,Birchwood Demo Cover (fictional),Conducteur fictif UK 0214,conducteur-uk-0214@example.test,Gestionnaire fictif DEMO-UK-INS-03,sinistres@demo-uk-ins-03.test,DEMO-UK-POL-0214,2026-01-01,2026-12-31,DEMO-CORR-FR-03,Alpes Demo Recours (fictional)
DEMO-UK-0215,True,mock-insurance-v2,UK,DG18 WTJ,DG18WTJ,Ford,Focus,grey,DEMO-UK-INS-04,Meadowbrook Demo Auto (fictional),Conducteur fictif UK 0215,conducteur-uk-0215@example.test,Gestionnaire fictif DEMO-UK-INS-04,sinistres@demo-uk-ins-04.test,DEMO-UK-POL-0215,2026-01-01,2026-12-31,DEMO-CORR-FR-04,Rivage Demo Recours (fictional)
DEMO-UK-0216,True,mock-insurance-v2,UK,NY65 RYD,NY65RYD,Ford,Focus,blue,DEMO-UK-INS-00,Northbridge Demo Motor (fictional),Conducteur fictif UK 0216,conducteur-uk-0216@example.test,Gestionnaire fictif DEMO-UK-INS-00,sinistres@demo-uk-ins-00.test,DEMO-UK-POL-0216,2026-01-01,2026-12-31,DEMO-CORR-FR-00,Hexagone Demo Recours (fictional)
DEMO-UK-0217,True,mock-insurance-v2,UK,MT65 WTG,MT65WTG,Volkswagen,Golf,red,DEMO-UK-INS-01,Oakfield Demo Insurance (fictional),Conducteur fictif UK 0217,conducteur-uk-0217@example.test,Gestionnaire fictif DEMO-UK-INS-01,sinistres@demo-uk-ins-01.test,DEMO-UK-POL-0217,2026-01-01,2026-12-31,DEMO-CORR-FR-01,Azur Demo Recours (fictional)
DEMO-UK-0218,True,mock-insurance-v2,UK,VF23 FTC,VF23FTC,Ford,Focus,blue,DEMO-UK-INS-02,Westhaven Demo Motor (fictional),Conducteur fictif UK 0218,conducteur-uk-0218@example.test,Gestionnaire fictif DEMO-UK-INS-02,sinistres@demo-uk-ins-02.test,DEMO-UK-POL-0218,2026-01-01,2026-12-31,DEMO-CORR-FR-02,Loire Demo Recours (fictional)
DEMO-UK-0219,True,mock-insurance-v2,UK,WT21 DVZ,WT21DVZ,Renault,Clio,black,DEMO-UK-INS-03,Birchwood Demo Cover (fictional),Conducteur fictif UK 0219,conducteur-uk-0219@example.test,Gestionnaire fictif DEMO-UK-INS-03,sinistres@demo-uk-ins-03.test,DEMO-UK-POL-0219,2026-01-01,2026-12-31,DEMO-CORR-FR-03,Alpes Demo Recours (fictional)
DEMO-UK-0220,True,mock-insurance-v2,UK,HH71 JMW,HH71JMW,Peugeot,208,grey,DEMO-UK-INS-04,Meadowbrook Demo Auto (fictional),Conducteur fictif UK 0220,conducteur-uk-0220@example.test,Gestionnaire fictif DEMO-UK-INS-04,sinistres@demo-uk-ins-04.test,DEMO-UK-POL-0220,2026-01-01,2026-12-31,DEMO-CORR-FR-04,Rivage Demo Recours (fictional)
DEMO-UK-0221,True,mock-insurance-v2,UK,EM65 LWG,EM65LWG,Ford,Focus,blue,DEMO-UK-INS-00,Northbridge Demo Motor (fictional),Conducteur fictif UK 0221,conducteur-uk-0221@example.test,Gestionnaire fictif DEMO-UK-INS-00,sinistres@demo-uk-ins-00.test,DEMO-UK-POL-0221,2026-01-01,2026-12-31,DEMO-CORR-FR-00,Hexagone Demo Recours (fictional)
DEMO-UK-0222,True,mock-insurance-v2,UK,MH25 WHL,MH25WHL,Toyota,Yaris,white,DEMO-UK-INS-01,Oakfield Demo Insurance (fictional),Conducteur fictif UK 0222,conducteur-uk-0222@example.test,Gestionnaire fictif DEMO-UK-INS-01,sinistres@demo-uk-ins-01.test,DEMO-UK-POL-0222,2026-01-01,2026-12-31,DEMO-CORR-FR-01,Azur Demo Recours (fictional)
DEMO-UK-0223,True,mock-insurance-v2,UK,CN23 WYL,CN23WYL,Peugeot,208,grey,DEMO-UK-INS-02,Westhaven Demo Motor (fictional),Conducteur fictif UK 0223,conducteur-uk-0223@example.test,Gestionnaire fictif DEMO-UK-INS-02,sinistres@demo-uk-ins-02.test,DEMO-UK-POL-0223,2026-01-01,2026-12-31,DEMO-CORR-FR-02,Loire Demo Recours (fictional)
DEMO-UK-0224,True,mock-insurance-v2,UK,TX22 ZHK,TX22ZHK,Renault,Clio,white,DEMO-UK-INS-03,Birchwood Demo Cover (fictional),Conducteur fictif UK 0224,conducteur-uk-0224@example.test,Gestionnaire fictif DEMO-UK-INS-03,sinistres@demo-uk-ins-03.test,DEMO-UK-POL-0224,2026-01-01,2026-12-31,DEMO-CORR-FR-03,Alpes Demo Recours (fictional)
DEMO-UK-0225,True,mock-insurance-v2,UK,RV62 ZAG,RV62ZAG,Peugeot,208,silver,DEMO-UK-INS-04,Meadowbrook Demo Auto (fictional),Conducteur fictif UK 0225,conducteur-uk-0225@example.test,Gestionnaire fictif DEMO-UK-INS-04,sinistres@demo-uk-ins-04.test,DEMO-UK-POL-0225,2026-01-01,2026-12-31,DEMO-CORR-FR-04,Rivage Demo Recours (fictional)
DEMO-UK-0226,True,mock-insurance-v2,UK,AZ68 RXA,AZ68RXA,Toyota,Yaris,red,DEMO-UK-INS-00,Northbridge Demo Motor (fictional),Conducteur fictif UK 0226,conducteur-uk-0226@example.test,Gestionnaire fictif DEMO-UK-INS-00,sinistres@demo-uk-ins-00.test,DEMO-UK-POL-0226,2026-01-01,2026-12-31,DEMO-CORR-FR-00,Hexagone Demo Recours (fictional)
DEMO-UK-0227,True,mock-insurance-v2,UK,TH24 YZG,TH24YZG,Ford,Focus,silver,DEMO-UK-INS-01,Oakfield Demo Insurance (fictional),Conducteur fictif UK 0227,conducteur-uk-0227@example.test,Gestionnaire fictif DEMO-UK-INS-01,sinistres@demo-uk-ins-01.test,DEMO-UK-POL-0227,2026-01-01,2026-12-31,DEMO-CORR-FR-01,Azur Demo Recours (fictional)
DEMO-UK-0228,True,mock-insurance-v2,UK,RS74 VVK,RS74VVK,Renault,Clio,white,DEMO-UK-INS-02,Westhaven Demo Motor (fictional),Conducteur fictif UK 0228,conducteur-uk-0228@example.test,Gestionnaire fictif DEMO-UK-INS-02,sinistres@demo-uk-ins-02.test,DEMO-UK-POL-0228,2026-01-01,2026-12-31,DEMO-CORR-FR-02,Loire Demo Recours (fictional)
DEMO-UK-0229,True,mock-insurance-v2,UK,LK71 LTA,LK71LTA,Peugeot,208,white,DEMO-UK-INS-03,Birchwood Demo Cover (fictional),Conducteur fictif UK 0229,conducteur-uk-0229@example.test,Gestionnaire fictif DEMO-UK-INS-03,sinistres@demo-uk-ins-03.test,DEMO-UK-POL-0229,2026-01-01,2026-12-31,DEMO-CORR-FR-03,Alpes Demo Recours (fictional)
DEMO-UK-0230,True,mock-insurance-v2,UK,KE25 RVR,KE25RVR,Volkswagen,Golf,red,DEMO-UK-INS-04,Meadowbrook Demo Auto (fictional),Conducteur fictif UK 0230,conducteur-uk-0230@example.test,Gestionnaire fictif DEMO-UK-INS-04,sinistres@demo-uk-ins-04.test,DEMO-UK-POL-0230,2026-01-01,2026-12-31,DEMO-CORR-FR-04,Rivage Demo Recours (fictional)
DEMO-UK-0231,True,mock-insurance-v2,UK,WL21 EXH,WL21EXH,Toyota,Yaris,black,DEMO-UK-INS-00,Northbridge Demo Motor (fictional),Conducteur fictif UK 0231,conducteur-uk-0231@example.test,Gestionnaire fictif DEMO-UK-INS-00,sinistres@demo-uk-ins-00.test,DEMO-UK-POL-0231,2026-01-01,2026-12-31,DEMO-CORR-FR-00,Hexagone Demo Recours (fictional)
DEMO-UK-0232,True,mock-insurance-v2,UK,WV65 ETD,WV65ETD,Ford,Focus,blue,DEMO-UK-INS-01,Oakfield Demo Insurance (fictional),Conducteur fictif UK 0232,conducteur-uk-0232@example.test,Gestionnaire fictif DEMO-UK-INS-01,sinistres@demo-uk-ins-01.test,DEMO-UK-POL-0232,2026-01-01,2026-12-31,DEMO-CORR-FR-01,Azur Demo Recours (fictional)
DEMO-UK-0233,True,mock-insurance-v2,UK,FN12 KXR,FN12KXR,BMW,3 Series,silver,DEMO-UK-INS-02,Westhaven Demo Motor (fictional),Conducteur fictif UK 0233,conducteur-uk-0233@example.test,Gestionnaire fictif DEMO-UK-INS-02,sinistres@demo-uk-ins-02.test,DEMO-UK-POL-0233,2026-01-01,2026-12-31,DEMO-CORR-FR-02,Loire Demo Recours (fictional)
DEMO-UK-0234,True,mock-insurance-v2,UK,PG70 GSE,PG70GSE,BMW,3 Series,blue,DEMO-UK-INS-03,Birchwood Demo Cover (fictional),Conducteur fictif UK 0234,conducteur-uk-0234@example.test,Gestionnaire fictif DEMO-UK-INS-03,sinistres@demo-uk-ins-03.test,DEMO-UK-POL-0234,2026-01-01,2026-12-31,DEMO-CORR-FR-03,Alpes Demo Recours (fictional)
DEMO-UK-0235,True,mock-insurance-v2,UK,PG25 GJH,PG25GJH,Renault,Clio,red,DEMO-UK-INS-04,Meadowbrook Demo Auto (fictional),Conducteur fictif UK 0235,conducteur-uk-0235@example.test,Gestionnaire fictif DEMO-UK-INS-04,sinistres@demo-uk-ins-04.test,DEMO-UK-POL-0235,2026-01-01,2026-12-31,DEMO-CORR-FR-04,Rivage Demo Recours (fictional)
DEMO-UK-0236,True,mock-insurance-v2,UK,ES71 WCV,ES71WCV,Volkswagen,Golf,blue,DEMO-UK-INS-00,Northbridge Demo Motor (fictional),Conducteur fictif UK 0236,conducteur-uk-0236@example.test,Gestionnaire fictif DEMO-UK-INS-00,sinistres@demo-uk-ins-00.test,DEMO-UK-POL-0236,2026-01-01,2026-12-31,DEMO-CORR-FR-00,Hexagone Demo Recours (fictional)
DEMO-UK-0237,True,mock-insurance-v2,UK,MX22 BWE,MX22BWE,Toyota,Yaris,black,DEMO-UK-INS-01,Oakfield Demo Insurance (fictional),Conducteur fictif UK 0237,conducteur-uk-0237@example.test,Gestionnaire fictif DEMO-UK-INS-01,sinistres@demo-uk-ins-01.test,DEMO-UK-POL-0237,2026-01-01,2026-12-31,DEMO-CORR-FR-01,Azur Demo Recours (fictional)
DEMO-UK-0238,True,mock-insurance-v2,UK,TC73 EZW,TC73EZW,BMW,3 Series,blue,DEMO-UK-INS-02,Westhaven Demo Motor (fictional),Conducteur fictif UK 0238,conducteur-uk-0238@example.test,Gestionnaire fictif DEMO-UK-INS-02,sinistres@demo-uk-ins-02.test,DEMO-UK-POL-0238,2026-01-01,2026-12-31,DEMO-CORR-FR-02,Loire Demo Recours (fictional)
DEMO-UK-0239,True,mock-insurance-v2,UK,NK25 DAJ,NK25DAJ,Ford,Focus,silver,DEMO-UK-INS-03,Birchwood Demo Cover (fictional),Conducteur fictif UK 0239,conducteur-uk-0239@example.test,Gestionnaire fictif DEMO-UK-INS-03,sinistres@demo-uk-ins-03.test,DEMO-UK-POL-0239,2026-01-01,2026-12-31,DEMO-CORR-FR-03,Alpes Demo Recours (fictional)
DEMO-UK-0240,True,mock-insurance-v2,UK,HF72 BEJ,HF72BEJ,Renault,Clio,blue,DEMO-UK-INS-04,Meadowbrook Demo Auto (fictional),Conducteur fictif UK 0240,conducteur-uk-0240@example.test,Gestionnaire fictif DEMO-UK-INS-04,sinistres@demo-uk-ins-04.test,DEMO-UK-POL-0240,2026-01-01,2026-12-31,DEMO-CORR-FR-04,Rivage Demo Recours (fictional)
DEMO-UK-0241,True,mock-insurance-v2,UK,CH71 MEJ,CH71MEJ,BMW,3 Series,white,DEMO-UK-INS-00,Northbridge Demo Motor (fictional),Conducteur fictif UK 0241,conducteur-uk-0241@example.test,Gestionnaire fictif DEMO-UK-INS-00,sinistres@demo-uk-ins-00.test,DEMO-UK-POL-0241,2026-01-01,2026-12-31,DEMO-CORR-FR-00,Hexagone Demo Recours (fictional)
DEMO-UK-0242,True,mock-insurance-v2,UK,XG21 ERB,XG21ERB,Peugeot,208,silver,DEMO-UK-INS-01,Oakfield Demo Insurance (fictional),Conducteur fictif UK 0242,conducteur-uk-0242@example.test,Gestionnaire fictif DEMO-UK-INS-01,sinistres@demo-uk-ins-01.test,DEMO-UK-POL-0242,2026-01-01,2026-12-31,DEMO-CORR-FR-01,Azur Demo Recours (fictional)
DEMO-UK-0243,True,mock-insurance-v2,UK,YF75 LRJ,YF75LRJ,Peugeot,208,blue,DEMO-UK-INS-02,Westhaven Demo Motor (fictional),Conducteur fictif UK 0243,conducteur-uk-0243@example.test,Gestionnaire fictif DEMO-UK-INS-02,sinistres@demo-uk-ins-02.test,DEMO-UK-POL-0243,2026-01-01,2026-12-31,DEMO-CORR-FR-02,Loire Demo Recours (fictional)
DEMO-UK-0244,True,mock-insurance-v2,UK,LB68 FHR,LB68FHR,Ford,Focus,red,DEMO-UK-INS-03,Birchwood Demo Cover (fictional),Conducteur fictif UK 0244,conducteur-uk-0244@example.test,Gestionnaire fictif DEMO-UK-INS-03,sinistres@demo-uk-ins-03.test,DEMO-UK-POL-0244,2026-01-01,2026-12-31,DEMO-CORR-FR-03,Alpes Demo Recours (fictional)
DEMO-UK-0245,True,mock-insurance-v2,UK,ZN18 XZJ,ZN18XZJ,Peugeot,208,silver,DEMO-UK-INS-04,Meadowbrook Demo Auto (fictional),Conducteur fictif UK 0245,conducteur-uk-0245@example.test,Gestionnaire fictif DEMO-UK-INS-04,sinistres@demo-uk-ins-04.test,DEMO-UK-POL-0245,2026-01-01,2026-12-31,DEMO-CORR-FR-04,Rivage Demo Recours (fictional)
DEMO-UK-0246,True,mock-insurance-v2,UK,YX65 RKS,YX65RKS,Toyota,Yaris,silver,DEMO-UK-INS-00,Northbridge Demo Motor (fictional),Conducteur fictif UK 0246,conducteur-uk-0246@example.test,Gestionnaire fictif DEMO-UK-INS-00,sinistres@demo-uk-ins-00.test,DEMO-UK-POL-0246,2026-01-01,2026-12-31,DEMO-CORR-FR-00,Hexagone Demo Recours (fictional)
DEMO-UK-0247,True,mock-insurance-v2,UK,CY75 HCG,CY75HCG,Volkswagen,Golf,grey,DEMO-UK-INS-01,Oakfield Demo Insurance (fictional),Conducteur fictif UK 0247,conducteur-uk-0247@example.test,Gestionnaire fictif DEMO-UK-INS-01,sinistres@demo-uk-ins-01.test,DEMO-UK-POL-0247,2026-01-01,2026-12-31,DEMO-CORR-FR-01,Azur Demo Recours (fictional)
DEMO-UK-0248,True,mock-insurance-v2,UK,ZP20 KZH,ZP20KZH,Renault,Clio,white,DEMO-UK-INS-02,Westhaven Demo Motor (fictional),Conducteur fictif UK 0248,conducteur-uk-0248@example.test,Gestionnaire fictif DEMO-UK-INS-02,sinistres@demo-uk-ins-02.test,DEMO-UK-POL-0248,2026-01-01,2026-12-31,DEMO-CORR-FR-02,Loire Demo Recours (fictional)
DEMO-UK-0249,True,mock-insurance-v2,UK,BM72 VSW,BM72VSW,BMW,3 Series,red,DEMO-UK-INS-03,Birchwood Demo Cover (fictional),Conducteur fictif UK 0249,conducteur-uk-0249@example.test,Gestionnaire fictif DEMO-UK-INS-03,sinistres@demo-uk-ins-03.test,DEMO-UK-POL-0249,2026-01-01,2026-12-31,DEMO-CORR-FR-03,Alpes Demo Recours (fictional)
DEMO-UK-0250,True,mock-insurance-v2,UK,WT65 YDL,WT65YDL,Renault,Clio,grey,DEMO-UK-INS-04,Meadowbrook Demo Auto (fictional),Conducteur fictif UK 0250,conducteur-uk-0250@example.test,Gestionnaire fictif DEMO-UK-INS-04,sinistres@demo-uk-ins-04.test,DEMO-UK-POL-0250,2026-01-01,2026-12-31,DEMO-CORR-FR-04,Rivage Demo Recours (fictional)
DEMO-UK-0251,True,mock-insurance-v2,UK,JM18 BYB,JM18BYB,BMW,3 Series,black,DEMO-UK-INS-00,Northbridge Demo Motor (fictional),Conducteur fictif UK 0251,conducteur-uk-0251@example.test,Gestionnaire fictif DEMO-UK-INS-00,sinistres@demo-uk-ins-00.test,DEMO-UK-POL-0251,2026-01-01,2026-12-31,DEMO-CORR-FR-00,Hexagone Demo Recours (fictional)
DEMO-UK-0252,True,mock-insurance-v2,UK,MZ23 CMR,MZ23CMR,Volkswagen,Golf,red,DEMO-UK-INS-01,Oakfield Demo Insurance (fictional),Conducteur fictif UK 0252,conducteur-uk-0252@example.test,Gestionnaire fictif DEMO-UK-INS-01,sinistres@demo-uk-ins-01.test,DEMO-UK-POL-0252,2026-01-01,2026-12-31,DEMO-CORR-FR-01,Azur Demo Recours (fictional)
DEMO-UK-0253,True,mock-insurance-v2,UK,MS25 DMZ,MS25DMZ,Toyota,Yaris,red,DEMO-UK-INS-02,Westhaven Demo Motor (fictional),Conducteur fictif UK 0253,conducteur-uk-0253@example.test,Gestionnaire fictif DEMO-UK-INS-02,sinistres@demo-uk-ins-02.test,DEMO-UK-POL-0253,2026-01-01,2026-12-31,DEMO-CORR-FR-02,Loire Demo Recours (fictional)
DEMO-UK-0254,True,mock-insurance-v2,UK,SZ70 JCA,SZ70JCA,Toyota,Yaris,silver,DEMO-UK-INS-03,Birchwood Demo Cover (fictional),Conducteur fictif UK 0254,conducteur-uk-0254@example.test,Gestionnaire fictif DEMO-UK-INS-03,sinistres@demo-uk-ins-03.test,DEMO-UK-POL-0254,2026-01-01,2026-12-31,DEMO-CORR-FR-03,Alpes Demo Recours (fictional)
DEMO-UK-0255,True,mock-insurance-v2,UK,KH20 FBF,KH20FBF,Renault,Clio,blue,DEMO-UK-INS-04,Meadowbrook Demo Auto (fictional),Conducteur fictif UK 0255,conducteur-uk-0255@example.test,Gestionnaire fictif DEMO-UK-INS-04,sinistres@demo-uk-ins-04.test,DEMO-UK-POL-0255,2026-01-01,2026-12-31,DEMO-CORR-FR-04,Rivage Demo Recours (fictional)
DEMO-UK-0256,True,mock-insurance-v2,UK,JY24 DWT,JY24DWT,Ford,Focus,silver,DEMO-UK-INS-00,Northbridge Demo Motor (fictional),Conducteur fictif UK 0256,conducteur-uk-0256@example.test,Gestionnaire fictif DEMO-UK-INS-00,sinistres@demo-uk-ins-00.test,DEMO-UK-POL-0256,2026-01-01,2026-12-31,DEMO-CORR-FR-00,Hexagone Demo Recours (fictional)
DEMO-UK-0257,True,mock-insurance-v2,UK,HF18 WED,HF18WED,Peugeot,208,grey,DEMO-UK-INS-01,Oakfield Demo Insurance (fictional),Conducteur fictif UK 0257,conducteur-uk-0257@example.test,Gestionnaire fictif DEMO-UK-INS-01,sinistres@demo-uk-ins-01.test,DEMO-UK-POL-0257,2026-01-01,2026-12-31,DEMO-CORR-FR-01,Azur Demo Recours (fictional)
DEMO-UK-0258,True,mock-insurance-v2,UK,PG20 XDN,PG20XDN,Toyota,Yaris,white,DEMO-UK-INS-02,Westhaven Demo Motor (fictional),Conducteur fictif UK 0258,conducteur-uk-0258@example.test,Gestionnaire fictif DEMO-UK-INS-02,sinistres@demo-uk-ins-02.test,DEMO-UK-POL-0258,2026-01-01,2026-12-31,DEMO-CORR-FR-02,Loire Demo Recours (fictional)
DEMO-UK-0259,True,mock-insurance-v2,UK,BX18 DWA,BX18DWA,Renault,Clio,red,DEMO-UK-INS-03,Birchwood Demo Cover (fictional),Conducteur fictif UK 0259,conducteur-uk-0259@example.test,Gestionnaire fictif DEMO-UK-INS-03,sinistres@demo-uk-ins-03.test,DEMO-UK-POL-0259,2026-01-01,2026-12-31,DEMO-CORR-FR-03,Alpes Demo Recours (fictional)
DEMO-UK-0260,True,mock-insurance-v2,UK,TR25 ZSJ,TR25ZSJ,Toyota,Yaris,silver,DEMO-UK-INS-04,Meadowbrook Demo Auto (fictional),Conducteur fictif UK 0260,conducteur-uk-0260@example.test,Gestionnaire fictif DEMO-UK-INS-04,sinistres@demo-uk-ins-04.test,DEMO-UK-POL-0260,2026-01-01,2026-12-31,DEMO-CORR-FR-04,Rivage Demo Recours (fictional)
DEMO-UK-0261,True,mock-insurance-v2,UK,NK65 XHW,NK65XHW,Renault,Clio,white,DEMO-UK-INS-00,Northbridge Demo Motor (fictional),Conducteur fictif UK 0261,conducteur-uk-0261@example.test,Gestionnaire fictif DEMO-UK-INS-00,sinistres@demo-uk-ins-00.test,DEMO-UK-POL-0261,2026-01-01,2026-12-31,DEMO-CORR-FR-00,Hexagone Demo Recours (fictional)
DEMO-UK-0262,True,mock-insurance-v2,UK,LT65 GPY,LT65GPY,BMW,3 Series,grey,DEMO-UK-INS-01,Oakfield Demo Insurance (fictional),Conducteur fictif UK 0262,conducteur-uk-0262@example.test,Gestionnaire fictif DEMO-UK-INS-01,sinistres@demo-uk-ins-01.test,DEMO-UK-POL-0262,2026-01-01,2026-12-31,DEMO-CORR-FR-01,Azur Demo Recours (fictional)
DEMO-UK-0263,True,mock-insurance-v2,UK,JC24 EJJ,JC24EJJ,Volkswagen,Golf,black,DEMO-UK-INS-02,Westhaven Demo Motor (fictional),Conducteur fictif UK 0263,conducteur-uk-0263@example.test,Gestionnaire fictif DEMO-UK-INS-02,sinistres@demo-uk-ins-02.test,DEMO-UK-POL-0263,2026-01-01,2026-12-31,DEMO-CORR-FR-02,Loire Demo Recours (fictional)
DEMO-UK-0264,True,mock-insurance-v2,UK,TZ74 YNX,TZ74YNX,Toyota,Yaris,silver,DEMO-UK-INS-03,Birchwood Demo Cover (fictional),Conducteur fictif UK 0264,conducteur-uk-0264@example.test,Gestionnaire fictif DEMO-UK-INS-03,sinistres@demo-uk-ins-03.test,DEMO-UK-POL-0264,2026-01-01,2026-12-31,DEMO-CORR-FR-03,Alpes Demo Recours (fictional)
DEMO-UK-0265,True,mock-insurance-v2,UK,KF74 BCN,KF74BCN,Peugeot,208,white,DEMO-UK-INS-04,Meadowbrook Demo Auto (fictional),Conducteur fictif UK 0265,conducteur-uk-0265@example.test,Gestionnaire fictif DEMO-UK-INS-04,sinistres@demo-uk-ins-04.test,DEMO-UK-POL-0265,2026-01-01,2026-12-31,DEMO-CORR-FR-04,Rivage Demo Recours (fictional)
DEMO-UK-0266,True,mock-insurance-v2,UK,TR72 ZFM,TR72ZFM,Renault,Clio,blue,DEMO-UK-INS-00,Northbridge Demo Motor (fictional),Conducteur fictif UK 0266,conducteur-uk-0266@example.test,Gestionnaire fictif DEMO-UK-INS-00,sinistres@demo-uk-ins-00.test,DEMO-UK-POL-0266,2026-01-01,2026-12-31,DEMO-CORR-FR-00,Hexagone Demo Recours (fictional)
DEMO-UK-0267,True,mock-insurance-v2,UK,BR62 VZR,BR62VZR,Peugeot,208,white,DEMO-UK-INS-01,Oakfield Demo Insurance (fictional),Conducteur fictif UK 0267,conducteur-uk-0267@example.test,Gestionnaire fictif DEMO-UK-INS-01,sinistres@demo-uk-ins-01.test,DEMO-UK-POL-0267,2026-01-01,2026-12-31,DEMO-CORR-FR-01,Azur Demo Recours (fictional)
DEMO-UK-0268,True,mock-insurance-v2,UK,SP75 LMP,SP75LMP,Ford,Focus,white,DEMO-UK-INS-02,Westhaven Demo Motor (fictional),Conducteur fictif UK 0268,conducteur-uk-0268@example.test,Gestionnaire fictif DEMO-UK-INS-02,sinistres@demo-uk-ins-02.test,DEMO-UK-POL-0268,2026-01-01,2026-12-31,DEMO-CORR-FR-02,Loire Demo Recours (fictional)
DEMO-UK-0269,True,mock-insurance-v2,UK,GD23 YFA,GD23YFA,Ford,Focus,silver,DEMO-UK-INS-03,Birchwood Demo Cover (fictional),Conducteur fictif UK 0269,conducteur-uk-0269@example.test,Gestionnaire fictif DEMO-UK-INS-03,sinistres@demo-uk-ins-03.test,DEMO-UK-POL-0269,2026-01-01,2026-12-31,DEMO-CORR-FR-03,Alpes Demo Recours (fictional)
DEMO-UK-0270,True,mock-insurance-v2,UK,AG68 DAR,AG68DAR,Peugeot,208,white,DEMO-UK-INS-04,Meadowbrook Demo Auto (fictional),Conducteur fictif UK 0270,conducteur-uk-0270@example.test,Gestionnaire fictif DEMO-UK-INS-04,sinistres@demo-uk-ins-04.test,DEMO-UK-POL-0270,2026-01-01,2026-12-31,DEMO-CORR-FR-04,Rivage Demo Recours (fictional)
DEMO-UK-0271,True,mock-insurance-v2,UK,TW20 DMF,TW20DMF,BMW,3 Series,white,DEMO-UK-INS-00,Northbridge Demo Motor (fictional),Conducteur fictif UK 0271,conducteur-uk-0271@example.test,Gestionnaire fictif DEMO-UK-INS-00,sinistres@demo-uk-ins-00.test,DEMO-UK-POL-0271,2026-01-01,2026-12-31,DEMO-CORR-FR-00,Hexagone Demo Recours (fictional)
DEMO-UK-0272,True,mock-insurance-v2,UK,AB18 KVV,AB18KVV,Peugeot,208,white,DEMO-UK-INS-01,Oakfield Demo Insurance (fictional),Conducteur fictif UK 0272,conducteur-uk-0272@example.test,Gestionnaire fictif DEMO-UK-INS-01,sinistres@demo-uk-ins-01.test,DEMO-UK-POL-0272,2026-01-01,2026-12-31,DEMO-CORR-FR-01,Azur Demo Recours (fictional)
DEMO-UK-0273,True,mock-insurance-v2,UK,AP21 NFA,AP21NFA,Toyota,Yaris,white,DEMO-UK-INS-02,Westhaven Demo Motor (fictional),Conducteur fictif UK 0273,conducteur-uk-0273@example.test,Gestionnaire fictif DEMO-UK-INS-02,sinistres@demo-uk-ins-02.test,DEMO-UK-POL-0273,2026-01-01,2026-12-31,DEMO-CORR-FR-02,Loire Demo Recours (fictional)
DEMO-UK-0274,True,mock-insurance-v2,UK,EN71 VYS,EN71VYS,Toyota,Yaris,red,DEMO-UK-INS-03,Birchwood Demo Cover (fictional),Conducteur fictif UK 0274,conducteur-uk-0274@example.test,Gestionnaire fictif DEMO-UK-INS-03,sinistres@demo-uk-ins-03.test,DEMO-UK-POL-0274,2026-01-01,2026-12-31,DEMO-CORR-FR-03,Alpes Demo Recours (fictional)
DEMO-UK-0275,True,mock-insurance-v2,UK,RV15 SRA,RV15SRA,Ford,Focus,black,DEMO-UK-INS-04,Meadowbrook Demo Auto (fictional),Conducteur fictif UK 0275,conducteur-uk-0275@example.test,Gestionnaire fictif DEMO-UK-INS-04,sinistres@demo-uk-ins-04.test,DEMO-UK-POL-0275,2026-01-01,2026-12-31,DEMO-CORR-FR-04,Rivage Demo Recours (fictional)
DEMO-UK-0276,True,mock-insurance-v2,UK,YM24 VWL,YM24VWL,Peugeot,208,blue,DEMO-UK-INS-00,Northbridge Demo Motor (fictional),Conducteur fictif UK 0276,conducteur-uk-0276@example.test,Gestionnaire fictif DEMO-UK-INS-00,sinistres@demo-uk-ins-00.test,DEMO-UK-POL-0276,2026-01-01,2026-12-31,DEMO-CORR-FR-00,Hexagone Demo Recours (fictional)
DEMO-UK-0277,True,mock-insurance-v2,UK,MH75 SES,MH75SES,Ford,Focus,white,DEMO-UK-INS-01,Oakfield Demo Insurance (fictional),Conducteur fictif UK 0277,conducteur-uk-0277@example.test,Gestionnaire fictif DEMO-UK-INS-01,sinistres@demo-uk-ins-01.test,DEMO-UK-POL-0277,2026-01-01,2026-12-31,DEMO-CORR-FR-01,Azur Demo Recours (fictional)
DEMO-UK-0278,True,mock-insurance-v2,UK,SX22 WTP,SX22WTP,Toyota,Yaris,silver,DEMO-UK-INS-02,Westhaven Demo Motor (fictional),Conducteur fictif UK 0278,conducteur-uk-0278@example.test,Gestionnaire fictif DEMO-UK-INS-02,sinistres@demo-uk-ins-02.test,DEMO-UK-POL-0278,2026-01-01,2026-12-31,DEMO-CORR-FR-02,Loire Demo Recours (fictional)
DEMO-UK-0279,True,mock-insurance-v2,UK,YM20 LLL,YM20LLL,Ford,Focus,grey,DEMO-UK-INS-03,Birchwood Demo Cover (fictional),Conducteur fictif UK 0279,conducteur-uk-0279@example.test,Gestionnaire fictif DEMO-UK-INS-03,sinistres@demo-uk-ins-03.test,DEMO-UK-POL-0279,2026-01-01,2026-12-31,DEMO-CORR-FR-03,Alpes Demo Recours (fictional)
DEMO-UK-0280,True,mock-insurance-v2,UK,ZB24 LPH,ZB24LPH,Volkswagen,Golf,white,DEMO-UK-INS-04,Meadowbrook Demo Auto (fictional),Conducteur fictif UK 0280,conducteur-uk-0280@example.test,Gestionnaire fictif DEMO-UK-INS-04,sinistres@demo-uk-ins-04.test,DEMO-UK-POL-0280,2026-01-01,2026-12-31,DEMO-CORR-FR-04,Rivage Demo Recours (fictional)
DEMO-UK-0281,True,mock-insurance-v2,UK,MY23 AZD,MY23AZD,Ford,Focus,red,DEMO-UK-INS-00,Northbridge Demo Motor (fictional),Conducteur fictif UK 0281,conducteur-uk-0281@example.test,Gestionnaire fictif DEMO-UK-INS-00,sinistres@demo-uk-ins-00.test,DEMO-UK-POL-0281,2026-01-01,2026-12-31,DEMO-CORR-FR-00,Hexagone Demo Recours (fictional)
DEMO-UK-0282,True,mock-insurance-v2,UK,BC73 LRE,BC73LRE,BMW,3 Series,silver,DEMO-UK-INS-01,Oakfield Demo Insurance (fictional),Conducteur fictif UK 0282,conducteur-uk-0282@example.test,Gestionnaire fictif DEMO-UK-INS-01,sinistres@demo-uk-ins-01.test,DEMO-UK-POL-0282,2026-01-01,2026-12-31,DEMO-CORR-FR-01,Azur Demo Recours (fictional)
DEMO-UK-0283,True,mock-insurance-v2,UK,JN65 BVA,JN65BVA,Volkswagen,Golf,grey,DEMO-UK-INS-02,Westhaven Demo Motor (fictional),Conducteur fictif UK 0283,conducteur-uk-0283@example.test,Gestionnaire fictif DEMO-UK-INS-02,sinistres@demo-uk-ins-02.test,DEMO-UK-POL-0283,2026-01-01,2026-12-31,DEMO-CORR-FR-02,Loire Demo Recours (fictional)
DEMO-UK-0284,True,mock-insurance-v2,UK,DV22 GYR,DV22GYR,Toyota,Yaris,black,DEMO-UK-INS-03,Birchwood Demo Cover (fictional),Conducteur fictif UK 0284,conducteur-uk-0284@example.test,Gestionnaire fictif DEMO-UK-INS-03,sinistres@demo-uk-ins-03.test,DEMO-UK-POL-0284,2026-01-01,2026-12-31,DEMO-CORR-FR-03,Alpes Demo Recours (fictional)
DEMO-UK-0285,True,mock-insurance-v2,UK,NJ18 FGV,NJ18FGV,BMW,3 Series,white,DEMO-UK-INS-04,Meadowbrook Demo Auto (fictional),Conducteur fictif UK 0285,conducteur-uk-0285@example.test,Gestionnaire fictif DEMO-UK-INS-04,sinistres@demo-uk-ins-04.test,DEMO-UK-POL-0285,2026-01-01,2026-12-31,DEMO-CORR-FR-04,Rivage Demo Recours (fictional)
DEMO-UK-0286,True,mock-insurance-v2,UK,TN12 ZSJ,TN12ZSJ,Volkswagen,Golf,black,DEMO-UK-INS-00,Northbridge Demo Motor (fictional),Conducteur fictif UK 0286,conducteur-uk-0286@example.test,Gestionnaire fictif DEMO-UK-INS-00,sinistres@demo-uk-ins-00.test,DEMO-UK-POL-0286,2026-01-01,2026-12-31,DEMO-CORR-FR-00,Hexagone Demo Recours (fictional)
DEMO-UK-0287,True,mock-insurance-v2,UK,WY65 RTC,WY65RTC,Volkswagen,Golf,red,DEMO-UK-INS-01,Oakfield Demo Insurance (fictional),Conducteur fictif UK 0287,conducteur-uk-0287@example.test,Gestionnaire fictif DEMO-UK-INS-01,sinistres@demo-uk-ins-01.test,DEMO-UK-POL-0287,2026-01-01,2026-12-31,DEMO-CORR-FR-01,Azur Demo Recours (fictional)
DEMO-UK-0288,True,mock-insurance-v2,UK,HZ72 EHE,HZ72EHE,BMW,3 Series,black,DEMO-UK-INS-02,Westhaven Demo Motor (fictional),Conducteur fictif UK 0288,conducteur-uk-0288@example.test,Gestionnaire fictif DEMO-UK-INS-02,sinistres@demo-uk-ins-02.test,DEMO-UK-POL-0288,2026-01-01,2026-12-31,DEMO-CORR-FR-02,Loire Demo Recours (fictional)
DEMO-UK-0289,True,mock-insurance-v2,UK,FK74 LAA,FK74LAA,Ford,Focus,red,DEMO-UK-INS-03,Birchwood Demo Cover (fictional),Conducteur fictif UK 0289,conducteur-uk-0289@example.test,Gestionnaire fictif DEMO-UK-INS-03,sinistres@demo-uk-ins-03.test,DEMO-UK-POL-0289,2026-01-01,2026-12-31,DEMO-CORR-FR-03,Alpes Demo Recours (fictional)
DEMO-UK-0290,True,mock-insurance-v2,UK,AZ12 CYC,AZ12CYC,BMW,3 Series,black,DEMO-UK-INS-04,Meadowbrook Demo Auto (fictional),Conducteur fictif UK 0290,conducteur-uk-0290@example.test,Gestionnaire fictif DEMO-UK-INS-04,sinistres@demo-uk-ins-04.test,DEMO-UK-POL-0290,2026-01-01,2026-12-31,DEMO-CORR-FR-04,Rivage Demo Recours (fictional)
DEMO-UK-0291,True,mock-insurance-v2,UK,SR75 PDX,SR75PDX,Ford,Focus,white,DEMO-UK-INS-00,Northbridge Demo Motor (fictional),Conducteur fictif UK 0291,conducteur-uk-0291@example.test,Gestionnaire fictif DEMO-UK-INS-00,sinistres@demo-uk-ins-00.test,DEMO-UK-POL-0291,2026-01-01,2026-12-31,DEMO-CORR-FR-00,Hexagone Demo Recours (fictional)
DEMO-UK-0292,True,mock-insurance-v2,UK,JB73 EHH,JB73EHH,BMW,3 Series,white,DEMO-UK-INS-01,Oakfield Demo Insurance (fictional),Conducteur fictif UK 0292,conducteur-uk-0292@example.test,Gestionnaire fictif DEMO-UK-INS-01,sinistres@demo-uk-ins-01.test,DEMO-UK-POL-0292,2026-01-01,2026-12-31,DEMO-CORR-FR-01,Azur Demo Recours (fictional)
DEMO-UK-0293,True,mock-insurance-v2,UK,AV73 LLV,AV73LLV,Peugeot,208,white,DEMO-UK-INS-02,Westhaven Demo Motor (fictional),Conducteur fictif UK 0293,conducteur-uk-0293@example.test,Gestionnaire fictif DEMO-UK-INS-02,sinistres@demo-uk-ins-02.test,DEMO-UK-POL-0293,2026-01-01,2026-12-31,DEMO-CORR-FR-02,Loire Demo Recours (fictional)
DEMO-UK-0294,True,mock-insurance-v2,UK,YF25 VAD,YF25VAD,Renault,Clio,white,DEMO-UK-INS-03,Birchwood Demo Cover (fictional),Conducteur fictif UK 0294,conducteur-uk-0294@example.test,Gestionnaire fictif DEMO-UK-INS-03,sinistres@demo-uk-ins-03.test,DEMO-UK-POL-0294,2026-01-01,2026-12-31,DEMO-CORR-FR-03,Alpes Demo Recours (fictional)
DEMO-UK-0295,True,mock-insurance-v2,UK,WR21 PAK,WR21PAK,Volkswagen,Golf,grey,DEMO-UK-INS-04,Meadowbrook Demo Auto (fictional),Conducteur fictif UK 0295,conducteur-uk-0295@example.test,Gestionnaire fictif DEMO-UK-INS-04,sinistres@demo-uk-ins-04.test,DEMO-UK-POL-0295,2026-01-01,2026-12-31,DEMO-CORR-FR-04,Rivage Demo Recours (fictional)
DEMO-UK-0296,True,mock-insurance-v2,UK,HK73 GAM,HK73GAM,Volkswagen,Golf,black,DEMO-UK-INS-00,Northbridge Demo Motor (fictional),Conducteur fictif UK 0296,conducteur-uk-0296@example.test,Gestionnaire fictif DEMO-UK-INS-00,sinistres@demo-uk-ins-00.test,DEMO-UK-POL-0296,2026-01-01,2026-12-31,DEMO-CORR-FR-00,Hexagone Demo Recours (fictional)
DEMO-UK-0297,True,mock-insurance-v2,UK,WX23 BMP,WX23BMP,Volkswagen,Golf,blue,DEMO-UK-INS-01,Oakfield Demo Insurance (fictional),Conducteur fictif UK 0297,conducteur-uk-0297@example.test,Gestionnaire fictif DEMO-UK-INS-01,sinistres@demo-uk-ins-01.test,DEMO-UK-POL-0297,2026-01-01,2026-12-31,DEMO-CORR-FR-01,Azur Demo Recours (fictional)
DEMO-UK-0298,True,mock-insurance-v2,UK,WV70 CLC,WV70CLC,BMW,3 Series,blue,DEMO-UK-INS-02,Westhaven Demo Motor (fictional),Conducteur fictif UK 0298,conducteur-uk-0298@example.test,Gestionnaire fictif DEMO-UK-INS-02,sinistres@demo-uk-ins-02.test,DEMO-UK-POL-0298,2026-01-01,2026-12-31,DEMO-CORR-FR-02,Loire Demo Recours (fictional)
DEMO-UK-0299,True,mock-insurance-v2,UK,TE75 PSY,TE75PSY,Peugeot,208,silver,DEMO-UK-INS-03,Birchwood Demo Cover (fictional),Conducteur fictif UK 0299,conducteur-uk-0299@example.test,Gestionnaire fictif DEMO-UK-INS-03,sinistres@demo-uk-ins-03.test,DEMO-UK-POL-0299,2026-01-01,2026-12-31,DEMO-CORR-FR-03,Alpes Demo Recours (fictional)
DEMO-UK-0300,True,mock-insurance-v2,UK,DJ22 FLY,DJ22FLY,Renault,Clio,black,DEMO-UK-INS-04,Meadowbrook Demo Auto (fictional),Conducteur fictif UK 0300,conducteur-uk-0300@example.test,Gestionnaire fictif DEMO-UK-INS-04,sinistres@demo-uk-ins-04.test,DEMO-UK-POL-0300,2026-01-01,2026-12-31,DEMO-CORR-FR-04,Rivage Demo Recours (fictional)
DEMO-UK-0301,True,mock-insurance-v2,UK,LR22 KDW,LR22KDW,Renault,Clio,black,DEMO-UK-INS-00,Northbridge Demo Motor (fictional),Conducteur fictif UK 0301,conducteur-uk-0301@example.test,Gestionnaire fictif DEMO-UK-INS-00,sinistres@demo-uk-ins-00.test,DEMO-UK-POL-0301,2026-01-01,2026-12-31,DEMO-CORR-FR-00,Hexagone Demo Recours (fictional)
DEMO-UK-0302,True,mock-insurance-v2,UK,XE65 HXF,XE65HXF,Renault,Clio,grey,DEMO-UK-INS-01,Oakfield Demo Insurance (fictional),Conducteur fictif UK 0302,conducteur-uk-0302@example.test,Gestionnaire fictif DEMO-UK-INS-01,sinistres@demo-uk-ins-01.test,DEMO-UK-POL-0302,2026-01-01,2026-12-31,DEMO-CORR-FR-01,Azur Demo Recours (fictional)
DEMO-UK-0303,True,mock-insurance-v2,UK,YM75 PEA,YM75PEA,Ford,Focus,grey,DEMO-UK-INS-02,Westhaven Demo Motor (fictional),Conducteur fictif UK 0303,conducteur-uk-0303@example.test,Gestionnaire fictif DEMO-UK-INS-02,sinistres@demo-uk-ins-02.test,DEMO-UK-POL-0303,2026-01-01,2026-12-31,DEMO-CORR-FR-02,Loire Demo Recours (fictional)
DEMO-UK-0304,True,mock-insurance-v2,UK,MJ72 FEZ,MJ72FEZ,Volkswagen,Golf,white,DEMO-UK-INS-03,Birchwood Demo Cover (fictional),Conducteur fictif UK 0304,conducteur-uk-0304@example.test,Gestionnaire fictif DEMO-UK-INS-03,sinistres@demo-uk-ins-03.test,DEMO-UK-POL-0304,2026-01-01,2026-12-31,DEMO-CORR-FR-03,Alpes Demo Recours (fictional)
DEMO-UK-0305,True,mock-insurance-v2,UK,WN68 YJZ,WN68YJZ,Renault,Clio,grey,DEMO-UK-INS-04,Meadowbrook Demo Auto (fictional),Conducteur fictif UK 0305,conducteur-uk-0305@example.test,Gestionnaire fictif DEMO-UK-INS-04,sinistres@demo-uk-ins-04.test,DEMO-UK-POL-0305,2026-01-01,2026-12-31,DEMO-CORR-FR-04,Rivage Demo Recours (fictional)
DEMO-UK-0306,True,mock-insurance-v2,UK,BS65 SGY,BS65SGY,BMW,3 Series,silver,DEMO-UK-INS-00,Northbridge Demo Motor (fictional),Conducteur fictif UK 0306,conducteur-uk-0306@example.test,Gestionnaire fictif DEMO-UK-INS-00,sinistres@demo-uk-ins-00.test,DEMO-UK-POL-0306,2026-01-01,2026-12-31,DEMO-CORR-FR-00,Hexagone Demo Recours (fictional)
DEMO-UK-0307,True,mock-insurance-v2,UK,BA23 SJC,BA23SJC,Volkswagen,Golf,white,DEMO-UK-INS-01,Oakfield Demo Insurance (fictional),Conducteur fictif UK 0307,conducteur-uk-0307@example.test,Gestionnaire fictif DEMO-UK-INS-01,sinistres@demo-uk-ins-01.test,DEMO-UK-POL-0307,2026-01-01,2026-12-31,DEMO-CORR-FR-01,Azur Demo Recours (fictional)
DEMO-UK-0308,True,mock-insurance-v2,UK,RY75 RJH,RY75RJH,Renault,Clio,white,DEMO-UK-INS-02,Westhaven Demo Motor (fictional),Conducteur fictif UK 0308,conducteur-uk-0308@example.test,Gestionnaire fictif DEMO-UK-INS-02,sinistres@demo-uk-ins-02.test,DEMO-UK-POL-0308,2026-01-01,2026-12-31,DEMO-CORR-FR-02,Loire Demo Recours (fictional)
DEMO-UK-0309,True,mock-insurance-v2,UK,GS15 TDD,GS15TDD,Toyota,Yaris,blue,DEMO-UK-INS-03,Birchwood Demo Cover (fictional),Conducteur fictif UK 0309,conducteur-uk-0309@example.test,Gestionnaire fictif DEMO-UK-INS-03,sinistres@demo-uk-ins-03.test,DEMO-UK-POL-0309,2026-01-01,2026-12-31,DEMO-CORR-FR-03,Alpes Demo Recours (fictional)
DEMO-UK-0310,True,mock-insurance-v2,UK,JE20 ZWW,JE20ZWW,Volkswagen,Golf,blue,DEMO-UK-INS-04,Meadowbrook Demo Auto (fictional),Conducteur fictif UK 0310,conducteur-uk-0310@example.test,Gestionnaire fictif DEMO-UK-INS-04,sinistres@demo-uk-ins-04.test,DEMO-UK-POL-0310,2026-01-01,2026-12-31,DEMO-CORR-FR-04,Rivage Demo Recours (fictional)
DEMO-UK-0311,True,mock-insurance-v2,UK,LK21 HAY,LK21HAY,Toyota,Yaris,grey,DEMO-UK-INS-00,Northbridge Demo Motor (fictional),Conducteur fictif UK 0311,conducteur-uk-0311@example.test,Gestionnaire fictif DEMO-UK-INS-00,sinistres@demo-uk-ins-00.test,DEMO-UK-POL-0311,2026-01-01,2026-12-31,DEMO-CORR-FR-00,Hexagone Demo Recours (fictional)
DEMO-UK-0312,True,mock-insurance-v2,UK,EM62 GAN,EM62GAN,Ford,Focus,blue,DEMO-UK-INS-01,Oakfield Demo Insurance (fictional),Conducteur fictif UK 0312,conducteur-uk-0312@example.test,Gestionnaire fictif DEMO-UK-INS-01,sinistres@demo-uk-ins-01.test,DEMO-UK-POL-0312,2026-01-01,2026-12-31,DEMO-CORR-FR-01,Azur Demo Recours (fictional)
DEMO-UK-0313,True,mock-insurance-v2,UK,CH68 VSK,CH68VSK,Volkswagen,Golf,red,DEMO-UK-INS-02,Westhaven Demo Motor (fictional),Conducteur fictif UK 0313,conducteur-uk-0313@example.test,Gestionnaire fictif DEMO-UK-INS-02,sinistres@demo-uk-ins-02.test,DEMO-UK-POL-0313,2026-01-01,2026-12-31,DEMO-CORR-FR-02,Loire Demo Recours (fictional)
DEMO-UK-0314,True,mock-insurance-v2,UK,RG24 BYY,RG24BYY,Toyota,Yaris,silver,DEMO-UK-INS-03,Birchwood Demo Cover (fictional),Conducteur fictif UK 0314,conducteur-uk-0314@example.test,Gestionnaire fictif DEMO-UK-INS-03,sinistres@demo-uk-ins-03.test,DEMO-UK-POL-0314,2026-01-01,2026-12-31,DEMO-CORR-FR-03,Alpes Demo Recours (fictional)
DEMO-UK-0315,True,mock-insurance-v2,UK,BC68 VLR,BC68VLR,Ford,Focus,black,DEMO-UK-INS-04,Meadowbrook Demo Auto (fictional),Conducteur fictif UK 0315,conducteur-uk-0315@example.test,Gestionnaire fictif DEMO-UK-INS-04,sinistres@demo-uk-ins-04.test,DEMO-UK-POL-0315,2026-01-01,2026-12-31,DEMO-CORR-FR-04,Rivage Demo Recours (fictional)
DEMO-UK-0316,True,mock-insurance-v2,UK,TG23 TTH,TG23TTH,Ford,Focus,silver,DEMO-UK-INS-00,Northbridge Demo Motor (fictional),Conducteur fictif UK 0316,conducteur-uk-0316@example.test,Gestionnaire fictif DEMO-UK-INS-00,sinistres@demo-uk-ins-00.test,DEMO-UK-POL-0316,2026-01-01,2026-12-31,DEMO-CORR-FR-00,Hexagone Demo Recours (fictional)
DEMO-UK-0317,True,mock-insurance-v2,UK,TN25 LEC,TN25LEC,Peugeot,208,silver,DEMO-UK-INS-01,Oakfield Demo Insurance (fictional),Conducteur fictif UK 0317,conducteur-uk-0317@example.test,Gestionnaire fictif DEMO-UK-INS-01,sinistres@demo-uk-ins-01.test,DEMO-UK-POL-0317,2026-01-01,2026-12-31,DEMO-CORR-FR-01,Azur Demo Recours (fictional)
DEMO-UK-0318,True,mock-insurance-v2,UK,FV65 FYR,FV65FYR,Ford,Focus,silver,DEMO-UK-INS-02,Westhaven Demo Motor (fictional),Conducteur fictif UK 0318,conducteur-uk-0318@example.test,Gestionnaire fictif DEMO-UK-INS-02,sinistres@demo-uk-ins-02.test,DEMO-UK-POL-0318,2026-01-01,2026-12-31,DEMO-CORR-FR-02,Loire Demo Recours (fictional)
DEMO-UK-0319,True,mock-insurance-v2,UK,AZ62 ELH,AZ62ELH,Ford,Focus,white,DEMO-UK-INS-03,Birchwood Demo Cover (fictional),Conducteur fictif UK 0319,conducteur-uk-0319@example.test,Gestionnaire fictif DEMO-UK-INS-03,sinistres@demo-uk-ins-03.test,DEMO-UK-POL-0319,2026-01-01,2026-12-31,DEMO-CORR-FR-03,Alpes Demo Recours (fictional)
DEMO-UK-0320,True,mock-insurance-v2,UK,EF22 BWP,EF22BWP,BMW,3 Series,red,DEMO-UK-INS-04,Meadowbrook Demo Auto (fictional),Conducteur fictif UK 0320,conducteur-uk-0320@example.test,Gestionnaire fictif DEMO-UK-INS-04,sinistres@demo-uk-ins-04.test,DEMO-UK-POL-0320,2026-01-01,2026-12-31,DEMO-CORR-FR-04,Rivage Demo Recours (fictional)
DEMO-UK-0321,True,mock-insurance-v2,UK,XG12 XYS,XG12XYS,Volkswagen,Golf,white,DEMO-UK-INS-00,Northbridge Demo Motor (fictional),Conducteur fictif UK 0321,conducteur-uk-0321@example.test,Gestionnaire fictif DEMO-UK-INS-00,sinistres@demo-uk-ins-00.test,DEMO-UK-POL-0321,2026-01-01,2026-12-31,DEMO-CORR-FR-00,Hexagone Demo Recours (fictional)
DEMO-UK-0322,True,mock-insurance-v2,UK,DC73 WMX,DC73WMX,Peugeot,208,blue,DEMO-UK-INS-01,Oakfield Demo Insurance (fictional),Conducteur fictif UK 0322,conducteur-uk-0322@example.test,Gestionnaire fictif DEMO-UK-INS-01,sinistres@demo-uk-ins-01.test,DEMO-UK-POL-0322,2026-01-01,2026-12-31,DEMO-CORR-FR-01,Azur Demo Recours (fictional)
DEMO-UK-0323,True,mock-insurance-v2,UK,FG15 MPW,FG15MPW,Peugeot,208,white,DEMO-UK-INS-02,Westhaven Demo Motor (fictional),Conducteur fictif UK 0323,conducteur-uk-0323@example.test,Gestionnaire fictif DEMO-UK-INS-02,sinistres@demo-uk-ins-02.test,DEMO-UK-POL-0323,2026-01-01,2026-12-31,DEMO-CORR-FR-02,Loire Demo Recours (fictional)
DEMO-UK-0324,True,mock-insurance-v2,UK,FJ24 KJN,FJ24KJN,BMW,3 Series,grey,DEMO-UK-INS-03,Birchwood Demo Cover (fictional),Conducteur fictif UK 0324,conducteur-uk-0324@example.test,Gestionnaire fictif DEMO-UK-INS-03,sinistres@demo-uk-ins-03.test,DEMO-UK-POL-0324,2026-01-01,2026-12-31,DEMO-CORR-FR-03,Alpes Demo Recours (fictional)
DEMO-UK-0325,True,mock-insurance-v2,UK,DM65 BMC,DM65BMC,Toyota,Yaris,red,DEMO-UK-INS-04,Meadowbrook Demo Auto (fictional),Conducteur fictif UK 0325,conducteur-uk-0325@example.test,Gestionnaire fictif DEMO-UK-INS-04,sinistres@demo-uk-ins-04.test,DEMO-UK-POL-0325,2026-01-01,2026-12-31,DEMO-CORR-FR-04,Rivage Demo Recours (fictional)
DEMO-UK-0326,True,mock-insurance-v2,UK,JV25 BRS,JV25BRS,BMW,3 Series,silver,DEMO-UK-INS-00,Northbridge Demo Motor (fictional),Conducteur fictif UK 0326,conducteur-uk-0326@example.test,Gestionnaire fictif DEMO-UK-INS-00,sinistres@demo-uk-ins-00.test,DEMO-UK-POL-0326,2026-01-01,2026-12-31,DEMO-CORR-FR-00,Hexagone Demo Recours (fictional)
DEMO-UK-0327,True,mock-insurance-v2,UK,LB62 JHA,LB62JHA,Ford,Focus,blue,DEMO-UK-INS-01,Oakfield Demo Insurance (fictional),Conducteur fictif UK 0327,conducteur-uk-0327@example.test,Gestionnaire fictif DEMO-UK-INS-01,sinistres@demo-uk-ins-01.test,DEMO-UK-POL-0327,2026-01-01,2026-12-31,DEMO-CORR-FR-01,Azur Demo Recours (fictional)
DEMO-UK-0328,True,mock-insurance-v2,UK,JM74 AFF,JM74AFF,Peugeot,208,black,DEMO-UK-INS-02,Westhaven Demo Motor (fictional),Conducteur fictif UK 0328,conducteur-uk-0328@example.test,Gestionnaire fictif DEMO-UK-INS-02,sinistres@demo-uk-ins-02.test,DEMO-UK-POL-0328,2026-01-01,2026-12-31,DEMO-CORR-FR-02,Loire Demo Recours (fictional)
DEMO-UK-0329,True,mock-insurance-v2,UK,SJ18 VJG,SJ18VJG,Toyota,Yaris,silver,DEMO-UK-INS-03,Birchwood Demo Cover (fictional),Conducteur fictif UK 0329,conducteur-uk-0329@example.test,Gestionnaire fictif DEMO-UK-INS-03,sinistres@demo-uk-ins-03.test,DEMO-UK-POL-0329,2026-01-01,2026-12-31,DEMO-CORR-FR-03,Alpes Demo Recours (fictional)
DEMO-UK-0330,True,mock-insurance-v2,UK,HF70 XZM,HF70XZM,Peugeot,208,silver,DEMO-UK-INS-04,Meadowbrook Demo Auto (fictional),Conducteur fictif UK 0330,conducteur-uk-0330@example.test,Gestionnaire fictif DEMO-UK-INS-04,sinistres@demo-uk-ins-04.test,DEMO-UK-POL-0330,2026-01-01,2026-12-31,DEMO-CORR-FR-04,Rivage Demo Recours (fictional)
DEMO-UK-0331,True,mock-insurance-v2,UK,WS70 PFW,WS70PFW,Toyota,Yaris,silver,DEMO-UK-INS-00,Northbridge Demo Motor (fictional),Conducteur fictif UK 0331,conducteur-uk-0331@example.test,Gestionnaire fictif DEMO-UK-INS-00,sinistres@demo-uk-ins-00.test,DEMO-UK-POL-0331,2026-01-01,2026-12-31,DEMO-CORR-FR-00,Hexagone Demo Recours (fictional)
DEMO-UK-0332,True,mock-insurance-v2,UK,DW74 TRX,DW74TRX,Ford,Focus,silver,DEMO-UK-INS-01,Oakfield Demo Insurance (fictional),Conducteur fictif UK 0332,conducteur-uk-0332@example.test,Gestionnaire fictif DEMO-UK-INS-01,sinistres@demo-uk-ins-01.test,DEMO-UK-POL-0332,2026-01-01,2026-12-31,DEMO-CORR-FR-01,Azur Demo Recours (fictional)
DEMO-UK-0333,True,mock-insurance-v2,UK,WT75 ZFR,WT75ZFR,Ford,Focus,silver,DEMO-UK-INS-02,Westhaven Demo Motor (fictional),Conducteur fictif UK 0333,conducteur-uk-0333@example.test,Gestionnaire fictif DEMO-UK-INS-02,sinistres@demo-uk-ins-02.test,DEMO-UK-POL-0333,2026-01-01,2026-12-31,DEMO-CORR-FR-02,Loire Demo Recours (fictional)
DEMO-UK-0334,True,mock-insurance-v2,UK,SE65 YMT,SE65YMT,BMW,3 Series,silver,DEMO-UK-INS-03,Birchwood Demo Cover (fictional),Conducteur fictif UK 0334,conducteur-uk-0334@example.test,Gestionnaire fictif DEMO-UK-INS-03,sinistres@demo-uk-ins-03.test,DEMO-UK-POL-0334,2026-01-01,2026-12-31,DEMO-CORR-FR-03,Alpes Demo Recours (fictional)
DEMO-UK-0335,True,mock-insurance-v2,UK,MM74 KTW,MM74KTW,Ford,Focus,black,DEMO-UK-INS-04,Meadowbrook Demo Auto (fictional),Conducteur fictif UK 0335,conducteur-uk-0335@example.test,Gestionnaire fictif DEMO-UK-INS-04,sinistres@demo-uk-ins-04.test,DEMO-UK-POL-0335,2026-01-01,2026-12-31,DEMO-CORR-FR-04,Rivage Demo Recours (fictional)
DEMO-UK-0336,True,mock-insurance-v2,UK,FW21 FDE,FW21FDE,BMW,3 Series,white,DEMO-UK-INS-00,Northbridge Demo Motor (fictional),Conducteur fictif UK 0336,conducteur-uk-0336@example.test,Gestionnaire fictif DEMO-UK-INS-00,sinistres@demo-uk-ins-00.test,DEMO-UK-POL-0336,2026-01-01,2026-12-31,DEMO-CORR-FR-00,Hexagone Demo Recours (fictional)
DEMO-UK-0337,True,mock-insurance-v2,UK,DW24 LRZ,DW24LRZ,BMW,3 Series,blue,DEMO-UK-INS-01,Oakfield Demo Insurance (fictional),Conducteur fictif UK 0337,conducteur-uk-0337@example.test,Gestionnaire fictif DEMO-UK-INS-01,sinistres@demo-uk-ins-01.test,DEMO-UK-POL-0337,2026-01-01,2026-12-31,DEMO-CORR-FR-01,Azur Demo Recours (fictional)
DEMO-UK-0338,True,mock-insurance-v2,UK,FE73 WGK,FE73WGK,BMW,3 Series,red,DEMO-UK-INS-02,Westhaven Demo Motor (fictional),Conducteur fictif UK 0338,conducteur-uk-0338@example.test,Gestionnaire fictif DEMO-UK-INS-02,sinistres@demo-uk-ins-02.test,DEMO-UK-POL-0338,2026-01-01,2026-12-31,DEMO-CORR-FR-02,Loire Demo Recours (fictional)
DEMO-UK-0339,True,mock-insurance-v2,UK,DA72 RLB,DA72RLB,BMW,3 Series,red,DEMO-UK-INS-03,Birchwood Demo Cover (fictional),Conducteur fictif UK 0339,conducteur-uk-0339@example.test,Gestionnaire fictif DEMO-UK-INS-03,sinistres@demo-uk-ins-03.test,DEMO-UK-POL-0339,2026-01-01,2026-12-31,DEMO-CORR-FR-03,Alpes Demo Recours (fictional)
DEMO-UK-0340,True,mock-insurance-v2,UK,BK75 BTS,BK75BTS,Peugeot,208,blue,DEMO-UK-INS-04,Meadowbrook Demo Auto (fictional),Conducteur fictif UK 0340,conducteur-uk-0340@example.test,Gestionnaire fictif DEMO-UK-INS-04,sinistres@demo-uk-ins-04.test,DEMO-UK-POL-0340,2026-01-01,2026-12-31,DEMO-CORR-FR-04,Rivage Demo Recours (fictional)
DEMO-UK-0341,True,mock-insurance-v2,UK,RA75 ZNK,RA75ZNK,Renault,Clio,silver,DEMO-UK-INS-00,Northbridge Demo Motor (fictional),Conducteur fictif UK 0341,conducteur-uk-0341@example.test,Gestionnaire fictif DEMO-UK-INS-00,sinistres@demo-uk-ins-00.test,DEMO-UK-POL-0341,2026-01-01,2026-12-31,DEMO-CORR-FR-00,Hexagone Demo Recours (fictional)
DEMO-UK-0342,True,mock-insurance-v2,UK,NV71 EBZ,NV71EBZ,Ford,Focus,red,DEMO-UK-INS-01,Oakfield Demo Insurance (fictional),Conducteur fictif UK 0342,conducteur-uk-0342@example.test,Gestionnaire fictif DEMO-UK-INS-01,sinistres@demo-uk-ins-01.test,DEMO-UK-POL-0342,2026-01-01,2026-12-31,DEMO-CORR-FR-01,Azur Demo Recours (fictional)
DEMO-UK-0343,True,mock-insurance-v2,UK,CV75 WJZ,CV75WJZ,Peugeot,208,blue,DEMO-UK-INS-02,Westhaven Demo Motor (fictional),Conducteur fictif UK 0343,conducteur-uk-0343@example.test,Gestionnaire fictif DEMO-UK-INS-02,sinistres@demo-uk-ins-02.test,DEMO-UK-POL-0343,2026-01-01,2026-12-31,DEMO-CORR-FR-02,Loire Demo Recours (fictional)
DEMO-UK-0344,True,mock-insurance-v2,UK,VN73 VCE,VN73VCE,Ford,Focus,silver,DEMO-UK-INS-03,Birchwood Demo Cover (fictional),Conducteur fictif UK 0344,conducteur-uk-0344@example.test,Gestionnaire fictif DEMO-UK-INS-03,sinistres@demo-uk-ins-03.test,DEMO-UK-POL-0344,2026-01-01,2026-12-31,DEMO-CORR-FR-03,Alpes Demo Recours (fictional)
DEMO-UK-0345,True,mock-insurance-v2,UK,EL15 EJX,EL15EJX,Ford,Focus,grey,DEMO-UK-INS-04,Meadowbrook Demo Auto (fictional),Conducteur fictif UK 0345,conducteur-uk-0345@example.test,Gestionnaire fictif DEMO-UK-INS-04,sinistres@demo-uk-ins-04.test,DEMO-UK-POL-0345,2026-01-01,2026-12-31,DEMO-CORR-FR-04,Rivage Demo Recours (fictional)
DEMO-UK-0346,True,mock-insurance-v2,UK,BN25 RPD,BN25RPD,Toyota,Yaris,red,DEMO-UK-INS-00,Northbridge Demo Motor (fictional),Conducteur fictif UK 0346,conducteur-uk-0346@example.test,Gestionnaire fictif DEMO-UK-INS-00,sinistres@demo-uk-ins-00.test,DEMO-UK-POL-0346,2026-01-01,2026-12-31,DEMO-CORR-FR-00,Hexagone Demo Recours (fictional)
DEMO-UK-0347,True,mock-insurance-v2,UK,CN71 PTL,CN71PTL,Volkswagen,Golf,white,DEMO-UK-INS-01,Oakfield Demo Insurance (fictional),Conducteur fictif UK 0347,conducteur-uk-0347@example.test,Gestionnaire fictif DEMO-UK-INS-01,sinistres@demo-uk-ins-01.test,DEMO-UK-POL-0347,2026-01-01,2026-12-31,DEMO-CORR-FR-01,Azur Demo Recours (fictional)
DEMO-UK-0348,True,mock-insurance-v2,UK,XR21 RKL,XR21RKL,Peugeot,208,black,DEMO-UK-INS-02,Westhaven Demo Motor (fictional),Conducteur fictif UK 0348,conducteur-uk-0348@example.test,Gestionnaire fictif DEMO-UK-INS-02,sinistres@demo-uk-ins-02.test,DEMO-UK-POL-0348,2026-01-01,2026-12-31,DEMO-CORR-FR-02,Loire Demo Recours (fictional)
DEMO-UK-0349,True,mock-insurance-v2,UK,HL75 AJM,HL75AJM,Renault,Clio,black,DEMO-UK-INS-03,Birchwood Demo Cover (fictional),Conducteur fictif UK 0349,conducteur-uk-0349@example.test,Gestionnaire fictif DEMO-UK-INS-03,sinistres@demo-uk-ins-03.test,DEMO-UK-POL-0349,2026-01-01,2026-12-31,DEMO-CORR-FR-03,Alpes Demo Recours (fictional)
DEMO-UK-0350,True,mock-insurance-v2,UK,TF21 LYP,TF21LYP,Peugeot,208,grey,DEMO-UK-INS-04,Meadowbrook Demo Auto (fictional),Conducteur fictif UK 0350,conducteur-uk-0350@example.test,Gestionnaire fictif DEMO-UK-INS-04,sinistres@demo-uk-ins-04.test,DEMO-UK-POL-0350,2026-01-01,2026-12-31,DEMO-CORR-FR-04,Rivage Demo Recours (fictional)
DEMO-UK-0351,True,mock-insurance-v2,UK,MH25 NFS,MH25NFS,Toyota,Yaris,grey,DEMO-UK-INS-00,Northbridge Demo Motor (fictional),Conducteur fictif UK 0351,conducteur-uk-0351@example.test,Gestionnaire fictif DEMO-UK-INS-00,sinistres@demo-uk-ins-00.test,DEMO-UK-POL-0351,2026-01-01,2026-12-31,DEMO-CORR-FR-00,Hexagone Demo Recours (fictional)
DEMO-UK-0352,True,mock-insurance-v2,UK,TK24 YCX,TK24YCX,BMW,3 Series,blue,DEMO-UK-INS-01,Oakfield Demo Insurance (fictional),Conducteur fictif UK 0352,conducteur-uk-0352@example.test,Gestionnaire fictif DEMO-UK-INS-01,sinistres@demo-uk-ins-01.test,DEMO-UK-POL-0352,2026-01-01,2026-12-31,DEMO-CORR-FR-01,Azur Demo Recours (fictional)
DEMO-UK-0353,True,mock-insurance-v2,UK,SF75 SKF,SF75SKF,Toyota,Yaris,white,DEMO-UK-INS-02,Westhaven Demo Motor (fictional),Conducteur fictif UK 0353,conducteur-uk-0353@example.test,Gestionnaire fictif DEMO-UK-INS-02,sinistres@demo-uk-ins-02.test,DEMO-UK-POL-0353,2026-01-01,2026-12-31,DEMO-CORR-FR-02,Loire Demo Recours (fictional)
DEMO-UK-0354,True,mock-insurance-v2,UK,HF73 YTW,HF73YTW,Peugeot,208,black,DEMO-UK-INS-03,Birchwood Demo Cover (fictional),Conducteur fictif UK 0354,conducteur-uk-0354@example.test,Gestionnaire fictif DEMO-UK-INS-03,sinistres@demo-uk-ins-03.test,DEMO-UK-POL-0354,2026-01-01,2026-12-31,DEMO-CORR-FR-03,Alpes Demo Recours (fictional)
DEMO-UK-0355,True,mock-insurance-v2,UK,JP74 YND,JP74YND,Peugeot,208,red,DEMO-UK-INS-04,Meadowbrook Demo Auto (fictional),Conducteur fictif UK 0355,conducteur-uk-0355@example.test,Gestionnaire fictif DEMO-UK-INS-04,sinistres@demo-uk-ins-04.test,DEMO-UK-POL-0355,2026-01-01,2026-12-31,DEMO-CORR-FR-04,Rivage Demo Recours (fictional)
DEMO-UK-0356,True,mock-insurance-v2,UK,YF18 AKY,YF18AKY,Ford,Focus,black,DEMO-UK-INS-00,Northbridge Demo Motor (fictional),Conducteur fictif UK 0356,conducteur-uk-0356@example.test,Gestionnaire fictif DEMO-UK-INS-00,sinistres@demo-uk-ins-00.test,DEMO-UK-POL-0356,2026-01-01,2026-12-31,DEMO-CORR-FR-00,Hexagone Demo Recours (fictional)
DEMO-UK-0357,True,mock-insurance-v2,UK,MP24 XHR,MP24XHR,Peugeot,208,blue,DEMO-UK-INS-01,Oakfield Demo Insurance (fictional),Conducteur fictif UK 0357,conducteur-uk-0357@example.test,Gestionnaire fictif DEMO-UK-INS-01,sinistres@demo-uk-ins-01.test,DEMO-UK-POL-0357,2026-01-01,2026-12-31,DEMO-CORR-FR-01,Azur Demo Recours (fictional)
DEMO-UK-0358,True,mock-insurance-v2,UK,YJ15 CXH,YJ15CXH,BMW,3 Series,silver,DEMO-UK-INS-02,Westhaven Demo Motor (fictional),Conducteur fictif UK 0358,conducteur-uk-0358@example.test,Gestionnaire fictif DEMO-UK-INS-02,sinistres@demo-uk-ins-02.test,DEMO-UK-POL-0358,2026-01-01,2026-12-31,DEMO-CORR-FR-02,Loire Demo Recours (fictional)
DEMO-UK-0359,True,mock-insurance-v2,UK,RW23 MGW,RW23MGW,Peugeot,208,grey,DEMO-UK-INS-03,Birchwood Demo Cover (fictional),Conducteur fictif UK 0359,conducteur-uk-0359@example.test,Gestionnaire fictif DEMO-UK-INS-03,sinistres@demo-uk-ins-03.test,DEMO-UK-POL-0359,2026-01-01,2026-12-31,DEMO-CORR-FR-03,Alpes Demo Recours (fictional)
DEMO-UK-0360,True,mock-insurance-v2,UK,JB71 WGS,JB71WGS,Peugeot,208,red,DEMO-UK-INS-04,Meadowbrook Demo Auto (fictional),Conducteur fictif UK 0360,conducteur-uk-0360@example.test,Gestionnaire fictif DEMO-UK-INS-04,sinistres@demo-uk-ins-04.test,DEMO-UK-POL-0360,2026-01-01,2026-12-31,DEMO-CORR-FR-04,Rivage Demo Recours (fictional)
DEMO-UK-0361,True,mock-insurance-v2,UK,MJ21 BJK,MJ21BJK,Peugeot,208,silver,DEMO-UK-INS-00,Northbridge Demo Motor (fictional),Conducteur fictif UK 0361,conducteur-uk-0361@example.test,Gestionnaire fictif DEMO-UK-INS-00,sinistres@demo-uk-ins-00.test,DEMO-UK-POL-0361,2026-01-01,2026-12-31,DEMO-CORR-FR-00,Hexagone Demo Recours (fictional)
DEMO-UK-0362,True,mock-insurance-v2,UK,TT74 RTT,TT74RTT,Renault,Clio,silver,DEMO-UK-INS-01,Oakfield Demo Insurance (fictional),Conducteur fictif UK 0362,conducteur-uk-0362@example.test,Gestionnaire fictif DEMO-UK-INS-01,sinistres@demo-uk-ins-01.test,DEMO-UK-POL-0362,2026-01-01,2026-12-31,DEMO-CORR-FR-01,Azur Demo Recours (fictional)
DEMO-UK-0363,True,mock-insurance-v2,UK,XE24 LGL,XE24LGL,Ford,Focus,white,DEMO-UK-INS-02,Westhaven Demo Motor (fictional),Conducteur fictif UK 0363,conducteur-uk-0363@example.test,Gestionnaire fictif DEMO-UK-INS-02,sinistres@demo-uk-ins-02.test,DEMO-UK-POL-0363,2026-01-01,2026-12-31,DEMO-CORR-FR-02,Loire Demo Recours (fictional)
DEMO-UK-0364,True,mock-insurance-v2,UK,TK72 YGC,TK72YGC,Volkswagen,Golf,blue,DEMO-UK-INS-03,Birchwood Demo Cover (fictional),Conducteur fictif UK 0364,conducteur-uk-0364@example.test,Gestionnaire fictif DEMO-UK-INS-03,sinistres@demo-uk-ins-03.test,DEMO-UK-POL-0364,2026-01-01,2026-12-31,DEMO-CORR-FR-03,Alpes Demo Recours (fictional)
DEMO-UK-0365,True,mock-insurance-v2,UK,ZH65 SYA,ZH65SYA,Toyota,Yaris,white,DEMO-UK-INS-04,Meadowbrook Demo Auto (fictional),Conducteur fictif UK 0365,conducteur-uk-0365@example.test,Gestionnaire fictif DEMO-UK-INS-04,sinistres@demo-uk-ins-04.test,DEMO-UK-POL-0365,2026-01-01,2026-12-31,DEMO-CORR-FR-04,Rivage Demo Recours (fictional)
DEMO-UK-0366,True,mock-insurance-v2,UK,FX20 GWN,FX20GWN,Ford,Focus,grey,DEMO-UK-INS-00,Northbridge Demo Motor (fictional),Conducteur fictif UK 0366,conducteur-uk-0366@example.test,Gestionnaire fictif DEMO-UK-INS-00,sinistres@demo-uk-ins-00.test,DEMO-UK-POL-0366,2026-01-01,2026-12-31,DEMO-CORR-FR-00,Hexagone Demo Recours (fictional)
DEMO-UK-0367,True,mock-insurance-v2,UK,EK25 HZS,EK25HZS,Volkswagen,Golf,grey,DEMO-UK-INS-01,Oakfield Demo Insurance (fictional),Conducteur fictif UK 0367,conducteur-uk-0367@example.test,Gestionnaire fictif DEMO-UK-INS-01,sinistres@demo-uk-ins-01.test,DEMO-UK-POL-0367,2026-01-01,2026-12-31,DEMO-CORR-FR-01,Azur Demo Recours (fictional)
DEMO-UK-0368,True,mock-insurance-v2,UK,RW65 MTF,RW65MTF,BMW,3 Series,black,DEMO-UK-INS-02,Westhaven Demo Motor (fictional),Conducteur fictif UK 0368,conducteur-uk-0368@example.test,Gestionnaire fictif DEMO-UK-INS-02,sinistres@demo-uk-ins-02.test,DEMO-UK-POL-0368,2026-01-01,2026-12-31,DEMO-CORR-FR-02,Loire Demo Recours (fictional)
DEMO-UK-0369,True,mock-insurance-v2,UK,BT70 VJM,BT70VJM,BMW,3 Series,blue,DEMO-UK-INS-03,Birchwood Demo Cover (fictional),Conducteur fictif UK 0369,conducteur-uk-0369@example.test,Gestionnaire fictif DEMO-UK-INS-03,sinistres@demo-uk-ins-03.test,DEMO-UK-POL-0369,2026-01-01,2026-12-31,DEMO-CORR-FR-03,Alpes Demo Recours (fictional)
DEMO-UK-0370,True,mock-insurance-v2,UK,VP23 XYC,VP23XYC,Renault,Clio,blue,DEMO-UK-INS-04,Meadowbrook Demo Auto (fictional),Conducteur fictif UK 0370,conducteur-uk-0370@example.test,Gestionnaire fictif DEMO-UK-INS-04,sinistres@demo-uk-ins-04.test,DEMO-UK-POL-0370,2026-01-01,2026-12-31,DEMO-CORR-FR-04,Rivage Demo Recours (fictional)
DEMO-UK-0371,True,mock-insurance-v2,UK,PW68 ETH,PW68ETH,BMW,3 Series,grey,DEMO-UK-INS-00,Northbridge Demo Motor (fictional),Conducteur fictif UK 0371,conducteur-uk-0371@example.test,Gestionnaire fictif DEMO-UK-INS-00,sinistres@demo-uk-ins-00.test,DEMO-UK-POL-0371,2026-01-01,2026-12-31,DEMO-CORR-FR-00,Hexagone Demo Recours (fictional)
DEMO-UK-0372,True,mock-insurance-v2,UK,WB62 DZD,WB62DZD,BMW,3 Series,silver,DEMO-UK-INS-01,Oakfield Demo Insurance (fictional),Conducteur fictif UK 0372,conducteur-uk-0372@example.test,Gestionnaire fictif DEMO-UK-INS-01,sinistres@demo-uk-ins-01.test,DEMO-UK-POL-0372,2026-01-01,2026-12-31,DEMO-CORR-FR-01,Azur Demo Recours (fictional)
DEMO-UK-0373,True,mock-insurance-v2,UK,KE21 NTT,KE21NTT,Peugeot,208,black,DEMO-UK-INS-02,Westhaven Demo Motor (fictional),Conducteur fictif UK 0373,conducteur-uk-0373@example.test,Gestionnaire fictif DEMO-UK-INS-02,sinistres@demo-uk-ins-02.test,DEMO-UK-POL-0373,2026-01-01,2026-12-31,DEMO-CORR-FR-02,Loire Demo Recours (fictional)
DEMO-UK-0374,True,mock-insurance-v2,UK,VF15 MDP,VF15MDP,BMW,3 Series,blue,DEMO-UK-INS-03,Birchwood Demo Cover (fictional),Conducteur fictif UK 0374,conducteur-uk-0374@example.test,Gestionnaire fictif DEMO-UK-INS-03,sinistres@demo-uk-ins-03.test,DEMO-UK-POL-0374,2026-01-01,2026-12-31,DEMO-CORR-FR-03,Alpes Demo Recours (fictional)
DEMO-UK-0375,True,mock-insurance-v2,UK,DV74 CRD,DV74CRD,Volkswagen,Golf,blue,DEMO-UK-INS-04,Meadowbrook Demo Auto (fictional),Conducteur fictif UK 0375,conducteur-uk-0375@example.test,Gestionnaire fictif DEMO-UK-INS-04,sinistres@demo-uk-ins-04.test,DEMO-UK-POL-0375,2026-01-01,2026-12-31,DEMO-CORR-FR-04,Rivage Demo Recours (fictional)
DEMO-UK-0376,True,mock-insurance-v2,UK,NG12 CAJ,NG12CAJ,BMW,3 Series,white,DEMO-UK-INS-00,Northbridge Demo Motor (fictional),Conducteur fictif UK 0376,conducteur-uk-0376@example.test,Gestionnaire fictif DEMO-UK-INS-00,sinistres@demo-uk-ins-00.test,DEMO-UK-POL-0376,2026-01-01,2026-12-31,DEMO-CORR-FR-00,Hexagone Demo Recours (fictional)
DEMO-UK-0377,True,mock-insurance-v2,UK,LK15 LLA,LK15LLA,Peugeot,208,white,DEMO-UK-INS-01,Oakfield Demo Insurance (fictional),Conducteur fictif UK 0377,conducteur-uk-0377@example.test,Gestionnaire fictif DEMO-UK-INS-01,sinistres@demo-uk-ins-01.test,DEMO-UK-POL-0377,2026-01-01,2026-12-31,DEMO-CORR-FR-01,Azur Demo Recours (fictional)
DEMO-UK-0378,True,mock-insurance-v2,UK,CG23 FSL,CG23FSL,Ford,Focus,black,DEMO-UK-INS-02,Westhaven Demo Motor (fictional),Conducteur fictif UK 0378,conducteur-uk-0378@example.test,Gestionnaire fictif DEMO-UK-INS-02,sinistres@demo-uk-ins-02.test,DEMO-UK-POL-0378,2026-01-01,2026-12-31,DEMO-CORR-FR-02,Loire Demo Recours (fictional)
DEMO-UK-0379,True,mock-insurance-v2,UK,CK68 ZDL,CK68ZDL,Ford,Focus,black,DEMO-UK-INS-03,Birchwood Demo Cover (fictional),Conducteur fictif UK 0379,conducteur-uk-0379@example.test,Gestionnaire fictif DEMO-UK-INS-03,sinistres@demo-uk-ins-03.test,DEMO-UK-POL-0379,2026-01-01,2026-12-31,DEMO-CORR-FR-03,Alpes Demo Recours (fictional)
DEMO-UK-0380,True,mock-insurance-v2,UK,WY21 LYV,WY21LYV,BMW,3 Series,white,DEMO-UK-INS-04,Meadowbrook Demo Auto (fictional),Conducteur fictif UK 0380,conducteur-uk-0380@example.test,Gestionnaire fictif DEMO-UK-INS-04,sinistres@demo-uk-ins-04.test,DEMO-UK-POL-0380,2026-01-01,2026-12-31,DEMO-CORR-FR-04,Rivage Demo Recours (fictional)
DEMO-UK-0381,True,mock-insurance-v2,UK,XY25 PFX,XY25PFX,Volkswagen,Golf,silver,DEMO-UK-INS-00,Northbridge Demo Motor (fictional),Conducteur fictif UK 0381,conducteur-uk-0381@example.test,Gestionnaire fictif DEMO-UK-INS-00,sinistres@demo-uk-ins-00.test,DEMO-UK-POL-0381,2026-01-01,2026-12-31,DEMO-CORR-FR-00,Hexagone Demo Recours (fictional)
DEMO-UK-0382,True,mock-insurance-v2,UK,WA62 HYR,WA62HYR,Volkswagen,Golf,grey,DEMO-UK-INS-01,Oakfield Demo Insurance (fictional),Conducteur fictif UK 0382,conducteur-uk-0382@example.test,Gestionnaire fictif DEMO-UK-INS-01,sinistres@demo-uk-ins-01.test,DEMO-UK-POL-0382,2026-01-01,2026-12-31,DEMO-CORR-FR-01,Azur Demo Recours (fictional)
DEMO-UK-0383,True,mock-insurance-v2,UK,WY73 MFX,WY73MFX,Renault,Clio,red,DEMO-UK-INS-02,Westhaven Demo Motor (fictional),Conducteur fictif UK 0383,conducteur-uk-0383@example.test,Gestionnaire fictif DEMO-UK-INS-02,sinistres@demo-uk-ins-02.test,DEMO-UK-POL-0383,2026-01-01,2026-12-31,DEMO-CORR-FR-02,Loire Demo Recours (fictional)
DEMO-UK-0384,True,mock-insurance-v2,UK,WY15 FJJ,WY15FJJ,Peugeot,208,black,DEMO-UK-INS-03,Birchwood Demo Cover (fictional),Conducteur fictif UK 0384,conducteur-uk-0384@example.test,Gestionnaire fictif DEMO-UK-INS-03,sinistres@demo-uk-ins-03.test,DEMO-UK-POL-0384,2026-01-01,2026-12-31,DEMO-CORR-FR-03,Alpes Demo Recours (fictional)
DEMO-UK-0385,True,mock-insurance-v2,UK,NN75 WMW,NN75WMW,Volkswagen,Golf,grey,DEMO-UK-INS-04,Meadowbrook Demo Auto (fictional),Conducteur fictif UK 0385,conducteur-uk-0385@example.test,Gestionnaire fictif DEMO-UK-INS-04,sinistres@demo-uk-ins-04.test,DEMO-UK-POL-0385,2026-01-01,2026-12-31,DEMO-CORR-FR-04,Rivage Demo Recours (fictional)
DEMO-UK-0386,True,mock-insurance-v2,UK,TB71 WCA,TB71WCA,Volkswagen,Golf,grey,DEMO-UK-INS-00,Northbridge Demo Motor (fictional),Conducteur fictif UK 0386,conducteur-uk-0386@example.test,Gestionnaire fictif DEMO-UK-INS-00,sinistres@demo-uk-ins-00.test,DEMO-UK-POL-0386,2026-01-01,2026-12-31,DEMO-CORR-FR-00,Hexagone Demo Recours (fictional)
DEMO-UK-0387,True,mock-insurance-v2,UK,TW24 TSW,TW24TSW,Volkswagen,Golf,black,DEMO-UK-INS-01,Oakfield Demo Insurance (fictional),Conducteur fictif UK 0387,conducteur-uk-0387@example.test,Gestionnaire fictif DEMO-UK-INS-01,sinistres@demo-uk-ins-01.test,DEMO-UK-POL-0387,2026-01-01,2026-12-31,DEMO-CORR-FR-01,Azur Demo Recours (fictional)
DEMO-UK-0388,True,mock-insurance-v2,UK,XG21 BED,XG21BED,Toyota,Yaris,blue,DEMO-UK-INS-02,Westhaven Demo Motor (fictional),Conducteur fictif UK 0388,conducteur-uk-0388@example.test,Gestionnaire fictif DEMO-UK-INS-02,sinistres@demo-uk-ins-02.test,DEMO-UK-POL-0388,2026-01-01,2026-12-31,DEMO-CORR-FR-02,Loire Demo Recours (fictional)
DEMO-UK-0389,True,mock-insurance-v2,UK,TR65 KWS,TR65KWS,Ford,Focus,red,DEMO-UK-INS-03,Birchwood Demo Cover (fictional),Conducteur fictif UK 0389,conducteur-uk-0389@example.test,Gestionnaire fictif DEMO-UK-INS-03,sinistres@demo-uk-ins-03.test,DEMO-UK-POL-0389,2026-01-01,2026-12-31,DEMO-CORR-FR-03,Alpes Demo Recours (fictional)
DEMO-UK-0390,True,mock-insurance-v2,UK,NN12 YYT,NN12YYT,Renault,Clio,grey,DEMO-UK-INS-04,Meadowbrook Demo Auto (fictional),Conducteur fictif UK 0390,conducteur-uk-0390@example.test,Gestionnaire fictif DEMO-UK-INS-04,sinistres@demo-uk-ins-04.test,DEMO-UK-POL-0390,2026-01-01,2026-12-31,DEMO-CORR-FR-04,Rivage Demo Recours (fictional)
DEMO-UK-0391,True,mock-insurance-v2,UK,JN73 LES,JN73LES,Toyota,Yaris,white,DEMO-UK-INS-00,Northbridge Demo Motor (fictional),Conducteur fictif UK 0391,conducteur-uk-0391@example.test,Gestionnaire fictif DEMO-UK-INS-00,sinistres@demo-uk-ins-00.test,DEMO-UK-POL-0391,2026-01-01,2026-12-31,DEMO-CORR-FR-00,Hexagone Demo Recours (fictional)
DEMO-UK-0392,True,mock-insurance-v2,UK,TL22 RGW,TL22RGW,Ford,Focus,blue,DEMO-UK-INS-01,Oakfield Demo Insurance (fictional),Conducteur fictif UK 0392,conducteur-uk-0392@example.test,Gestionnaire fictif DEMO-UK-INS-01,sinistres@demo-uk-ins-01.test,DEMO-UK-POL-0392,2026-01-01,2026-12-31,DEMO-CORR-FR-01,Azur Demo Recours (fictional)
DEMO-UK-0393,True,mock-insurance-v2,UK,LF18 RLG,LF18RLG,Ford,Focus,grey,DEMO-UK-INS-02,Westhaven Demo Motor (fictional),Conducteur fictif UK 0393,conducteur-uk-0393@example.test,Gestionnaire fictif DEMO-UK-INS-02,sinistres@demo-uk-ins-02.test,DEMO-UK-POL-0393,2026-01-01,2026-12-31,DEMO-CORR-FR-02,Loire Demo Recours (fictional)
DEMO-UK-0394,True,mock-insurance-v2,UK,HB71 ASZ,HB71ASZ,Ford,Focus,silver,DEMO-UK-INS-03,Birchwood Demo Cover (fictional),Conducteur fictif UK 0394,conducteur-uk-0394@example.test,Gestionnaire fictif DEMO-UK-INS-03,sinistres@demo-uk-ins-03.test,DEMO-UK-POL-0394,2026-01-01,2026-12-31,DEMO-CORR-FR-03,Alpes Demo Recours (fictional)
DEMO-UK-0395,True,mock-insurance-v2,UK,XC62 WMB,XC62WMB,Peugeot,208,grey,DEMO-UK-INS-04,Meadowbrook Demo Auto (fictional),Conducteur fictif UK 0395,conducteur-uk-0395@example.test,Gestionnaire fictif DEMO-UK-INS-04,sinistres@demo-uk-ins-04.test,DEMO-UK-POL-0395,2026-01-01,2026-12-31,DEMO-CORR-FR-04,Rivage Demo Recours (fictional)
DEMO-UK-0396,True,mock-insurance-v2,UK,LY24 MTD,LY24MTD,Ford,Focus,white,DEMO-UK-INS-00,Northbridge Demo Motor (fictional),Conducteur fictif UK 0396,conducteur-uk-0396@example.test,Gestionnaire fictif DEMO-UK-INS-00,sinistres@demo-uk-ins-00.test,DEMO-UK-POL-0396,2026-01-01,2026-12-31,DEMO-CORR-FR-00,Hexagone Demo Recours (fictional)
DEMO-UK-0397,True,mock-insurance-v2,UK,JR62 JRE,JR62JRE,Toyota,Yaris,white,DEMO-UK-INS-01,Oakfield Demo Insurance (fictional),Conducteur fictif UK 0397,conducteur-uk-0397@example.test,Gestionnaire fictif DEMO-UK-INS-01,sinistres@demo-uk-ins-01.test,DEMO-UK-POL-0397,2026-01-01,2026-12-31,DEMO-CORR-FR-01,Azur Demo Recours (fictional)
DEMO-UK-0398,True,mock-insurance-v2,UK,ZE65 MFN,ZE65MFN,Ford,Focus,blue,DEMO-UK-INS-02,Westhaven Demo Motor (fictional),Conducteur fictif UK 0398,conducteur-uk-0398@example.test,Gestionnaire fictif DEMO-UK-INS-02,sinistres@demo-uk-ins-02.test,DEMO-UK-POL-0398,2026-01-01,2026-12-31,DEMO-CORR-FR-02,Loire Demo Recours (fictional)
DEMO-UK-0399,True,mock-insurance-v2,UK,ZR22 DBY,ZR22DBY,Ford,Focus,white,DEMO-UK-INS-03,Birchwood Demo Cover (fictional),Conducteur fictif UK 0399,conducteur-uk-0399@example.test,Gestionnaire fictif DEMO-UK-INS-03,sinistres@demo-uk-ins-03.test,DEMO-UK-POL-0399,2026-01-01,2026-12-31,DEMO-CORR-FR-03,Alpes Demo Recours (fictional)
DEMO-UK-0400,True,mock-insurance-v2,UK,YD65 KVB,YD65KVB,Renault,Clio,red,DEMO-UK-INS-04,Meadowbrook Demo Auto (fictional),Conducteur fictif UK 0400,conducteur-uk-0400@example.test,Gestionnaire fictif DEMO-UK-INS-04,sinistres@demo-uk-ins-04.test,DEMO-UK-POL-0400,2026-01-01,2026-12-31,DEMO-CORR-FR-04,Rivage Demo Recours (fictional)
DEMO-UK-0401,True,mock-insurance-v2,UK,XF23 RAR,XF23RAR,Toyota,Yaris,white,DEMO-UK-INS-00,Northbridge Demo Motor (fictional),Conducteur fictif UK 0401,conducteur-uk-0401@example.test,Gestionnaire fictif DEMO-UK-INS-00,sinistres@demo-uk-ins-00.test,DEMO-UK-POL-0401,2026-01-01,2026-12-31,DEMO-CORR-FR-00,Hexagone Demo Recours (fictional)
DEMO-UK-0402,True,mock-insurance-v2,UK,HZ70 RYY,HZ70RYY,BMW,3 Series,grey,DEMO-UK-INS-01,Oakfield Demo Insurance (fictional),Conducteur fictif UK 0402,conducteur-uk-0402@example.test,Gestionnaire fictif DEMO-UK-INS-01,sinistres@demo-uk-ins-01.test,DEMO-UK-POL-0402,2026-01-01,2026-12-31,DEMO-CORR-FR-01,Azur Demo Recours (fictional)
DEMO-UK-0403,True,mock-insurance-v2,UK,EG65 TNG,EG65TNG,Toyota,Yaris,white,DEMO-UK-INS-02,Westhaven Demo Motor (fictional),Conducteur fictif UK 0403,conducteur-uk-0403@example.test,Gestionnaire fictif DEMO-UK-INS-02,sinistres@demo-uk-ins-02.test,DEMO-UK-POL-0403,2026-01-01,2026-12-31,DEMO-CORR-FR-02,Loire Demo Recours (fictional)
DEMO-UK-0404,True,mock-insurance-v2,UK,VG68 ZYY,VG68ZYY,Renault,Clio,grey,DEMO-UK-INS-03,Birchwood Demo Cover (fictional),Conducteur fictif UK 0404,conducteur-uk-0404@example.test,Gestionnaire fictif DEMO-UK-INS-03,sinistres@demo-uk-ins-03.test,DEMO-UK-POL-0404,2026-01-01,2026-12-31,DEMO-CORR-FR-03,Alpes Demo Recours (fictional)
DEMO-UK-0405,True,mock-insurance-v2,UK,TH74 KSL,TH74KSL,BMW,3 Series,white,DEMO-UK-INS-04,Meadowbrook Demo Auto (fictional),Conducteur fictif UK 0405,conducteur-uk-0405@example.test,Gestionnaire fictif DEMO-UK-INS-04,sinistres@demo-uk-ins-04.test,DEMO-UK-POL-0405,2026-01-01,2026-12-31,DEMO-CORR-FR-04,Rivage Demo Recours (fictional)
DEMO-UK-0406,True,mock-insurance-v2,UK,GE72 VRC,GE72VRC,Toyota,Yaris,silver,DEMO-UK-INS-00,Northbridge Demo Motor (fictional),Conducteur fictif UK 0406,conducteur-uk-0406@example.test,Gestionnaire fictif DEMO-UK-INS-00,sinistres@demo-uk-ins-00.test,DEMO-UK-POL-0406,2026-01-01,2026-12-31,DEMO-CORR-FR-00,Hexagone Demo Recours (fictional)
DEMO-UK-0407,True,mock-insurance-v2,UK,BN20 TFE,BN20TFE,Ford,Focus,grey,DEMO-UK-INS-01,Oakfield Demo Insurance (fictional),Conducteur fictif UK 0407,conducteur-uk-0407@example.test,Gestionnaire fictif DEMO-UK-INS-01,sinistres@demo-uk-ins-01.test,DEMO-UK-POL-0407,2026-01-01,2026-12-31,DEMO-CORR-FR-01,Azur Demo Recours (fictional)
DEMO-UK-0408,True,mock-insurance-v2,UK,JH22 KMR,JH22KMR,Volkswagen,Golf,grey,DEMO-UK-INS-02,Westhaven Demo Motor (fictional),Conducteur fictif UK 0408,conducteur-uk-0408@example.test,Gestionnaire fictif DEMO-UK-INS-02,sinistres@demo-uk-ins-02.test,DEMO-UK-POL-0408,2026-01-01,2026-12-31,DEMO-CORR-FR-02,Loire Demo Recours (fictional)
DEMO-UK-0409,True,mock-insurance-v2,UK,YT20 KNZ,YT20KNZ,Volkswagen,Golf,silver,DEMO-UK-INS-03,Birchwood Demo Cover (fictional),Conducteur fictif UK 0409,conducteur-uk-0409@example.test,Gestionnaire fictif DEMO-UK-INS-03,sinistres@demo-uk-ins-03.test,DEMO-UK-POL-0409,2026-01-01,2026-12-31,DEMO-CORR-FR-03,Alpes Demo Recours (fictional)
DEMO-UK-0410,True,mock-insurance-v2,UK,CG65 NDH,CG65NDH,Volkswagen,Golf,white,DEMO-UK-INS-04,Meadowbrook Demo Auto (fictional),Conducteur fictif UK 0410,conducteur-uk-0410@example.test,Gestionnaire fictif DEMO-UK-INS-04,sinistres@demo-uk-ins-04.test,DEMO-UK-POL-0410,2026-01-01,2026-12-31,DEMO-CORR-FR-04,Rivage Demo Recours (fictional)
DEMO-UK-0411,True,mock-insurance-v2,UK,EH12 SFH,EH12SFH,Volkswagen,Golf,silver,DEMO-UK-INS-00,Northbridge Demo Motor (fictional),Conducteur fictif UK 0411,conducteur-uk-0411@example.test,Gestionnaire fictif DEMO-UK-INS-00,sinistres@demo-uk-ins-00.test,DEMO-UK-POL-0411,2026-01-01,2026-12-31,DEMO-CORR-FR-00,Hexagone Demo Recours (fictional)
DEMO-UK-0412,True,mock-insurance-v2,UK,WA68 BJP,WA68BJP,Peugeot,208,red,DEMO-UK-INS-01,Oakfield Demo Insurance (fictional),Conducteur fictif UK 0412,conducteur-uk-0412@example.test,Gestionnaire fictif DEMO-UK-INS-01,sinistres@demo-uk-ins-01.test,DEMO-UK-POL-0412,2026-01-01,2026-12-31,DEMO-CORR-FR-01,Azur Demo Recours (fictional)
DEMO-UK-0413,True,mock-insurance-v2,UK,KF75 ZYG,KF75ZYG,Volkswagen,Golf,white,DEMO-UK-INS-02,Westhaven Demo Motor (fictional),Conducteur fictif UK 0413,conducteur-uk-0413@example.test,Gestionnaire fictif DEMO-UK-INS-02,sinistres@demo-uk-ins-02.test,DEMO-UK-POL-0413,2026-01-01,2026-12-31,DEMO-CORR-FR-02,Loire Demo Recours (fictional)
DEMO-UK-0414,True,mock-insurance-v2,UK,AN23 EHE,AN23EHE,Toyota,Yaris,black,DEMO-UK-INS-03,Birchwood Demo Cover (fictional),Conducteur fictif UK 0414,conducteur-uk-0414@example.test,Gestionnaire fictif DEMO-UK-INS-03,sinistres@demo-uk-ins-03.test,DEMO-UK-POL-0414,2026-01-01,2026-12-31,DEMO-CORR-FR-03,Alpes Demo Recours (fictional)
DEMO-UK-0415,True,mock-insurance-v2,UK,RY21 LHK,RY21LHK,Toyota,Yaris,red,DEMO-UK-INS-04,Meadowbrook Demo Auto (fictional),Conducteur fictif UK 0415,conducteur-uk-0415@example.test,Gestionnaire fictif DEMO-UK-INS-04,sinistres@demo-uk-ins-04.test,DEMO-UK-POL-0415,2026-01-01,2026-12-31,DEMO-CORR-FR-04,Rivage Demo Recours (fictional)
DEMO-UK-0416,True,mock-insurance-v2,UK,MF73 MZZ,MF73MZZ,Toyota,Yaris,black,DEMO-UK-INS-00,Northbridge Demo Motor (fictional),Conducteur fictif UK 0416,conducteur-uk-0416@example.test,Gestionnaire fictif DEMO-UK-INS-00,sinistres@demo-uk-ins-00.test,DEMO-UK-POL-0416,2026-01-01,2026-12-31,DEMO-CORR-FR-00,Hexagone Demo Recours (fictional)
DEMO-UK-0417,True,mock-insurance-v2,UK,YL71 ZCB,YL71ZCB,Ford,Focus,red,DEMO-UK-INS-01,Oakfield Demo Insurance (fictional),Conducteur fictif UK 0417,conducteur-uk-0417@example.test,Gestionnaire fictif DEMO-UK-INS-01,sinistres@demo-uk-ins-01.test,DEMO-UK-POL-0417,2026-01-01,2026-12-31,DEMO-CORR-FR-01,Azur Demo Recours (fictional)
DEMO-UK-0418,True,mock-insurance-v2,UK,PV62 DGP,PV62DGP,Volkswagen,Golf,blue,DEMO-UK-INS-02,Westhaven Demo Motor (fictional),Conducteur fictif UK 0418,conducteur-uk-0418@example.test,Gestionnaire fictif DEMO-UK-INS-02,sinistres@demo-uk-ins-02.test,DEMO-UK-POL-0418,2026-01-01,2026-12-31,DEMO-CORR-FR-02,Loire Demo Recours (fictional)
DEMO-UK-0419,True,mock-insurance-v2,UK,DM62 KWA,DM62KWA,Ford,Focus,blue,DEMO-UK-INS-03,Birchwood Demo Cover (fictional),Conducteur fictif UK 0419,conducteur-uk-0419@example.test,Gestionnaire fictif DEMO-UK-INS-03,sinistres@demo-uk-ins-03.test,DEMO-UK-POL-0419,2026-01-01,2026-12-31,DEMO-CORR-FR-03,Alpes Demo Recours (fictional)
DEMO-UK-0420,True,mock-insurance-v2,UK,PW71 LMM,PW71LMM,Toyota,Yaris,blue,DEMO-UK-INS-04,Meadowbrook Demo Auto (fictional),Conducteur fictif UK 0420,conducteur-uk-0420@example.test,Gestionnaire fictif DEMO-UK-INS-04,sinistres@demo-uk-ins-04.test,DEMO-UK-POL-0420,2026-01-01,2026-12-31,DEMO-CORR-FR-04,Rivage Demo Recours (fictional)
DEMO-UK-0421,True,mock-insurance-v2,UK,XN25 MYX,XN25MYX,BMW,3 Series,grey,DEMO-UK-INS-00,Northbridge Demo Motor (fictional),Conducteur fictif UK 0421,conducteur-uk-0421@example.test,Gestionnaire fictif DEMO-UK-INS-00,sinistres@demo-uk-ins-00.test,DEMO-UK-POL-0421,2026-01-01,2026-12-31,DEMO-CORR-FR-00,Hexagone Demo Recours (fictional)
DEMO-UK-0422,True,mock-insurance-v2,UK,RS22 XJX,RS22XJX,Renault,Clio,black,DEMO-UK-INS-01,Oakfield Demo Insurance (fictional),Conducteur fictif UK 0422,conducteur-uk-0422@example.test,Gestionnaire fictif DEMO-UK-INS-01,sinistres@demo-uk-ins-01.test,DEMO-UK-POL-0422,2026-01-01,2026-12-31,DEMO-CORR-FR-01,Azur Demo Recours (fictional)
DEMO-UK-0423,True,mock-insurance-v2,UK,KT62 JYB,KT62JYB,Volkswagen,Golf,blue,DEMO-UK-INS-02,Westhaven Demo Motor (fictional),Conducteur fictif UK 0423,conducteur-uk-0423@example.test,Gestionnaire fictif DEMO-UK-INS-02,sinistres@demo-uk-ins-02.test,DEMO-UK-POL-0423,2026-01-01,2026-12-31,DEMO-CORR-FR-02,Loire Demo Recours (fictional)
DEMO-UK-0424,True,mock-insurance-v2,UK,DS24 VGS,DS24VGS,Peugeot,208,red,DEMO-UK-INS-03,Birchwood Demo Cover (fictional),Conducteur fictif UK 0424,conducteur-uk-0424@example.test,Gestionnaire fictif DEMO-UK-INS-03,sinistres@demo-uk-ins-03.test,DEMO-UK-POL-0424,2026-01-01,2026-12-31,DEMO-CORR-FR-03,Alpes Demo Recours (fictional)
DEMO-UK-0425,True,mock-insurance-v2,UK,NL22 WTY,NL22WTY,BMW,3 Series,black,DEMO-UK-INS-04,Meadowbrook Demo Auto (fictional),Conducteur fictif UK 0425,conducteur-uk-0425@example.test,Gestionnaire fictif DEMO-UK-INS-04,sinistres@demo-uk-ins-04.test,DEMO-UK-POL-0425,2026-01-01,2026-12-31,DEMO-CORR-FR-04,Rivage Demo Recours (fictional)
DEMO-UK-0426,True,mock-insurance-v2,UK,HZ25 MTB,HZ25MTB,BMW,3 Series,black,DEMO-UK-INS-00,Northbridge Demo Motor (fictional),Conducteur fictif UK 0426,conducteur-uk-0426@example.test,Gestionnaire fictif DEMO-UK-INS-00,sinistres@demo-uk-ins-00.test,DEMO-UK-POL-0426,2026-01-01,2026-12-31,DEMO-CORR-FR-00,Hexagone Demo Recours (fictional)
DEMO-UK-0427,True,mock-insurance-v2,UK,YG70 XPG,YG70XPG,Renault,Clio,blue,DEMO-UK-INS-01,Oakfield Demo Insurance (fictional),Conducteur fictif UK 0427,conducteur-uk-0427@example.test,Gestionnaire fictif DEMO-UK-INS-01,sinistres@demo-uk-ins-01.test,DEMO-UK-POL-0427,2026-01-01,2026-12-31,DEMO-CORR-FR-01,Azur Demo Recours (fictional)
DEMO-UK-0428,True,mock-insurance-v2,UK,GH20 ETL,GH20ETL,BMW,3 Series,blue,DEMO-UK-INS-02,Westhaven Demo Motor (fictional),Conducteur fictif UK 0428,conducteur-uk-0428@example.test,Gestionnaire fictif DEMO-UK-INS-02,sinistres@demo-uk-ins-02.test,DEMO-UK-POL-0428,2026-01-01,2026-12-31,DEMO-CORR-FR-02,Loire Demo Recours (fictional)
DEMO-UK-0429,True,mock-insurance-v2,UK,WR62 JLX,WR62JLX,Volkswagen,Golf,silver,DEMO-UK-INS-03,Birchwood Demo Cover (fictional),Conducteur fictif UK 0429,conducteur-uk-0429@example.test,Gestionnaire fictif DEMO-UK-INS-03,sinistres@demo-uk-ins-03.test,DEMO-UK-POL-0429,2026-01-01,2026-12-31,DEMO-CORR-FR-03,Alpes Demo Recours (fictional)
DEMO-UK-0430,True,mock-insurance-v2,UK,WB23 ABT,WB23ABT,Toyota,Yaris,grey,DEMO-UK-INS-04,Meadowbrook Demo Auto (fictional),Conducteur fictif UK 0430,conducteur-uk-0430@example.test,Gestionnaire fictif DEMO-UK-INS-04,sinistres@demo-uk-ins-04.test,DEMO-UK-POL-0430,2026-01-01,2026-12-31,DEMO-CORR-FR-04,Rivage Demo Recours (fictional)
DEMO-UK-0431,True,mock-insurance-v2,UK,KV71 BFW,KV71BFW,Renault,Clio,black,DEMO-UK-INS-00,Northbridge Demo Motor (fictional),Conducteur fictif UK 0431,conducteur-uk-0431@example.test,Gestionnaire fictif DEMO-UK-INS-00,sinistres@demo-uk-ins-00.test,DEMO-UK-POL-0431,2026-01-01,2026-12-31,DEMO-CORR-FR-00,Hexagone Demo Recours (fictional)
DEMO-UK-0432,True,mock-insurance-v2,UK,SM70 XFN,SM70XFN,Peugeot,208,white,DEMO-UK-INS-01,Oakfield Demo Insurance (fictional),Conducteur fictif UK 0432,conducteur-uk-0432@example.test,Gestionnaire fictif DEMO-UK-INS-01,sinistres@demo-uk-ins-01.test,DEMO-UK-POL-0432,2026-01-01,2026-12-31,DEMO-CORR-FR-01,Azur Demo Recours (fictional)
DEMO-UK-0433,True,mock-insurance-v2,UK,KF22 BKB,KF22BKB,Ford,Focus,red,DEMO-UK-INS-02,Westhaven Demo Motor (fictional),Conducteur fictif UK 0433,conducteur-uk-0433@example.test,Gestionnaire fictif DEMO-UK-INS-02,sinistres@demo-uk-ins-02.test,DEMO-UK-POL-0433,2026-01-01,2026-12-31,DEMO-CORR-FR-02,Loire Demo Recours (fictional)
DEMO-UK-0434,True,mock-insurance-v2,UK,AT65 LLB,AT65LLB,BMW,3 Series,red,DEMO-UK-INS-03,Birchwood Demo Cover (fictional),Conducteur fictif UK 0434,conducteur-uk-0434@example.test,Gestionnaire fictif DEMO-UK-INS-03,sinistres@demo-uk-ins-03.test,DEMO-UK-POL-0434,2026-01-01,2026-12-31,DEMO-CORR-FR-03,Alpes Demo Recours (fictional)
DEMO-UK-0435,True,mock-insurance-v2,UK,RV21 MRG,RV21MRG,Volkswagen,Golf,white,DEMO-UK-INS-04,Meadowbrook Demo Auto (fictional),Conducteur fictif UK 0435,conducteur-uk-0435@example.test,Gestionnaire fictif DEMO-UK-INS-04,sinistres@demo-uk-ins-04.test,DEMO-UK-POL-0435,2026-01-01,2026-12-31,DEMO-CORR-FR-04,Rivage Demo Recours (fictional)
DEMO-UK-0436,True,mock-insurance-v2,UK,PT12 FNM,PT12FNM,Toyota,Yaris,red,DEMO-UK-INS-00,Northbridge Demo Motor (fictional),Conducteur fictif UK 0436,conducteur-uk-0436@example.test,Gestionnaire fictif DEMO-UK-INS-00,sinistres@demo-uk-ins-00.test,DEMO-UK-POL-0436,2026-01-01,2026-12-31,DEMO-CORR-FR-00,Hexagone Demo Recours (fictional)
DEMO-UK-0437,True,mock-insurance-v2,UK,DY15 NTF,DY15NTF,Renault,Clio,white,DEMO-UK-INS-01,Oakfield Demo Insurance (fictional),Conducteur fictif UK 0437,conducteur-uk-0437@example.test,Gestionnaire fictif DEMO-UK-INS-01,sinistres@demo-uk-ins-01.test,DEMO-UK-POL-0437,2026-01-01,2026-12-31,DEMO-CORR-FR-01,Azur Demo Recours (fictional)
DEMO-UK-0438,True,mock-insurance-v2,UK,AL72 LMM,AL72LMM,Renault,Clio,white,DEMO-UK-INS-02,Westhaven Demo Motor (fictional),Conducteur fictif UK 0438,conducteur-uk-0438@example.test,Gestionnaire fictif DEMO-UK-INS-02,sinistres@demo-uk-ins-02.test,DEMO-UK-POL-0438,2026-01-01,2026-12-31,DEMO-CORR-FR-02,Loire Demo Recours (fictional)
DEMO-UK-0439,True,mock-insurance-v2,UK,TG18 AWC,TG18AWC,Ford,Focus,grey,DEMO-UK-INS-03,Birchwood Demo Cover (fictional),Conducteur fictif UK 0439,conducteur-uk-0439@example.test,Gestionnaire fictif DEMO-UK-INS-03,sinistres@demo-uk-ins-03.test,DEMO-UK-POL-0439,2026-01-01,2026-12-31,DEMO-CORR-FR-03,Alpes Demo Recours (fictional)
DEMO-UK-0440,True,mock-insurance-v2,UK,WB12 MSS,WB12MSS,Volkswagen,Golf,white,DEMO-UK-INS-04,Meadowbrook Demo Auto (fictional),Conducteur fictif UK 0440,conducteur-uk-0440@example.test,Gestionnaire fictif DEMO-UK-INS-04,sinistres@demo-uk-ins-04.test,DEMO-UK-POL-0440,2026-01-01,2026-12-31,DEMO-CORR-FR-04,Rivage Demo Recours (fictional)
DEMO-UK-0441,True,mock-insurance-v2,UK,PH74 VYN,PH74VYN,Renault,Clio,black,DEMO-UK-INS-00,Northbridge Demo Motor (fictional),Conducteur fictif UK 0441,conducteur-uk-0441@example.test,Gestionnaire fictif DEMO-UK-INS-00,sinistres@demo-uk-ins-00.test,DEMO-UK-POL-0441,2026-01-01,2026-12-31,DEMO-CORR-FR-00,Hexagone Demo Recours (fictional)
DEMO-UK-0442,True,mock-insurance-v2,UK,WY73 VRS,WY73VRS,Toyota,Yaris,blue,DEMO-UK-INS-01,Oakfield Demo Insurance (fictional),Conducteur fictif UK 0442,conducteur-uk-0442@example.test,Gestionnaire fictif DEMO-UK-INS-01,sinistres@demo-uk-ins-01.test,DEMO-UK-POL-0442,2026-01-01,2026-12-31,DEMO-CORR-FR-01,Azur Demo Recours (fictional)
DEMO-UK-0443,True,mock-insurance-v2,UK,CN75 TDG,CN75TDG,Ford,Focus,white,DEMO-UK-INS-02,Westhaven Demo Motor (fictional),Conducteur fictif UK 0443,conducteur-uk-0443@example.test,Gestionnaire fictif DEMO-UK-INS-02,sinistres@demo-uk-ins-02.test,DEMO-UK-POL-0443,2026-01-01,2026-12-31,DEMO-CORR-FR-02,Loire Demo Recours (fictional)
DEMO-UK-0444,True,mock-insurance-v2,UK,AH74 CMH,AH74CMH,Peugeot,208,white,DEMO-UK-INS-03,Birchwood Demo Cover (fictional),Conducteur fictif UK 0444,conducteur-uk-0444@example.test,Gestionnaire fictif DEMO-UK-INS-03,sinistres@demo-uk-ins-03.test,DEMO-UK-POL-0444,2026-01-01,2026-12-31,DEMO-CORR-FR-03,Alpes Demo Recours (fictional)
DEMO-UK-0445,True,mock-insurance-v2,UK,KV68 LWV,KV68LWV,Ford,Focus,silver,DEMO-UK-INS-04,Meadowbrook Demo Auto (fictional),Conducteur fictif UK 0445,conducteur-uk-0445@example.test,Gestionnaire fictif DEMO-UK-INS-04,sinistres@demo-uk-ins-04.test,DEMO-UK-POL-0445,2026-01-01,2026-12-31,DEMO-CORR-FR-04,Rivage Demo Recours (fictional)
DEMO-UK-0446,True,mock-insurance-v2,UK,XX75 WAK,XX75WAK,Toyota,Yaris,blue,DEMO-UK-INS-00,Northbridge Demo Motor (fictional),Conducteur fictif UK 0446,conducteur-uk-0446@example.test,Gestionnaire fictif DEMO-UK-INS-00,sinistres@demo-uk-ins-00.test,DEMO-UK-POL-0446,2026-01-01,2026-12-31,DEMO-CORR-FR-00,Hexagone Demo Recours (fictional)
DEMO-UK-0447,True,mock-insurance-v2,UK,AZ72 MHG,AZ72MHG,Peugeot,208,silver,DEMO-UK-INS-01,Oakfield Demo Insurance (fictional),Conducteur fictif UK 0447,conducteur-uk-0447@example.test,Gestionnaire fictif DEMO-UK-INS-01,sinistres@demo-uk-ins-01.test,DEMO-UK-POL-0447,2026-01-01,2026-12-31,DEMO-CORR-FR-01,Azur Demo Recours (fictional)
DEMO-UK-0448,True,mock-insurance-v2,UK,EZ20 LLL,EZ20LLL,Renault,Clio,silver,DEMO-UK-INS-02,Westhaven Demo Motor (fictional),Conducteur fictif UK 0448,conducteur-uk-0448@example.test,Gestionnaire fictif DEMO-UK-INS-02,sinistres@demo-uk-ins-02.test,DEMO-UK-POL-0448,2026-01-01,2026-12-31,DEMO-CORR-FR-02,Loire Demo Recours (fictional)
DEMO-UK-0449,True,mock-insurance-v2,UK,TR68 NPY,TR68NPY,Toyota,Yaris,grey,DEMO-UK-INS-03,Birchwood Demo Cover (fictional),Conducteur fictif UK 0449,conducteur-uk-0449@example.test,Gestionnaire fictif DEMO-UK-INS-03,sinistres@demo-uk-ins-03.test,DEMO-UK-POL-0449,2026-01-01,2026-12-31,DEMO-CORR-FR-03,Alpes Demo Recours (fictional)
DEMO-UK-0450,True,mock-insurance-v2,UK,CB65 VJA,CB65VJA,Peugeot,208,red,DEMO-UK-INS-04,Meadowbrook Demo Auto (fictional),Conducteur fictif UK 0450,conducteur-uk-0450@example.test,Gestionnaire fictif DEMO-UK-INS-04,sinistres@demo-uk-ins-04.test,DEMO-UK-POL-0450,2026-01-01,2026-12-31,DEMO-CORR-FR-04,Rivage Demo Recours (fictional)
DEMO-UK-0451,True,mock-insurance-v2,UK,HW21 CGY,HW21CGY,Ford,Focus,grey,DEMO-UK-INS-00,Northbridge Demo Motor (fictional),Conducteur fictif UK 0451,conducteur-uk-0451@example.test,Gestionnaire fictif DEMO-UK-INS-00,sinistres@demo-uk-ins-00.test,DEMO-UK-POL-0451,2026-01-01,2026-12-31,DEMO-CORR-FR-00,Hexagone Demo Recours (fictional)
DEMO-UK-0452,True,mock-insurance-v2,UK,BL22 FNL,BL22FNL,Volkswagen,Golf,black,DEMO-UK-INS-01,Oakfield Demo Insurance (fictional),Conducteur fictif UK 0452,conducteur-uk-0452@example.test,Gestionnaire fictif DEMO-UK-INS-01,sinistres@demo-uk-ins-01.test,DEMO-UK-POL-0452,2026-01-01,2026-12-31,DEMO-CORR-FR-01,Azur Demo Recours (fictional)
DEMO-UK-0453,True,mock-insurance-v2,UK,WW70 HWN,WW70HWN,Toyota,Yaris,blue,DEMO-UK-INS-02,Westhaven Demo Motor (fictional),Conducteur fictif UK 0453,conducteur-uk-0453@example.test,Gestionnaire fictif DEMO-UK-INS-02,sinistres@demo-uk-ins-02.test,DEMO-UK-POL-0453,2026-01-01,2026-12-31,DEMO-CORR-FR-02,Loire Demo Recours (fictional)
DEMO-UK-0454,True,mock-insurance-v2,UK,FB71 APB,FB71APB,Ford,Focus,black,DEMO-UK-INS-03,Birchwood Demo Cover (fictional),Conducteur fictif UK 0454,conducteur-uk-0454@example.test,Gestionnaire fictif DEMO-UK-INS-03,sinistres@demo-uk-ins-03.test,DEMO-UK-POL-0454,2026-01-01,2026-12-31,DEMO-CORR-FR-03,Alpes Demo Recours (fictional)
DEMO-UK-0455,True,mock-insurance-v2,UK,XW75 CFH,XW75CFH,Renault,Clio,white,DEMO-UK-INS-04,Meadowbrook Demo Auto (fictional),Conducteur fictif UK 0455,conducteur-uk-0455@example.test,Gestionnaire fictif DEMO-UK-INS-04,sinistres@demo-uk-ins-04.test,DEMO-UK-POL-0455,2026-01-01,2026-12-31,DEMO-CORR-FR-04,Rivage Demo Recours (fictional)
DEMO-UK-0456,True,mock-insurance-v2,UK,AW73 ZXV,AW73ZXV,BMW,3 Series,silver,DEMO-UK-INS-00,Northbridge Demo Motor (fictional),Conducteur fictif UK 0456,conducteur-uk-0456@example.test,Gestionnaire fictif DEMO-UK-INS-00,sinistres@demo-uk-ins-00.test,DEMO-UK-POL-0456,2026-01-01,2026-12-31,DEMO-CORR-FR-00,Hexagone Demo Recours (fictional)
DEMO-UK-0457,True,mock-insurance-v2,UK,PS23 JEV,PS23JEV,Renault,Clio,white,DEMO-UK-INS-01,Oakfield Demo Insurance (fictional),Conducteur fictif UK 0457,conducteur-uk-0457@example.test,Gestionnaire fictif DEMO-UK-INS-01,sinistres@demo-uk-ins-01.test,DEMO-UK-POL-0457,2026-01-01,2026-12-31,DEMO-CORR-FR-01,Azur Demo Recours (fictional)
DEMO-UK-0458,True,mock-insurance-v2,UK,FL72 EVT,FL72EVT,Renault,Clio,white,DEMO-UK-INS-02,Westhaven Demo Motor (fictional),Conducteur fictif UK 0458,conducteur-uk-0458@example.test,Gestionnaire fictif DEMO-UK-INS-02,sinistres@demo-uk-ins-02.test,DEMO-UK-POL-0458,2026-01-01,2026-12-31,DEMO-CORR-FR-02,Loire Demo Recours (fictional)
DEMO-UK-0459,True,mock-insurance-v2,UK,GJ72 RKA,GJ72RKA,Volkswagen,Golf,grey,DEMO-UK-INS-03,Birchwood Demo Cover (fictional),Conducteur fictif UK 0459,conducteur-uk-0459@example.test,Gestionnaire fictif DEMO-UK-INS-03,sinistres@demo-uk-ins-03.test,DEMO-UK-POL-0459,2026-01-01,2026-12-31,DEMO-CORR-FR-03,Alpes Demo Recours (fictional)
DEMO-UK-0460,True,mock-insurance-v2,UK,DE74 TPY,DE74TPY,Ford,Focus,black,DEMO-UK-INS-04,Meadowbrook Demo Auto (fictional),Conducteur fictif UK 0460,conducteur-uk-0460@example.test,Gestionnaire fictif DEMO-UK-INS-04,sinistres@demo-uk-ins-04.test,DEMO-UK-POL-0460,2026-01-01,2026-12-31,DEMO-CORR-FR-04,Rivage Demo Recours (fictional)
DEMO-UK-0461,True,mock-insurance-v2,UK,PN18 WKY,PN18WKY,Renault,Clio,white,DEMO-UK-INS-00,Northbridge Demo Motor (fictional),Conducteur fictif UK 0461,conducteur-uk-0461@example.test,Gestionnaire fictif DEMO-UK-INS-00,sinistres@demo-uk-ins-00.test,DEMO-UK-POL-0461,2026-01-01,2026-12-31,DEMO-CORR-FR-00,Hexagone Demo Recours (fictional)
DEMO-UK-0462,True,mock-insurance-v2,UK,XB72 HTS,XB72HTS,Renault,Clio,silver,DEMO-UK-INS-01,Oakfield Demo Insurance (fictional),Conducteur fictif UK 0462,conducteur-uk-0462@example.test,Gestionnaire fictif DEMO-UK-INS-01,sinistres@demo-uk-ins-01.test,DEMO-UK-POL-0462,2026-01-01,2026-12-31,DEMO-CORR-FR-01,Azur Demo Recours (fictional)
DEMO-UK-0463,True,mock-insurance-v2,UK,VM72 WZD,VM72WZD,Renault,Clio,grey,DEMO-UK-INS-02,Westhaven Demo Motor (fictional),Conducteur fictif UK 0463,conducteur-uk-0463@example.test,Gestionnaire fictif DEMO-UK-INS-02,sinistres@demo-uk-ins-02.test,DEMO-UK-POL-0463,2026-01-01,2026-12-31,DEMO-CORR-FR-02,Loire Demo Recours (fictional)
DEMO-UK-0464,True,mock-insurance-v2,UK,FX21 SMN,FX21SMN,Peugeot,208,silver,DEMO-UK-INS-03,Birchwood Demo Cover (fictional),Conducteur fictif UK 0464,conducteur-uk-0464@example.test,Gestionnaire fictif DEMO-UK-INS-03,sinistres@demo-uk-ins-03.test,DEMO-UK-POL-0464,2026-01-01,2026-12-31,DEMO-CORR-FR-03,Alpes Demo Recours (fictional)
DEMO-UK-0465,True,mock-insurance-v2,UK,AH75 MPZ,AH75MPZ,Peugeot,208,blue,DEMO-UK-INS-04,Meadowbrook Demo Auto (fictional),Conducteur fictif UK 0465,conducteur-uk-0465@example.test,Gestionnaire fictif DEMO-UK-INS-04,sinistres@demo-uk-ins-04.test,DEMO-UK-POL-0465,2026-01-01,2026-12-31,DEMO-CORR-FR-04,Rivage Demo Recours (fictional)
DEMO-UK-0466,True,mock-insurance-v2,UK,BD73 XRB,BD73XRB,BMW,3 Series,white,DEMO-UK-INS-00,Northbridge Demo Motor (fictional),Conducteur fictif UK 0466,conducteur-uk-0466@example.test,Gestionnaire fictif DEMO-UK-INS-00,sinistres@demo-uk-ins-00.test,DEMO-UK-POL-0466,2026-01-01,2026-12-31,DEMO-CORR-FR-00,Hexagone Demo Recours (fictional)
DEMO-UK-0467,True,mock-insurance-v2,UK,BM70 CKP,BM70CKP,Toyota,Yaris,red,DEMO-UK-INS-01,Oakfield Demo Insurance (fictional),Conducteur fictif UK 0467,conducteur-uk-0467@example.test,Gestionnaire fictif DEMO-UK-INS-01,sinistres@demo-uk-ins-01.test,DEMO-UK-POL-0467,2026-01-01,2026-12-31,DEMO-CORR-FR-01,Azur Demo Recours (fictional)
DEMO-UK-0468,True,mock-insurance-v2,UK,ME18 YXS,ME18YXS,Ford,Focus,black,DEMO-UK-INS-02,Westhaven Demo Motor (fictional),Conducteur fictif UK 0468,conducteur-uk-0468@example.test,Gestionnaire fictif DEMO-UK-INS-02,sinistres@demo-uk-ins-02.test,DEMO-UK-POL-0468,2026-01-01,2026-12-31,DEMO-CORR-FR-02,Loire Demo Recours (fictional)
DEMO-UK-0469,True,mock-insurance-v2,UK,ZA75 EFL,ZA75EFL,Peugeot,208,black,DEMO-UK-INS-03,Birchwood Demo Cover (fictional),Conducteur fictif UK 0469,conducteur-uk-0469@example.test,Gestionnaire fictif DEMO-UK-INS-03,sinistres@demo-uk-ins-03.test,DEMO-UK-POL-0469,2026-01-01,2026-12-31,DEMO-CORR-FR-03,Alpes Demo Recours (fictional)
DEMO-UK-0470,True,mock-insurance-v2,UK,HF18 PVE,HF18PVE,Ford,Focus,grey,DEMO-UK-INS-04,Meadowbrook Demo Auto (fictional),Conducteur fictif UK 0470,conducteur-uk-0470@example.test,Gestionnaire fictif DEMO-UK-INS-04,sinistres@demo-uk-ins-04.test,DEMO-UK-POL-0470,2026-01-01,2026-12-31,DEMO-CORR-FR-04,Rivage Demo Recours (fictional)
DEMO-UK-0471,True,mock-insurance-v2,UK,EJ15 YKL,EJ15YKL,Peugeot,208,black,DEMO-UK-INS-00,Northbridge Demo Motor (fictional),Conducteur fictif UK 0471,conducteur-uk-0471@example.test,Gestionnaire fictif DEMO-UK-INS-00,sinistres@demo-uk-ins-00.test,DEMO-UK-POL-0471,2026-01-01,2026-12-31,DEMO-CORR-FR-00,Hexagone Demo Recours (fictional)
DEMO-UK-0472,True,mock-insurance-v2,UK,PB18 KHS,PB18KHS,Renault,Clio,red,DEMO-UK-INS-01,Oakfield Demo Insurance (fictional),Conducteur fictif UK 0472,conducteur-uk-0472@example.test,Gestionnaire fictif DEMO-UK-INS-01,sinistres@demo-uk-ins-01.test,DEMO-UK-POL-0472,2026-01-01,2026-12-31,DEMO-CORR-FR-01,Azur Demo Recours (fictional)
DEMO-UK-0473,True,mock-insurance-v2,UK,LV22 ACT,LV22ACT,Ford,Focus,red,DEMO-UK-INS-02,Westhaven Demo Motor (fictional),Conducteur fictif UK 0473,conducteur-uk-0473@example.test,Gestionnaire fictif DEMO-UK-INS-02,sinistres@demo-uk-ins-02.test,DEMO-UK-POL-0473,2026-01-01,2026-12-31,DEMO-CORR-FR-02,Loire Demo Recours (fictional)
DEMO-UK-0474,True,mock-insurance-v2,UK,FK65 BTJ,FK65BTJ,Peugeot,208,black,DEMO-UK-INS-03,Birchwood Demo Cover (fictional),Conducteur fictif UK 0474,conducteur-uk-0474@example.test,Gestionnaire fictif DEMO-UK-INS-03,sinistres@demo-uk-ins-03.test,DEMO-UK-POL-0474,2026-01-01,2026-12-31,DEMO-CORR-FR-03,Alpes Demo Recours (fictional)
DEMO-UK-0475,True,mock-insurance-v2,UK,BA65 VDT,BA65VDT,Toyota,Yaris,white,DEMO-UK-INS-04,Meadowbrook Demo Auto (fictional),Conducteur fictif UK 0475,conducteur-uk-0475@example.test,Gestionnaire fictif DEMO-UK-INS-04,sinistres@demo-uk-ins-04.test,DEMO-UK-POL-0475,2026-01-01,2026-12-31,DEMO-CORR-FR-04,Rivage Demo Recours (fictional)
DEMO-UK-0476,True,mock-insurance-v2,UK,WN22 PZJ,WN22PZJ,Toyota,Yaris,black,DEMO-UK-INS-00,Northbridge Demo Motor (fictional),Conducteur fictif UK 0476,conducteur-uk-0476@example.test,Gestionnaire fictif DEMO-UK-INS-00,sinistres@demo-uk-ins-00.test,DEMO-UK-POL-0476,2026-01-01,2026-12-31,DEMO-CORR-FR-00,Hexagone Demo Recours (fictional)
DEMO-UK-0477,True,mock-insurance-v2,UK,ET65 JBV,ET65JBV,Ford,Focus,blue,DEMO-UK-INS-01,Oakfield Demo Insurance (fictional),Conducteur fictif UK 0477,conducteur-uk-0477@example.test,Gestionnaire fictif DEMO-UK-INS-01,sinistres@demo-uk-ins-01.test,DEMO-UK-POL-0477,2026-01-01,2026-12-31,DEMO-CORR-FR-01,Azur Demo Recours (fictional)
DEMO-UK-0478,True,mock-insurance-v2,UK,WF21 DCV,WF21DCV,Volkswagen,Golf,silver,DEMO-UK-INS-02,Westhaven Demo Motor (fictional),Conducteur fictif UK 0478,conducteur-uk-0478@example.test,Gestionnaire fictif DEMO-UK-INS-02,sinistres@demo-uk-ins-02.test,DEMO-UK-POL-0478,2026-01-01,2026-12-31,DEMO-CORR-FR-02,Loire Demo Recours (fictional)
DEMO-UK-0479,True,mock-insurance-v2,UK,XS24 SWW,XS24SWW,Ford,Focus,black,DEMO-UK-INS-03,Birchwood Demo Cover (fictional),Conducteur fictif UK 0479,conducteur-uk-0479@example.test,Gestionnaire fictif DEMO-UK-INS-03,sinistres@demo-uk-ins-03.test,DEMO-UK-POL-0479,2026-01-01,2026-12-31,DEMO-CORR-FR-03,Alpes Demo Recours (fictional)
DEMO-UK-0480,True,mock-insurance-v2,UK,TV71 MZY,TV71MZY,Toyota,Yaris,blue,DEMO-UK-INS-04,Meadowbrook Demo Auto (fictional),Conducteur fictif UK 0480,conducteur-uk-0480@example.test,Gestionnaire fictif DEMO-UK-INS-04,sinistres@demo-uk-ins-04.test,DEMO-UK-POL-0480,2026-01-01,2026-12-31,DEMO-CORR-FR-04,Rivage Demo Recours (fictional)
DEMO-UK-0481,True,mock-insurance-v2,UK,LN15 APK,LN15APK,Peugeot,208,red,DEMO-UK-INS-00,Northbridge Demo Motor (fictional),Conducteur fictif UK 0481,conducteur-uk-0481@example.test,Gestionnaire fictif DEMO-UK-INS-00,sinistres@demo-uk-ins-00.test,DEMO-UK-POL-0481,2026-01-01,2026-12-31,DEMO-CORR-FR-00,Hexagone Demo Recours (fictional)
DEMO-UK-0482,True,mock-insurance-v2,UK,YA70 KSG,YA70KSG,Renault,Clio,silver,DEMO-UK-INS-01,Oakfield Demo Insurance (fictional),Conducteur fictif UK 0482,conducteur-uk-0482@example.test,Gestionnaire fictif DEMO-UK-INS-01,sinistres@demo-uk-ins-01.test,DEMO-UK-POL-0482,2026-01-01,2026-12-31,DEMO-CORR-FR-01,Azur Demo Recours (fictional)
DEMO-UK-0483,True,mock-insurance-v2,UK,BY21 NXT,BY21NXT,Renault,Clio,silver,DEMO-UK-INS-02,Westhaven Demo Motor (fictional),Conducteur fictif UK 0483,conducteur-uk-0483@example.test,Gestionnaire fictif DEMO-UK-INS-02,sinistres@demo-uk-ins-02.test,DEMO-UK-POL-0483,2026-01-01,2026-12-31,DEMO-CORR-FR-02,Loire Demo Recours (fictional)
DEMO-UK-0484,True,mock-insurance-v2,UK,TS71 VSG,TS71VSG,Peugeot,208,white,DEMO-UK-INS-03,Birchwood Demo Cover (fictional),Conducteur fictif UK 0484,conducteur-uk-0484@example.test,Gestionnaire fictif DEMO-UK-INS-03,sinistres@demo-uk-ins-03.test,DEMO-UK-POL-0484,2026-01-01,2026-12-31,DEMO-CORR-FR-03,Alpes Demo Recours (fictional)
DEMO-UK-0485,True,mock-insurance-v2,UK,PX73 ELP,PX73ELP,Peugeot,208,silver,DEMO-UK-INS-04,Meadowbrook Demo Auto (fictional),Conducteur fictif UK 0485,conducteur-uk-0485@example.test,Gestionnaire fictif DEMO-UK-INS-04,sinistres@demo-uk-ins-04.test,DEMO-UK-POL-0485,2026-01-01,2026-12-31,DEMO-CORR-FR-04,Rivage Demo Recours (fictional)
DEMO-UK-0486,True,mock-insurance-v2,UK,TN65 SMZ,TN65SMZ,Renault,Clio,silver,DEMO-UK-INS-00,Northbridge Demo Motor (fictional),Conducteur fictif UK 0486,conducteur-uk-0486@example.test,Gestionnaire fictif DEMO-UK-INS-00,sinistres@demo-uk-ins-00.test,DEMO-UK-POL-0486,2026-01-01,2026-12-31,DEMO-CORR-FR-00,Hexagone Demo Recours (fictional)
DEMO-UK-0487,True,mock-insurance-v2,UK,TS72 FJV,TS72FJV,BMW,3 Series,grey,DEMO-UK-INS-01,Oakfield Demo Insurance (fictional),Conducteur fictif UK 0487,conducteur-uk-0487@example.test,Gestionnaire fictif DEMO-UK-INS-01,sinistres@demo-uk-ins-01.test,DEMO-UK-POL-0487,2026-01-01,2026-12-31,DEMO-CORR-FR-01,Azur Demo Recours (fictional)
DEMO-UK-0488,True,mock-insurance-v2,UK,KH18 GYV,KH18GYV,Toyota,Yaris,blue,DEMO-UK-INS-02,Westhaven Demo Motor (fictional),Conducteur fictif UK 0488,conducteur-uk-0488@example.test,Gestionnaire fictif DEMO-UK-INS-02,sinistres@demo-uk-ins-02.test,DEMO-UK-POL-0488,2026-01-01,2026-12-31,DEMO-CORR-FR-02,Loire Demo Recours (fictional)
DEMO-UK-0489,True,mock-insurance-v2,UK,CT74 EPX,CT74EPX,BMW,3 Series,white,DEMO-UK-INS-03,Birchwood Demo Cover (fictional),Conducteur fictif UK 0489,conducteur-uk-0489@example.test,Gestionnaire fictif DEMO-UK-INS-03,sinistres@demo-uk-ins-03.test,DEMO-UK-POL-0489,2026-01-01,2026-12-31,DEMO-CORR-FR-03,Alpes Demo Recours (fictional)
DEMO-UK-0490,True,mock-insurance-v2,UK,FE70 RWS,FE70RWS,Volkswagen,Golf,white,DEMO-UK-INS-04,Meadowbrook Demo Auto (fictional),Conducteur fictif UK 0490,conducteur-uk-0490@example.test,Gestionnaire fictif DEMO-UK-INS-04,sinistres@demo-uk-ins-04.test,DEMO-UK-POL-0490,2026-01-01,2026-12-31,DEMO-CORR-FR-04,Rivage Demo Recours (fictional)
DEMO-UK-0491,True,mock-insurance-v2,UK,PA12 KXF,PA12KXF,Volkswagen,Golf,blue,DEMO-UK-INS-00,Northbridge Demo Motor (fictional),Conducteur fictif UK 0491,conducteur-uk-0491@example.test,Gestionnaire fictif DEMO-UK-INS-00,sinistres@demo-uk-ins-00.test,DEMO-UK-POL-0491,2026-01-01,2026-12-31,DEMO-CORR-FR-00,Hexagone Demo Recours (fictional)
DEMO-UK-0492,True,mock-insurance-v2,UK,PL70 HZK,PL70HZK,Toyota,Yaris,white,DEMO-UK-INS-01,Oakfield Demo Insurance (fictional),Conducteur fictif UK 0492,conducteur-uk-0492@example.test,Gestionnaire fictif DEMO-UK-INS-01,sinistres@demo-uk-ins-01.test,DEMO-UK-POL-0492,2026-01-01,2026-12-31,DEMO-CORR-FR-01,Azur Demo Recours (fictional)
DEMO-UK-0493,True,mock-insurance-v2,UK,RD75 ZBW,RD75ZBW,Volkswagen,Golf,silver,DEMO-UK-INS-02,Westhaven Demo Motor (fictional),Conducteur fictif UK 0493,conducteur-uk-0493@example.test,Gestionnaire fictif DEMO-UK-INS-02,sinistres@demo-uk-ins-02.test,DEMO-UK-POL-0493,2026-01-01,2026-12-31,DEMO-CORR-FR-02,Loire Demo Recours (fictional)
DEMO-UK-0494,True,mock-insurance-v2,UK,BY18 LRE,BY18LRE,Volkswagen,Golf,red,DEMO-UK-INS-03,Birchwood Demo Cover (fictional),Conducteur fictif UK 0494,conducteur-uk-0494@example.test,Gestionnaire fictif DEMO-UK-INS-03,sinistres@demo-uk-ins-03.test,DEMO-UK-POL-0494,2026-01-01,2026-12-31,DEMO-CORR-FR-03,Alpes Demo Recours (fictional)
DEMO-UK-0495,True,mock-insurance-v2,UK,MC72 KEK,MC72KEK,Peugeot,208,blue,DEMO-UK-INS-04,Meadowbrook Demo Auto (fictional),Conducteur fictif UK 0495,conducteur-uk-0495@example.test,Gestionnaire fictif DEMO-UK-INS-04,sinistres@demo-uk-ins-04.test,DEMO-UK-POL-0495,2026-01-01,2026-12-31,DEMO-CORR-FR-04,Rivage Demo Recours (fictional)
DEMO-UK-0496,True,mock-insurance-v2,UK,GF25 FYS,GF25FYS,Toyota,Yaris,black,DEMO-UK-INS-00,Northbridge Demo Motor (fictional),Conducteur fictif UK 0496,conducteur-uk-0496@example.test,Gestionnaire fictif DEMO-UK-INS-00,sinistres@demo-uk-ins-00.test,DEMO-UK-POL-0496,2026-01-01,2026-12-31,DEMO-CORR-FR-00,Hexagone Demo Recours (fictional)
DEMO-UK-0497,True,mock-insurance-v2,UK,TG23 CBZ,TG23CBZ,Volkswagen,Golf,red,DEMO-UK-INS-01,Oakfield Demo Insurance (fictional),Conducteur fictif UK 0497,conducteur-uk-0497@example.test,Gestionnaire fictif DEMO-UK-INS-01,sinistres@demo-uk-ins-01.test,DEMO-UK-POL-0497,2026-01-01,2026-12-31,DEMO-CORR-FR-01,Azur Demo Recours (fictional)
DEMO-UK-0498,True,mock-insurance-v2,UK,CB70 YXX,CB70YXX,Toyota,Yaris,black,DEMO-UK-INS-02,Westhaven Demo Motor (fictional),Conducteur fictif UK 0498,conducteur-uk-0498@example.test,Gestionnaire fictif DEMO-UK-INS-02,sinistres@demo-uk-ins-02.test,DEMO-UK-POL-0498,2026-01-01,2026-12-31,DEMO-CORR-FR-02,Loire Demo Recours (fictional)
DEMO-UK-0499,True,mock-insurance-v2,UK,ZV15 TVB,ZV15TVB,Toyota,Yaris,red,DEMO-UK-INS-03,Birchwood Demo Cover (fictional),Conducteur fictif UK 0499,conducteur-uk-0499@example.test,Gestionnaire fictif DEMO-UK-INS-03,sinistres@demo-uk-ins-03.test,DEMO-UK-POL-0499,2026-01-01,2026-12-31,DEMO-CORR-FR-03,Alpes Demo Recours (fictional)
DEMO-UK-0500,True,mock-insurance-v2,UK,PC18 LVJ,PC18LVJ,Volkswagen,Golf,white,DEMO-UK-INS-04,Meadowbrook Demo Auto (fictional),Conducteur fictif UK 0500,conducteur-uk-0500@example.test,Gestionnaire fictif DEMO-UK-INS-04,sinistres@demo-uk-ins-04.test,DEMO-UK-POL-0500,2026-01-01,2026-12-31,DEMO-CORR-FR-04,Rivage Demo Recours (fictional)
DEMO-UK-0501,True,mock-insurance-v2,UK,DM21 TPA,DM21TPA,Volkswagen,Golf,silver,DEMO-UK-INS-00,Northbridge Demo Motor (fictional),Conducteur fictif UK 0501,conducteur-uk-0501@example.test,Gestionnaire fictif DEMO-UK-INS-00,sinistres@demo-uk-ins-00.test,DEMO-UK-POL-0501,2026-01-01,2026-12-31,DEMO-CORR-FR-00,Hexagone Demo Recours (fictional)
DEMO-UK-0502,True,mock-insurance-v2,UK,ZD18 WYN,ZD18WYN,Peugeot,208,blue,DEMO-UK-INS-01,Oakfield Demo Insurance (fictional),Conducteur fictif UK 0502,conducteur-uk-0502@example.test,Gestionnaire fictif DEMO-UK-INS-01,sinistres@demo-uk-ins-01.test,DEMO-UK-POL-0502,2026-01-01,2026-12-31,DEMO-CORR-FR-01,Azur Demo Recours (fictional)
DEMO-UK-0503,True,mock-insurance-v2,UK,JG22 CTA,JG22CTA,Peugeot,208,white,DEMO-UK-INS-02,Westhaven Demo Motor (fictional),Conducteur fictif UK 0503,conducteur-uk-0503@example.test,Gestionnaire fictif DEMO-UK-INS-02,sinistres@demo-uk-ins-02.test,DEMO-UK-POL-0503,2026-01-01,2026-12-31,DEMO-CORR-FR-02,Loire Demo Recours (fictional)
DEMO-UK-0504,True,mock-insurance-v2,UK,JN21 GXW,JN21GXW,BMW,3 Series,grey,DEMO-UK-INS-03,Birchwood Demo Cover (fictional),Conducteur fictif UK 0504,conducteur-uk-0504@example.test,Gestionnaire fictif DEMO-UK-INS-03,sinistres@demo-uk-ins-03.test,DEMO-UK-POL-0504,2026-01-01,2026-12-31,DEMO-CORR-FR-03,Alpes Demo Recours (fictional)
DEMO-UK-0505,True,mock-insurance-v2,UK,JW20 YHN,JW20YHN,Peugeot,208,silver,DEMO-UK-INS-04,Meadowbrook Demo Auto (fictional),Conducteur fictif UK 0505,conducteur-uk-0505@example.test,Gestionnaire fictif DEMO-UK-INS-04,sinistres@demo-uk-ins-04.test,DEMO-UK-POL-0505,2026-01-01,2026-12-31,DEMO-CORR-FR-04,Rivage Demo Recours (fictional)
DEMO-UK-0506,True,mock-insurance-v2,UK,ET73 EZB,ET73EZB,Volkswagen,Golf,blue,DEMO-UK-INS-00,Northbridge Demo Motor (fictional),Conducteur fictif UK 0506,conducteur-uk-0506@example.test,Gestionnaire fictif DEMO-UK-INS-00,sinistres@demo-uk-ins-00.test,DEMO-UK-POL-0506,2026-01-01,2026-12-31,DEMO-CORR-FR-00,Hexagone Demo Recours (fictional)
DEMO-UK-0507,True,mock-insurance-v2,UK,BY23 YVR,BY23YVR,BMW,3 Series,blue,DEMO-UK-INS-01,Oakfield Demo Insurance (fictional),Conducteur fictif UK 0507,conducteur-uk-0507@example.test,Gestionnaire fictif DEMO-UK-INS-01,sinistres@demo-uk-ins-01.test,DEMO-UK-POL-0507,2026-01-01,2026-12-31,DEMO-CORR-FR-01,Azur Demo Recours (fictional)
DEMO-UK-0508,True,mock-insurance-v2,UK,HE62 YSM,HE62YSM,BMW,3 Series,black,DEMO-UK-INS-02,Westhaven Demo Motor (fictional),Conducteur fictif UK 0508,conducteur-uk-0508@example.test,Gestionnaire fictif DEMO-UK-INS-02,sinistres@demo-uk-ins-02.test,DEMO-UK-POL-0508,2026-01-01,2026-12-31,DEMO-CORR-FR-02,Loire Demo Recours (fictional)
DEMO-UK-0509,True,mock-insurance-v2,UK,VJ12 LLD,VJ12LLD,Volkswagen,Golf,blue,DEMO-UK-INS-03,Birchwood Demo Cover (fictional),Conducteur fictif UK 0509,conducteur-uk-0509@example.test,Gestionnaire fictif DEMO-UK-INS-03,sinistres@demo-uk-ins-03.test,DEMO-UK-POL-0509,2026-01-01,2026-12-31,DEMO-CORR-FR-03,Alpes Demo Recours (fictional)
DEMO-UK-0510,True,mock-insurance-v2,UK,LH75 XRG,LH75XRG,Volkswagen,Golf,blue,DEMO-UK-INS-04,Meadowbrook Demo Auto (fictional),Conducteur fictif UK 0510,conducteur-uk-0510@example.test,Gestionnaire fictif DEMO-UK-INS-04,sinistres@demo-uk-ins-04.test,DEMO-UK-POL-0510,2026-01-01,2026-12-31,DEMO-CORR-FR-04,Rivage Demo Recours (fictional)
DEMO-UK-0511,True,mock-insurance-v2,UK,TD23 DMS,TD23DMS,Peugeot,208,black,DEMO-UK-INS-00,Northbridge Demo Motor (fictional),Conducteur fictif UK 0511,conducteur-uk-0511@example.test,Gestionnaire fictif DEMO-UK-INS-00,sinistres@demo-uk-ins-00.test,DEMO-UK-POL-0511,2026-01-01,2026-12-31,DEMO-CORR-FR-00,Hexagone Demo Recours (fictional)
DEMO-UK-0512,True,mock-insurance-v2,UK,SS22 TPN,SS22TPN,Peugeot,208,white,DEMO-UK-INS-01,Oakfield Demo Insurance (fictional),Conducteur fictif UK 0512,conducteur-uk-0512@example.test,Gestionnaire fictif DEMO-UK-INS-01,sinistres@demo-uk-ins-01.test,DEMO-UK-POL-0512,2026-01-01,2026-12-31,DEMO-CORR-FR-01,Azur Demo Recours (fictional)
DEMO-UK-0513,True,mock-insurance-v2,UK,AE23 AZH,AE23AZH,Ford,Focus,grey,DEMO-UK-INS-02,Westhaven Demo Motor (fictional),Conducteur fictif UK 0513,conducteur-uk-0513@example.test,Gestionnaire fictif DEMO-UK-INS-02,sinistres@demo-uk-ins-02.test,DEMO-UK-POL-0513,2026-01-01,2026-12-31,DEMO-CORR-FR-02,Loire Demo Recours (fictional)
DEMO-UK-0514,True,mock-insurance-v2,UK,GE74 ARA,GE74ARA,Peugeot,208,grey,DEMO-UK-INS-03,Birchwood Demo Cover (fictional),Conducteur fictif UK 0514,conducteur-uk-0514@example.test,Gestionnaire fictif DEMO-UK-INS-03,sinistres@demo-uk-ins-03.test,DEMO-UK-POL-0514,2026-01-01,2026-12-31,DEMO-CORR-FR-03,Alpes Demo Recours (fictional)
DEMO-UK-0515,True,mock-insurance-v2,UK,RX74 MSE,RX74MSE,Volkswagen,Golf,blue,DEMO-UK-INS-04,Meadowbrook Demo Auto (fictional),Conducteur fictif UK 0515,conducteur-uk-0515@example.test,Gestionnaire fictif DEMO-UK-INS-04,sinistres@demo-uk-ins-04.test,DEMO-UK-POL-0515,2026-01-01,2026-12-31,DEMO-CORR-FR-04,Rivage Demo Recours (fictional)
DEMO-UK-0516,True,mock-insurance-v2,UK,GZ12 JZS,GZ12JZS,Renault,Clio,blue,DEMO-UK-INS-00,Northbridge Demo Motor (fictional),Conducteur fictif UK 0516,conducteur-uk-0516@example.test,Gestionnaire fictif DEMO-UK-INS-00,sinistres@demo-uk-ins-00.test,DEMO-UK-POL-0516,2026-01-01,2026-12-31,DEMO-CORR-FR-00,Hexagone Demo Recours (fictional)
DEMO-UK-0517,True,mock-insurance-v2,UK,SN23 RJK,SN23RJK,Toyota,Yaris,red,DEMO-UK-INS-01,Oakfield Demo Insurance (fictional),Conducteur fictif UK 0517,conducteur-uk-0517@example.test,Gestionnaire fictif DEMO-UK-INS-01,sinistres@demo-uk-ins-01.test,DEMO-UK-POL-0517,2026-01-01,2026-12-31,DEMO-CORR-FR-01,Azur Demo Recours (fictional)
DEMO-UK-0518,True,mock-insurance-v2,UK,GM71 XGM,GM71XGM,Peugeot,208,white,DEMO-UK-INS-02,Westhaven Demo Motor (fictional),Conducteur fictif UK 0518,conducteur-uk-0518@example.test,Gestionnaire fictif DEMO-UK-INS-02,sinistres@demo-uk-ins-02.test,DEMO-UK-POL-0518,2026-01-01,2026-12-31,DEMO-CORR-FR-02,Loire Demo Recours (fictional)
DEMO-UK-0519,True,mock-insurance-v2,UK,YJ24 LPJ,YJ24LPJ,Toyota,Yaris,silver,DEMO-UK-INS-03,Birchwood Demo Cover (fictional),Conducteur fictif UK 0519,conducteur-uk-0519@example.test,Gestionnaire fictif DEMO-UK-INS-03,sinistres@demo-uk-ins-03.test,DEMO-UK-POL-0519,2026-01-01,2026-12-31,DEMO-CORR-FR-03,Alpes Demo Recours (fictional)
DEMO-UK-0520,True,mock-insurance-v2,UK,MA24 EHW,MA24EHW,Ford,Focus,grey,DEMO-UK-INS-04,Meadowbrook Demo Auto (fictional),Conducteur fictif UK 0520,conducteur-uk-0520@example.test,Gestionnaire fictif DEMO-UK-INS-04,sinistres@demo-uk-ins-04.test,DEMO-UK-POL-0520,2026-01-01,2026-12-31,DEMO-CORR-FR-04,Rivage Demo Recours (fictional)
DEMO-UK-0521,True,mock-insurance-v2,UK,RE20 NAT,RE20NAT,BMW,3 Series,silver,DEMO-UK-INS-00,Northbridge Demo Motor (fictional),Conducteur fictif UK 0521,conducteur-uk-0521@example.test,Gestionnaire fictif DEMO-UK-INS-00,sinistres@demo-uk-ins-00.test,DEMO-UK-POL-0521,2026-01-01,2026-12-31,DEMO-CORR-FR-00,Hexagone Demo Recours (fictional)
DEMO-UK-0522,True,mock-insurance-v2,UK,GV74 SPY,GV74SPY,BMW,3 Series,red,DEMO-UK-INS-01,Oakfield Demo Insurance (fictional),Conducteur fictif UK 0522,conducteur-uk-0522@example.test,Gestionnaire fictif DEMO-UK-INS-01,sinistres@demo-uk-ins-01.test,DEMO-UK-POL-0522,2026-01-01,2026-12-31,DEMO-CORR-FR-01,Azur Demo Recours (fictional)
DEMO-UK-0523,True,mock-insurance-v2,UK,DR18 PTX,DR18PTX,BMW,3 Series,white,DEMO-UK-INS-02,Westhaven Demo Motor (fictional),Conducteur fictif UK 0523,conducteur-uk-0523@example.test,Gestionnaire fictif DEMO-UK-INS-02,sinistres@demo-uk-ins-02.test,DEMO-UK-POL-0523,2026-01-01,2026-12-31,DEMO-CORR-FR-02,Loire Demo Recours (fictional)
DEMO-UK-0524,True,mock-insurance-v2,UK,NE72 PPM,NE72PPM,Ford,Focus,grey,DEMO-UK-INS-03,Birchwood Demo Cover (fictional),Conducteur fictif UK 0524,conducteur-uk-0524@example.test,Gestionnaire fictif DEMO-UK-INS-03,sinistres@demo-uk-ins-03.test,DEMO-UK-POL-0524,2026-01-01,2026-12-31,DEMO-CORR-FR-03,Alpes Demo Recours (fictional)
DEMO-UK-0525,True,mock-insurance-v2,UK,ZY12 AVS,ZY12AVS,Toyota,Yaris,black,DEMO-UK-INS-04,Meadowbrook Demo Auto (fictional),Conducteur fictif UK 0525,conducteur-uk-0525@example.test,Gestionnaire fictif DEMO-UK-INS-04,sinistres@demo-uk-ins-04.test,DEMO-UK-POL-0525,2026-01-01,2026-12-31,DEMO-CORR-FR-04,Rivage Demo Recours (fictional)
DEMO-UK-0526,True,mock-insurance-v2,UK,CW12 TXJ,CW12TXJ,Toyota,Yaris,white,DEMO-UK-INS-00,Northbridge Demo Motor (fictional),Conducteur fictif UK 0526,conducteur-uk-0526@example.test,Gestionnaire fictif DEMO-UK-INS-00,sinistres@demo-uk-ins-00.test,DEMO-UK-POL-0526,2026-01-01,2026-12-31,DEMO-CORR-FR-00,Hexagone Demo Recours (fictional)
DEMO-UK-0527,True,mock-insurance-v2,UK,TM24 HZW,TM24HZW,Renault,Clio,grey,DEMO-UK-INS-01,Oakfield Demo Insurance (fictional),Conducteur fictif UK 0527,conducteur-uk-0527@example.test,Gestionnaire fictif DEMO-UK-INS-01,sinistres@demo-uk-ins-01.test,DEMO-UK-POL-0527,2026-01-01,2026-12-31,DEMO-CORR-FR-01,Azur Demo Recours (fictional)
DEMO-UK-0528,True,mock-insurance-v2,UK,TZ65 LDM,TZ65LDM,Volkswagen,Golf,blue,DEMO-UK-INS-02,Westhaven Demo Motor (fictional),Conducteur fictif UK 0528,conducteur-uk-0528@example.test,Gestionnaire fictif DEMO-UK-INS-02,sinistres@demo-uk-ins-02.test,DEMO-UK-POL-0528,2026-01-01,2026-12-31,DEMO-CORR-FR-02,Loire Demo Recours (fictional)
DEMO-UK-0529,True,mock-insurance-v2,UK,BN21 NWH,BN21NWH,Ford,Focus,blue,DEMO-UK-INS-03,Birchwood Demo Cover (fictional),Conducteur fictif UK 0529,conducteur-uk-0529@example.test,Gestionnaire fictif DEMO-UK-INS-03,sinistres@demo-uk-ins-03.test,DEMO-UK-POL-0529,2026-01-01,2026-12-31,DEMO-CORR-FR-03,Alpes Demo Recours (fictional)
DEMO-UK-0530,True,mock-insurance-v2,UK,CT24 PCF,CT24PCF,Renault,Clio,silver,DEMO-UK-INS-04,Meadowbrook Demo Auto (fictional),Conducteur fictif UK 0530,conducteur-uk-0530@example.test,Gestionnaire fictif DEMO-UK-INS-04,sinistres@demo-uk-ins-04.test,DEMO-UK-POL-0530,2026-01-01,2026-12-31,DEMO-CORR-FR-04,Rivage Demo Recours (fictional)
DEMO-UK-0531,True,mock-insurance-v2,UK,DK70 ENN,DK70ENN,BMW,3 Series,red,DEMO-UK-INS-00,Northbridge Demo Motor (fictional),Conducteur fictif UK 0531,conducteur-uk-0531@example.test,Gestionnaire fictif DEMO-UK-INS-00,sinistres@demo-uk-ins-00.test,DEMO-UK-POL-0531,2026-01-01,2026-12-31,DEMO-CORR-FR-00,Hexagone Demo Recours (fictional)
DEMO-UK-0532,True,mock-insurance-v2,UK,XK23 SHW,XK23SHW,Ford,Focus,black,DEMO-UK-INS-01,Oakfield Demo Insurance (fictional),Conducteur fictif UK 0532,conducteur-uk-0532@example.test,Gestionnaire fictif DEMO-UK-INS-01,sinistres@demo-uk-ins-01.test,DEMO-UK-POL-0532,2026-01-01,2026-12-31,DEMO-CORR-FR-01,Azur Demo Recours (fictional)
DEMO-UK-0533,True,mock-insurance-v2,UK,LP70 EWY,LP70EWY,Toyota,Yaris,blue,DEMO-UK-INS-02,Westhaven Demo Motor (fictional),Conducteur fictif UK 0533,conducteur-uk-0533@example.test,Gestionnaire fictif DEMO-UK-INS-02,sinistres@demo-uk-ins-02.test,DEMO-UK-POL-0533,2026-01-01,2026-12-31,DEMO-CORR-FR-02,Loire Demo Recours (fictional)
DEMO-UK-0534,True,mock-insurance-v2,UK,KZ25 JNJ,KZ25JNJ,Ford,Focus,black,DEMO-UK-INS-03,Birchwood Demo Cover (fictional),Conducteur fictif UK 0534,conducteur-uk-0534@example.test,Gestionnaire fictif DEMO-UK-INS-03,sinistres@demo-uk-ins-03.test,DEMO-UK-POL-0534,2026-01-01,2026-12-31,DEMO-CORR-FR-03,Alpes Demo Recours (fictional)
DEMO-UK-0535,True,mock-insurance-v2,UK,DG65 ENV,DG65ENV,Toyota,Yaris,grey,DEMO-UK-INS-04,Meadowbrook Demo Auto (fictional),Conducteur fictif UK 0535,conducteur-uk-0535@example.test,Gestionnaire fictif DEMO-UK-INS-04,sinistres@demo-uk-ins-04.test,DEMO-UK-POL-0535,2026-01-01,2026-12-31,DEMO-CORR-FR-04,Rivage Demo Recours (fictional)
DEMO-UK-0536,True,mock-insurance-v2,UK,NA62 KXJ,NA62KXJ,Renault,Clio,red,DEMO-UK-INS-00,Northbridge Demo Motor (fictional),Conducteur fictif UK 0536,conducteur-uk-0536@example.test,Gestionnaire fictif DEMO-UK-INS-00,sinistres@demo-uk-ins-00.test,DEMO-UK-POL-0536,2026-01-01,2026-12-31,DEMO-CORR-FR-00,Hexagone Demo Recours (fictional)
DEMO-UK-0537,True,mock-insurance-v2,UK,LH24 ESX,LH24ESX,Renault,Clio,silver,DEMO-UK-INS-01,Oakfield Demo Insurance (fictional),Conducteur fictif UK 0537,conducteur-uk-0537@example.test,Gestionnaire fictif DEMO-UK-INS-01,sinistres@demo-uk-ins-01.test,DEMO-UK-POL-0537,2026-01-01,2026-12-31,DEMO-CORR-FR-01,Azur Demo Recours (fictional)
DEMO-UK-0538,True,mock-insurance-v2,UK,ZW21 JBV,ZW21JBV,BMW,3 Series,silver,DEMO-UK-INS-02,Westhaven Demo Motor (fictional),Conducteur fictif UK 0538,conducteur-uk-0538@example.test,Gestionnaire fictif DEMO-UK-INS-02,sinistres@demo-uk-ins-02.test,DEMO-UK-POL-0538,2026-01-01,2026-12-31,DEMO-CORR-FR-02,Loire Demo Recours (fictional)
DEMO-UK-0539,True,mock-insurance-v2,UK,TJ23 REP,TJ23REP,Volkswagen,Golf,silver,DEMO-UK-INS-03,Birchwood Demo Cover (fictional),Conducteur fictif UK 0539,conducteur-uk-0539@example.test,Gestionnaire fictif DEMO-UK-INS-03,sinistres@demo-uk-ins-03.test,DEMO-UK-POL-0539,2026-01-01,2026-12-31,DEMO-CORR-FR-03,Alpes Demo Recours (fictional)
DEMO-UK-0540,True,mock-insurance-v2,UK,KT62 CMC,KT62CMC,Renault,Clio,red,DEMO-UK-INS-04,Meadowbrook Demo Auto (fictional),Conducteur fictif UK 0540,conducteur-uk-0540@example.test,Gestionnaire fictif DEMO-UK-INS-04,sinistres@demo-uk-ins-04.test,DEMO-UK-POL-0540,2026-01-01,2026-12-31,DEMO-CORR-FR-04,Rivage Demo Recours (fictional)
DEMO-UK-0541,True,mock-insurance-v2,UK,JT73 NLF,JT73NLF,Ford,Focus,silver,DEMO-UK-INS-00,Northbridge Demo Motor (fictional),Conducteur fictif UK 0541,conducteur-uk-0541@example.test,Gestionnaire fictif DEMO-UK-INS-00,sinistres@demo-uk-ins-00.test,DEMO-UK-POL-0541,2026-01-01,2026-12-31,DEMO-CORR-FR-00,Hexagone Demo Recours (fictional)
DEMO-UK-0542,True,mock-insurance-v2,UK,AD71 LFH,AD71LFH,Ford,Focus,blue,DEMO-UK-INS-01,Oakfield Demo Insurance (fictional),Conducteur fictif UK 0542,conducteur-uk-0542@example.test,Gestionnaire fictif DEMO-UK-INS-01,sinistres@demo-uk-ins-01.test,DEMO-UK-POL-0542,2026-01-01,2026-12-31,DEMO-CORR-FR-01,Azur Demo Recours (fictional)
DEMO-UK-0543,True,mock-insurance-v2,UK,AA70 LNE,AA70LNE,Renault,Clio,silver,DEMO-UK-INS-02,Westhaven Demo Motor (fictional),Conducteur fictif UK 0543,conducteur-uk-0543@example.test,Gestionnaire fictif DEMO-UK-INS-02,sinistres@demo-uk-ins-02.test,DEMO-UK-POL-0543,2026-01-01,2026-12-31,DEMO-CORR-FR-02,Loire Demo Recours (fictional)
DEMO-UK-0544,True,mock-insurance-v2,UK,WA23 DCD,WA23DCD,Peugeot,208,red,DEMO-UK-INS-03,Birchwood Demo Cover (fictional),Conducteur fictif UK 0544,conducteur-uk-0544@example.test,Gestionnaire fictif DEMO-UK-INS-03,sinistres@demo-uk-ins-03.test,DEMO-UK-POL-0544,2026-01-01,2026-12-31,DEMO-CORR-FR-03,Alpes Demo Recours (fictional)
DEMO-UK-0545,True,mock-insurance-v2,UK,DR20 GYV,DR20GYV,Ford,Focus,blue,DEMO-UK-INS-04,Meadowbrook Demo Auto (fictional),Conducteur fictif UK 0545,conducteur-uk-0545@example.test,Gestionnaire fictif DEMO-UK-INS-04,sinistres@demo-uk-ins-04.test,DEMO-UK-POL-0545,2026-01-01,2026-12-31,DEMO-CORR-FR-04,Rivage Demo Recours (fictional)
DEMO-UK-0546,True,mock-insurance-v2,UK,GP15 MKX,GP15MKX,Renault,Clio,grey,DEMO-UK-INS-00,Northbridge Demo Motor (fictional),Conducteur fictif UK 0546,conducteur-uk-0546@example.test,Gestionnaire fictif DEMO-UK-INS-00,sinistres@demo-uk-ins-00.test,DEMO-UK-POL-0546,2026-01-01,2026-12-31,DEMO-CORR-FR-00,Hexagone Demo Recours (fictional)
DEMO-UK-0547,True,mock-insurance-v2,UK,XK75 DWX,XK75DWX,Toyota,Yaris,blue,DEMO-UK-INS-01,Oakfield Demo Insurance (fictional),Conducteur fictif UK 0547,conducteur-uk-0547@example.test,Gestionnaire fictif DEMO-UK-INS-01,sinistres@demo-uk-ins-01.test,DEMO-UK-POL-0547,2026-01-01,2026-12-31,DEMO-CORR-FR-01,Azur Demo Recours (fictional)
DEMO-UK-0548,True,mock-insurance-v2,UK,YW23 LMP,YW23LMP,Renault,Clio,silver,DEMO-UK-INS-02,Westhaven Demo Motor (fictional),Conducteur fictif UK 0548,conducteur-uk-0548@example.test,Gestionnaire fictif DEMO-UK-INS-02,sinistres@demo-uk-ins-02.test,DEMO-UK-POL-0548,2026-01-01,2026-12-31,DEMO-CORR-FR-02,Loire Demo Recours (fictional)
DEMO-UK-0549,True,mock-insurance-v2,UK,DK20 VDL,DK20VDL,Renault,Clio,grey,DEMO-UK-INS-03,Birchwood Demo Cover (fictional),Conducteur fictif UK 0549,conducteur-uk-0549@example.test,Gestionnaire fictif DEMO-UK-INS-03,sinistres@demo-uk-ins-03.test,DEMO-UK-POL-0549,2026-01-01,2026-12-31,DEMO-CORR-FR-03,Alpes Demo Recours (fictional)
DEMO-UK-0550,True,mock-insurance-v2,UK,DD22 KST,DD22KST,Toyota,Yaris,blue,DEMO-UK-INS-04,Meadowbrook Demo Auto (fictional),Conducteur fictif UK 0550,conducteur-uk-0550@example.test,Gestionnaire fictif DEMO-UK-INS-04,sinistres@demo-uk-ins-04.test,DEMO-UK-POL-0550,2026-01-01,2026-12-31,DEMO-CORR-FR-04,Rivage Demo Recours (fictional)
DEMO-UK-0551,True,mock-insurance-v2,UK,VL23 SZY,VL23SZY,Renault,Clio,black,DEMO-UK-INS-00,Northbridge Demo Motor (fictional),Conducteur fictif UK 0551,conducteur-uk-0551@example.test,Gestionnaire fictif DEMO-UK-INS-00,sinistres@demo-uk-ins-00.test,DEMO-UK-POL-0551,2026-01-01,2026-12-31,DEMO-CORR-FR-00,Hexagone Demo Recours (fictional)
DEMO-UK-0552,True,mock-insurance-v2,UK,VF22 ZAC,VF22ZAC,Ford,Focus,silver,DEMO-UK-INS-01,Oakfield Demo Insurance (fictional),Conducteur fictif UK 0552,conducteur-uk-0552@example.test,Gestionnaire fictif DEMO-UK-INS-01,sinistres@demo-uk-ins-01.test,DEMO-UK-POL-0552,2026-01-01,2026-12-31,DEMO-CORR-FR-01,Azur Demo Recours (fictional)
DEMO-UK-0553,True,mock-insurance-v2,UK,ST70 MXG,ST70MXG,Ford,Focus,white,DEMO-UK-INS-02,Westhaven Demo Motor (fictional),Conducteur fictif UK 0553,conducteur-uk-0553@example.test,Gestionnaire fictif DEMO-UK-INS-02,sinistres@demo-uk-ins-02.test,DEMO-UK-POL-0553,2026-01-01,2026-12-31,DEMO-CORR-FR-02,Loire Demo Recours (fictional)
DEMO-UK-0554,True,mock-insurance-v2,UK,WW23 GRH,WW23GRH,Volkswagen,Golf,grey,DEMO-UK-INS-03,Birchwood Demo Cover (fictional),Conducteur fictif UK 0554,conducteur-uk-0554@example.test,Gestionnaire fictif DEMO-UK-INS-03,sinistres@demo-uk-ins-03.test,DEMO-UK-POL-0554,2026-01-01,2026-12-31,DEMO-CORR-FR-03,Alpes Demo Recours (fictional)
DEMO-UK-0555,True,mock-insurance-v2,UK,BM21 EFP,BM21EFP,Peugeot,208,red,DEMO-UK-INS-04,Meadowbrook Demo Auto (fictional),Conducteur fictif UK 0555,conducteur-uk-0555@example.test,Gestionnaire fictif DEMO-UK-INS-04,sinistres@demo-uk-ins-04.test,DEMO-UK-POL-0555,2026-01-01,2026-12-31,DEMO-CORR-FR-04,Rivage Demo Recours (fictional)
DEMO-UK-0556,True,mock-insurance-v2,UK,JM70 DSY,JM70DSY,BMW,3 Series,blue,DEMO-UK-INS-00,Northbridge Demo Motor (fictional),Conducteur fictif UK 0556,conducteur-uk-0556@example.test,Gestionnaire fictif DEMO-UK-INS-00,sinistres@demo-uk-ins-00.test,DEMO-UK-POL-0556,2026-01-01,2026-12-31,DEMO-CORR-FR-00,Hexagone Demo Recours (fictional)
DEMO-UK-0557,True,mock-insurance-v2,UK,VH73 AEG,VH73AEG,Toyota,Yaris,grey,DEMO-UK-INS-01,Oakfield Demo Insurance (fictional),Conducteur fictif UK 0557,conducteur-uk-0557@example.test,Gestionnaire fictif DEMO-UK-INS-01,sinistres@demo-uk-ins-01.test,DEMO-UK-POL-0557,2026-01-01,2026-12-31,DEMO-CORR-FR-01,Azur Demo Recours (fictional)
DEMO-UK-0558,True,mock-insurance-v2,UK,AN25 NGY,AN25NGY,BMW,3 Series,blue,DEMO-UK-INS-02,Westhaven Demo Motor (fictional),Conducteur fictif UK 0558,conducteur-uk-0558@example.test,Gestionnaire fictif DEMO-UK-INS-02,sinistres@demo-uk-ins-02.test,DEMO-UK-POL-0558,2026-01-01,2026-12-31,DEMO-CORR-FR-02,Loire Demo Recours (fictional)
DEMO-UK-0559,True,mock-insurance-v2,UK,KF23 VWH,KF23VWH,Peugeot,208,grey,DEMO-UK-INS-03,Birchwood Demo Cover (fictional),Conducteur fictif UK 0559,conducteur-uk-0559@example.test,Gestionnaire fictif DEMO-UK-INS-03,sinistres@demo-uk-ins-03.test,DEMO-UK-POL-0559,2026-01-01,2026-12-31,DEMO-CORR-FR-03,Alpes Demo Recours (fictional)
DEMO-UK-0560,True,mock-insurance-v2,UK,GR20 NZY,GR20NZY,Ford,Focus,silver,DEMO-UK-INS-04,Meadowbrook Demo Auto (fictional),Conducteur fictif UK 0560,conducteur-uk-0560@example.test,Gestionnaire fictif DEMO-UK-INS-04,sinistres@demo-uk-ins-04.test,DEMO-UK-POL-0560,2026-01-01,2026-12-31,DEMO-CORR-FR-04,Rivage Demo Recours (fictional)
DEMO-UK-0561,True,mock-insurance-v2,UK,RE23 MAH,RE23MAH,Peugeot,208,black,DEMO-UK-INS-00,Northbridge Demo Motor (fictional),Conducteur fictif UK 0561,conducteur-uk-0561@example.test,Gestionnaire fictif DEMO-UK-INS-00,sinistres@demo-uk-ins-00.test,DEMO-UK-POL-0561,2026-01-01,2026-12-31,DEMO-CORR-FR-00,Hexagone Demo Recours (fictional)
DEMO-UK-0562,True,mock-insurance-v2,UK,FV25 NBY,FV25NBY,Volkswagen,Golf,blue,DEMO-UK-INS-01,Oakfield Demo Insurance (fictional),Conducteur fictif UK 0562,conducteur-uk-0562@example.test,Gestionnaire fictif DEMO-UK-INS-01,sinistres@demo-uk-ins-01.test,DEMO-UK-POL-0562,2026-01-01,2026-12-31,DEMO-CORR-FR-01,Azur Demo Recours (fictional)
DEMO-UK-0563,True,mock-insurance-v2,UK,JR70 YXF,JR70YXF,Peugeot,208,white,DEMO-UK-INS-02,Westhaven Demo Motor (fictional),Conducteur fictif UK 0563,conducteur-uk-0563@example.test,Gestionnaire fictif DEMO-UK-INS-02,sinistres@demo-uk-ins-02.test,DEMO-UK-POL-0563,2026-01-01,2026-12-31,DEMO-CORR-FR-02,Loire Demo Recours (fictional)
DEMO-UK-0564,True,mock-insurance-v2,UK,BV23 TTL,BV23TTL,Toyota,Yaris,grey,DEMO-UK-INS-03,Birchwood Demo Cover (fictional),Conducteur fictif UK 0564,conducteur-uk-0564@example.test,Gestionnaire fictif DEMO-UK-INS-03,sinistres@demo-uk-ins-03.test,DEMO-UK-POL-0564,2026-01-01,2026-12-31,DEMO-CORR-FR-03,Alpes Demo Recours (fictional)
DEMO-UK-0565,True,mock-insurance-v2,UK,BC12 TEC,BC12TEC,Ford,Focus,silver,DEMO-UK-INS-04,Meadowbrook Demo Auto (fictional),Conducteur fictif UK 0565,conducteur-uk-0565@example.test,Gestionnaire fictif DEMO-UK-INS-04,sinistres@demo-uk-ins-04.test,DEMO-UK-POL-0565,2026-01-01,2026-12-31,DEMO-CORR-FR-04,Rivage Demo Recours (fictional)
DEMO-UK-0566,True,mock-insurance-v2,UK,FY75 YGZ,FY75YGZ,Toyota,Yaris,white,DEMO-UK-INS-00,Northbridge Demo Motor (fictional),Conducteur fictif UK 0566,conducteur-uk-0566@example.test,Gestionnaire fictif DEMO-UK-INS-00,sinistres@demo-uk-ins-00.test,DEMO-UK-POL-0566,2026-01-01,2026-12-31,DEMO-CORR-FR-00,Hexagone Demo Recours (fictional)
DEMO-UK-0567,True,mock-insurance-v2,UK,HC21 LLS,HC21LLS,Toyota,Yaris,silver,DEMO-UK-INS-01,Oakfield Demo Insurance (fictional),Conducteur fictif UK 0567,conducteur-uk-0567@example.test,Gestionnaire fictif DEMO-UK-INS-01,sinistres@demo-uk-ins-01.test,DEMO-UK-POL-0567,2026-01-01,2026-12-31,DEMO-CORR-FR-01,Azur Demo Recours (fictional)
DEMO-UK-0568,True,mock-insurance-v2,UK,GV23 MMZ,GV23MMZ,BMW,3 Series,black,DEMO-UK-INS-02,Westhaven Demo Motor (fictional),Conducteur fictif UK 0568,conducteur-uk-0568@example.test,Gestionnaire fictif DEMO-UK-INS-02,sinistres@demo-uk-ins-02.test,DEMO-UK-POL-0568,2026-01-01,2026-12-31,DEMO-CORR-FR-02,Loire Demo Recours (fictional)
DEMO-UK-0569,True,mock-insurance-v2,UK,VV12 LNG,VV12LNG,Peugeot,208,grey,DEMO-UK-INS-03,Birchwood Demo Cover (fictional),Conducteur fictif UK 0569,conducteur-uk-0569@example.test,Gestionnaire fictif DEMO-UK-INS-03,sinistres@demo-uk-ins-03.test,DEMO-UK-POL-0569,2026-01-01,2026-12-31,DEMO-CORR-FR-03,Alpes Demo Recours (fictional)
DEMO-UK-0570,True,mock-insurance-v2,UK,GC20 EWL,GC20EWL,Volkswagen,Golf,red,DEMO-UK-INS-04,Meadowbrook Demo Auto (fictional),Conducteur fictif UK 0570,conducteur-uk-0570@example.test,Gestionnaire fictif DEMO-UK-INS-04,sinistres@demo-uk-ins-04.test,DEMO-UK-POL-0570,2026-01-01,2026-12-31,DEMO-CORR-FR-04,Rivage Demo Recours (fictional)
DEMO-UK-0571,True,mock-insurance-v2,UK,RP73 BXV,RP73BXV,Toyota,Yaris,red,DEMO-UK-INS-00,Northbridge Demo Motor (fictional),Conducteur fictif UK 0571,conducteur-uk-0571@example.test,Gestionnaire fictif DEMO-UK-INS-00,sinistres@demo-uk-ins-00.test,DEMO-UK-POL-0571,2026-01-01,2026-12-31,DEMO-CORR-FR-00,Hexagone Demo Recours (fictional)
DEMO-UK-0572,True,mock-insurance-v2,UK,LX24 BVR,LX24BVR,Volkswagen,Golf,red,DEMO-UK-INS-01,Oakfield Demo Insurance (fictional),Conducteur fictif UK 0572,conducteur-uk-0572@example.test,Gestionnaire fictif DEMO-UK-INS-01,sinistres@demo-uk-ins-01.test,DEMO-UK-POL-0572,2026-01-01,2026-12-31,DEMO-CORR-FR-01,Azur Demo Recours (fictional)
DEMO-UK-0573,True,mock-insurance-v2,UK,KT72 ZMS,KT72ZMS,Peugeot,208,white,DEMO-UK-INS-02,Westhaven Demo Motor (fictional),Conducteur fictif UK 0573,conducteur-uk-0573@example.test,Gestionnaire fictif DEMO-UK-INS-02,sinistres@demo-uk-ins-02.test,DEMO-UK-POL-0573,2026-01-01,2026-12-31,DEMO-CORR-FR-02,Loire Demo Recours (fictional)
DEMO-UK-0574,True,mock-insurance-v2,UK,YY18 HDY,YY18HDY,BMW,3 Series,blue,DEMO-UK-INS-03,Birchwood Demo Cover (fictional),Conducteur fictif UK 0574,conducteur-uk-0574@example.test,Gestionnaire fictif DEMO-UK-INS-03,sinistres@demo-uk-ins-03.test,DEMO-UK-POL-0574,2026-01-01,2026-12-31,DEMO-CORR-FR-03,Alpes Demo Recours (fictional)
DEMO-UK-0575,True,mock-insurance-v2,UK,NW73 EHL,NW73EHL,Ford,Focus,silver,DEMO-UK-INS-04,Meadowbrook Demo Auto (fictional),Conducteur fictif UK 0575,conducteur-uk-0575@example.test,Gestionnaire fictif DEMO-UK-INS-04,sinistres@demo-uk-ins-04.test,DEMO-UK-POL-0575,2026-01-01,2026-12-31,DEMO-CORR-FR-04,Rivage Demo Recours (fictional)
DEMO-UK-0576,True,mock-insurance-v2,UK,VW20 YZX,VW20YZX,Toyota,Yaris,red,DEMO-UK-INS-00,Northbridge Demo Motor (fictional),Conducteur fictif UK 0576,conducteur-uk-0576@example.test,Gestionnaire fictif DEMO-UK-INS-00,sinistres@demo-uk-ins-00.test,DEMO-UK-POL-0576,2026-01-01,2026-12-31,DEMO-CORR-FR-00,Hexagone Demo Recours (fictional)
DEMO-UK-0577,True,mock-insurance-v2,UK,WJ20 VHM,WJ20VHM,Volkswagen,Golf,white,DEMO-UK-INS-01,Oakfield Demo Insurance (fictional),Conducteur fictif UK 0577,conducteur-uk-0577@example.test,Gestionnaire fictif DEMO-UK-INS-01,sinistres@demo-uk-ins-01.test,DEMO-UK-POL-0577,2026-01-01,2026-12-31,DEMO-CORR-FR-01,Azur Demo Recours (fictional)
DEMO-UK-0578,True,mock-insurance-v2,UK,TC24 XYX,TC24XYX,BMW,3 Series,white,DEMO-UK-INS-02,Westhaven Demo Motor (fictional),Conducteur fictif UK 0578,conducteur-uk-0578@example.test,Gestionnaire fictif DEMO-UK-INS-02,sinistres@demo-uk-ins-02.test,DEMO-UK-POL-0578,2026-01-01,2026-12-31,DEMO-CORR-FR-02,Loire Demo Recours (fictional)
DEMO-UK-0579,True,mock-insurance-v2,UK,MH18 JGR,MH18JGR,Toyota,Yaris,red,DEMO-UK-INS-03,Birchwood Demo Cover (fictional),Conducteur fictif UK 0579,conducteur-uk-0579@example.test,Gestionnaire fictif DEMO-UK-INS-03,sinistres@demo-uk-ins-03.test,DEMO-UK-POL-0579,2026-01-01,2026-12-31,DEMO-CORR-FR-03,Alpes Demo Recours (fictional)
DEMO-UK-0580,True,mock-insurance-v2,UK,KM73 VGZ,KM73VGZ,Renault,Clio,blue,DEMO-UK-INS-04,Meadowbrook Demo Auto (fictional),Conducteur fictif UK 0580,conducteur-uk-0580@example.test,Gestionnaire fictif DEMO-UK-INS-04,sinistres@demo-uk-ins-04.test,DEMO-UK-POL-0580,2026-01-01,2026-12-31,DEMO-CORR-FR-04,Rivage Demo Recours (fictional)
DEMO-UK-0581,True,mock-insurance-v2,UK,RD22 BGN,RD22BGN,Peugeot,208,grey,DEMO-UK-INS-00,Northbridge Demo Motor (fictional),Conducteur fictif UK 0581,conducteur-uk-0581@example.test,Gestionnaire fictif DEMO-UK-INS-00,sinistres@demo-uk-ins-00.test,DEMO-UK-POL-0581,2026-01-01,2026-12-31,DEMO-CORR-FR-00,Hexagone Demo Recours (fictional)
DEMO-UK-0582,True,mock-insurance-v2,UK,AN75 BNW,AN75BNW,Volkswagen,Golf,blue,DEMO-UK-INS-01,Oakfield Demo Insurance (fictional),Conducteur fictif UK 0582,conducteur-uk-0582@example.test,Gestionnaire fictif DEMO-UK-INS-01,sinistres@demo-uk-ins-01.test,DEMO-UK-POL-0582,2026-01-01,2026-12-31,DEMO-CORR-FR-01,Azur Demo Recours (fictional)
DEMO-UK-0583,True,mock-insurance-v2,UK,VE25 PDC,VE25PDC,Peugeot,208,blue,DEMO-UK-INS-02,Westhaven Demo Motor (fictional),Conducteur fictif UK 0583,conducteur-uk-0583@example.test,Gestionnaire fictif DEMO-UK-INS-02,sinistres@demo-uk-ins-02.test,DEMO-UK-POL-0583,2026-01-01,2026-12-31,DEMO-CORR-FR-02,Loire Demo Recours (fictional)
DEMO-UK-0584,True,mock-insurance-v2,UK,CY65 TRT,CY65TRT,Volkswagen,Golf,black,DEMO-UK-INS-03,Birchwood Demo Cover (fictional),Conducteur fictif UK 0584,conducteur-uk-0584@example.test,Gestionnaire fictif DEMO-UK-INS-03,sinistres@demo-uk-ins-03.test,DEMO-UK-POL-0584,2026-01-01,2026-12-31,DEMO-CORR-FR-03,Alpes Demo Recours (fictional)
DEMO-UK-0585,True,mock-insurance-v2,UK,PN12 MMT,PN12MMT,Ford,Focus,blue,DEMO-UK-INS-04,Meadowbrook Demo Auto (fictional),Conducteur fictif UK 0585,conducteur-uk-0585@example.test,Gestionnaire fictif DEMO-UK-INS-04,sinistres@demo-uk-ins-04.test,DEMO-UK-POL-0585,2026-01-01,2026-12-31,DEMO-CORR-FR-04,Rivage Demo Recours (fictional)
DEMO-UK-0586,True,mock-insurance-v2,UK,CD73 TTS,CD73TTS,Ford,Focus,blue,DEMO-UK-INS-00,Northbridge Demo Motor (fictional),Conducteur fictif UK 0586,conducteur-uk-0586@example.test,Gestionnaire fictif DEMO-UK-INS-00,sinistres@demo-uk-ins-00.test,DEMO-UK-POL-0586,2026-01-01,2026-12-31,DEMO-CORR-FR-00,Hexagone Demo Recours (fictional)
DEMO-UK-0587,True,mock-insurance-v2,UK,XC24 ETL,XC24ETL,Renault,Clio,grey,DEMO-UK-INS-01,Oakfield Demo Insurance (fictional),Conducteur fictif UK 0587,conducteur-uk-0587@example.test,Gestionnaire fictif DEMO-UK-INS-01,sinistres@demo-uk-ins-01.test,DEMO-UK-POL-0587,2026-01-01,2026-12-31,DEMO-CORR-FR-01,Azur Demo Recours (fictional)
DEMO-UK-0588,True,mock-insurance-v2,UK,NP70 CBC,NP70CBC,Renault,Clio,white,DEMO-UK-INS-02,Westhaven Demo Motor (fictional),Conducteur fictif UK 0588,conducteur-uk-0588@example.test,Gestionnaire fictif DEMO-UK-INS-02,sinistres@demo-uk-ins-02.test,DEMO-UK-POL-0588,2026-01-01,2026-12-31,DEMO-CORR-FR-02,Loire Demo Recours (fictional)
DEMO-UK-0589,True,mock-insurance-v2,UK,RZ18 EHV,RZ18EHV,Renault,Clio,silver,DEMO-UK-INS-03,Birchwood Demo Cover (fictional),Conducteur fictif UK 0589,conducteur-uk-0589@example.test,Gestionnaire fictif DEMO-UK-INS-03,sinistres@demo-uk-ins-03.test,DEMO-UK-POL-0589,2026-01-01,2026-12-31,DEMO-CORR-FR-03,Alpes Demo Recours (fictional)
DEMO-UK-0590,True,mock-insurance-v2,UK,TS75 HDH,TS75HDH,BMW,3 Series,red,DEMO-UK-INS-04,Meadowbrook Demo Auto (fictional),Conducteur fictif UK 0590,conducteur-uk-0590@example.test,Gestionnaire fictif DEMO-UK-INS-04,sinistres@demo-uk-ins-04.test,DEMO-UK-POL-0590,2026-01-01,2026-12-31,DEMO-CORR-FR-04,Rivage Demo Recours (fictional)
DEMO-UK-0591,True,mock-insurance-v2,UK,YX71 WWK,YX71WWK,Toyota,Yaris,silver,DEMO-UK-INS-00,Northbridge Demo Motor (fictional),Conducteur fictif UK 0591,conducteur-uk-0591@example.test,Gestionnaire fictif DEMO-UK-INS-00,sinistres@demo-uk-ins-00.test,DEMO-UK-POL-0591,2026-01-01,2026-12-31,DEMO-CORR-FR-00,Hexagone Demo Recours (fictional)
DEMO-UK-0592,True,mock-insurance-v2,UK,CN23 VBX,CN23VBX,Ford,Focus,white,DEMO-UK-INS-01,Oakfield Demo Insurance (fictional),Conducteur fictif UK 0592,conducteur-uk-0592@example.test,Gestionnaire fictif DEMO-UK-INS-01,sinistres@demo-uk-ins-01.test,DEMO-UK-POL-0592,2026-01-01,2026-12-31,DEMO-CORR-FR-01,Azur Demo Recours (fictional)
DEMO-UK-0593,True,mock-insurance-v2,UK,XC18 PSW,XC18PSW,BMW,3 Series,silver,DEMO-UK-INS-02,Westhaven Demo Motor (fictional),Conducteur fictif UK 0593,conducteur-uk-0593@example.test,Gestionnaire fictif DEMO-UK-INS-02,sinistres@demo-uk-ins-02.test,DEMO-UK-POL-0593,2026-01-01,2026-12-31,DEMO-CORR-FR-02,Loire Demo Recours (fictional)
DEMO-UK-0594,True,mock-insurance-v2,UK,YS75 ZWM,YS75ZWM,Toyota,Yaris,black,DEMO-UK-INS-03,Birchwood Demo Cover (fictional),Conducteur fictif UK 0594,conducteur-uk-0594@example.test,Gestionnaire fictif DEMO-UK-INS-03,sinistres@demo-uk-ins-03.test,DEMO-UK-POL-0594,2026-01-01,2026-12-31,DEMO-CORR-FR-03,Alpes Demo Recours (fictional)
DEMO-UK-0595,True,mock-insurance-v2,UK,BT74 VPL,BT74VPL,BMW,3 Series,white,DEMO-UK-INS-04,Meadowbrook Demo Auto (fictional),Conducteur fictif UK 0595,conducteur-uk-0595@example.test,Gestionnaire fictif DEMO-UK-INS-04,sinistres@demo-uk-ins-04.test,DEMO-UK-POL-0595,2026-01-01,2026-12-31,DEMO-CORR-FR-04,Rivage Demo Recours (fictional)
DEMO-UK-0596,True,mock-insurance-v2,UK,CT15 NWA,CT15NWA,Peugeot,208,red,DEMO-UK-INS-00,Northbridge Demo Motor (fictional),Conducteur fictif UK 0596,conducteur-uk-0596@example.test,Gestionnaire fictif DEMO-UK-INS-00,sinistres@demo-uk-ins-00.test,DEMO-UK-POL-0596,2026-01-01,2026-12-31,DEMO-CORR-FR-00,Hexagone Demo Recours (fictional)
DEMO-UK-0597,True,mock-insurance-v2,UK,HJ12 NSP,HJ12NSP,Renault,Clio,blue,DEMO-UK-INS-01,Oakfield Demo Insurance (fictional),Conducteur fictif UK 0597,conducteur-uk-0597@example.test,Gestionnaire fictif DEMO-UK-INS-01,sinistres@demo-uk-ins-01.test,DEMO-UK-POL-0597,2026-01-01,2026-12-31,DEMO-CORR-FR-01,Azur Demo Recours (fictional)
DEMO-UK-0598,True,mock-insurance-v2,UK,WZ24 EFE,WZ24EFE,Peugeot,208,black,DEMO-UK-INS-02,Westhaven Demo Motor (fictional),Conducteur fictif UK 0598,conducteur-uk-0598@example.test,Gestionnaire fictif DEMO-UK-INS-02,sinistres@demo-uk-ins-02.test,DEMO-UK-POL-0598,2026-01-01,2026-12-31,DEMO-CORR-FR-02,Loire Demo Recours (fictional)
DEMO-UK-0599,True,mock-insurance-v2,UK,MX65 HBL,MX65HBL,Renault,Clio,red,DEMO-UK-INS-03,Birchwood Demo Cover (fictional),Conducteur fictif UK 0599,conducteur-uk-0599@example.test,Gestionnaire fictif DEMO-UK-INS-03,sinistres@demo-uk-ins-03.test,DEMO-UK-POL-0599,2026-01-01,2026-12-31,DEMO-CORR-FR-03,Alpes Demo Recours (fictional)
DEMO-UK-0600,True,mock-insurance-v2,UK,PX25 WMC,PX25WMC,Toyota,Yaris,red,DEMO-UK-INS-04,Meadowbrook Demo Auto (fictional),Conducteur fictif UK 0600,conducteur-uk-0600@example.test,Gestionnaire fictif DEMO-UK-INS-04,sinistres@demo-uk-ins-04.test,DEMO-UK-POL-0600,2026-01-01,2026-12-31,DEMO-CORR-FR-04,Rivage Demo Recours (fictional)
DEMO-UK-0601,True,mock-insurance-v2,UK,RE20 ZGF,RE20ZGF,Renault,Clio,black,DEMO-UK-INS-00,Northbridge Demo Motor (fictional),Conducteur fictif UK 0601,conducteur-uk-0601@example.test,Gestionnaire fictif DEMO-UK-INS-00,sinistres@demo-uk-ins-00.test,DEMO-UK-POL-0601,2026-01-01,2026-12-31,DEMO-CORR-FR-00,Hexagone Demo Recours (fictional)
DEMO-UK-0602,True,mock-insurance-v2,UK,RT22 GGL,RT22GGL,BMW,3 Series,grey,DEMO-UK-INS-01,Oakfield Demo Insurance (fictional),Conducteur fictif UK 0602,conducteur-uk-0602@example.test,Gestionnaire fictif DEMO-UK-INS-01,sinistres@demo-uk-ins-01.test,DEMO-UK-POL-0602,2026-01-01,2026-12-31,DEMO-CORR-FR-01,Azur Demo Recours (fictional)
DEMO-UK-0603,True,mock-insurance-v2,UK,LL22 MBD,LL22MBD,Ford,Focus,red,DEMO-UK-INS-02,Westhaven Demo Motor (fictional),Conducteur fictif UK 0603,conducteur-uk-0603@example.test,Gestionnaire fictif DEMO-UK-INS-02,sinistres@demo-uk-ins-02.test,DEMO-UK-POL-0603,2026-01-01,2026-12-31,DEMO-CORR-FR-02,Loire Demo Recours (fictional)
DEMO-UK-0604,True,mock-insurance-v2,UK,NA70 ENS,NA70ENS,Renault,Clio,white,DEMO-UK-INS-03,Birchwood Demo Cover (fictional),Conducteur fictif UK 0604,conducteur-uk-0604@example.test,Gestionnaire fictif DEMO-UK-INS-03,sinistres@demo-uk-ins-03.test,DEMO-UK-POL-0604,2026-01-01,2026-12-31,DEMO-CORR-FR-03,Alpes Demo Recours (fictional)
DEMO-UK-0605,True,mock-insurance-v2,UK,GM15 YLV,GM15YLV,Renault,Clio,silver,DEMO-UK-INS-04,Meadowbrook Demo Auto (fictional),Conducteur fictif UK 0605,conducteur-uk-0605@example.test,Gestionnaire fictif DEMO-UK-INS-04,sinistres@demo-uk-ins-04.test,DEMO-UK-POL-0605,2026-01-01,2026-12-31,DEMO-CORR-FR-04,Rivage Demo Recours (fictional)
DEMO-UK-0606,True,mock-insurance-v2,UK,AK22 KSW,AK22KSW,Renault,Clio,silver,DEMO-UK-INS-00,Northbridge Demo Motor (fictional),Conducteur fictif UK 0606,conducteur-uk-0606@example.test,Gestionnaire fictif DEMO-UK-INS-00,sinistres@demo-uk-ins-00.test,DEMO-UK-POL-0606,2026-01-01,2026-12-31,DEMO-CORR-FR-00,Hexagone Demo Recours (fictional)
DEMO-UK-0607,True,mock-insurance-v2,UK,DH22 MHC,DH22MHC,BMW,3 Series,red,DEMO-UK-INS-01,Oakfield Demo Insurance (fictional),Conducteur fictif UK 0607,conducteur-uk-0607@example.test,Gestionnaire fictif DEMO-UK-INS-01,sinistres@demo-uk-ins-01.test,DEMO-UK-POL-0607,2026-01-01,2026-12-31,DEMO-CORR-FR-01,Azur Demo Recours (fictional)
DEMO-UK-0608,True,mock-insurance-v2,UK,VB25 MPT,VB25MPT,Toyota,Yaris,grey,DEMO-UK-INS-02,Westhaven Demo Motor (fictional),Conducteur fictif UK 0608,conducteur-uk-0608@example.test,Gestionnaire fictif DEMO-UK-INS-02,sinistres@demo-uk-ins-02.test,DEMO-UK-POL-0608,2026-01-01,2026-12-31,DEMO-CORR-FR-02,Loire Demo Recours (fictional)
DEMO-UK-0609,True,mock-insurance-v2,UK,YB71 WDT,YB71WDT,BMW,3 Series,red,DEMO-UK-INS-03,Birchwood Demo Cover (fictional),Conducteur fictif UK 0609,conducteur-uk-0609@example.test,Gestionnaire fictif DEMO-UK-INS-03,sinistres@demo-uk-ins-03.test,DEMO-UK-POL-0609,2026-01-01,2026-12-31,DEMO-CORR-FR-03,Alpes Demo Recours (fictional)
DEMO-UK-0610,True,mock-insurance-v2,UK,WZ20 VDL,WZ20VDL,Ford,Focus,blue,DEMO-UK-INS-04,Meadowbrook Demo Auto (fictional),Conducteur fictif UK 0610,conducteur-uk-0610@example.test,Gestionnaire fictif DEMO-UK-INS-04,sinistres@demo-uk-ins-04.test,DEMO-UK-POL-0610,2026-01-01,2026-12-31,DEMO-CORR-FR-04,Rivage Demo Recours (fictional)
DEMO-UK-0611,True,mock-insurance-v2,UK,FB22 JPF,FB22JPF,Renault,Clio,blue,DEMO-UK-INS-00,Northbridge Demo Motor (fictional),Conducteur fictif UK 0611,conducteur-uk-0611@example.test,Gestionnaire fictif DEMO-UK-INS-00,sinistres@demo-uk-ins-00.test,DEMO-UK-POL-0611,2026-01-01,2026-12-31,DEMO-CORR-FR-00,Hexagone Demo Recours (fictional)
DEMO-UK-0612,True,mock-insurance-v2,UK,BA12 YKD,BA12YKD,Volkswagen,Golf,red,DEMO-UK-INS-01,Oakfield Demo Insurance (fictional),Conducteur fictif UK 0612,conducteur-uk-0612@example.test,Gestionnaire fictif DEMO-UK-INS-01,sinistres@demo-uk-ins-01.test,DEMO-UK-POL-0612,2026-01-01,2026-12-31,DEMO-CORR-FR-01,Azur Demo Recours (fictional)
DEMO-UK-0613,True,mock-insurance-v2,UK,VB74 ZSH,VB74ZSH,Renault,Clio,blue,DEMO-UK-INS-02,Westhaven Demo Motor (fictional),Conducteur fictif UK 0613,conducteur-uk-0613@example.test,Gestionnaire fictif DEMO-UK-INS-02,sinistres@demo-uk-ins-02.test,DEMO-UK-POL-0613,2026-01-01,2026-12-31,DEMO-CORR-FR-02,Loire Demo Recours (fictional)
DEMO-UK-0614,True,mock-insurance-v2,UK,EG70 GYF,EG70GYF,Toyota,Yaris,red,DEMO-UK-INS-03,Birchwood Demo Cover (fictional),Conducteur fictif UK 0614,conducteur-uk-0614@example.test,Gestionnaire fictif DEMO-UK-INS-03,sinistres@demo-uk-ins-03.test,DEMO-UK-POL-0614,2026-01-01,2026-12-31,DEMO-CORR-FR-03,Alpes Demo Recours (fictional)
DEMO-UK-0615,True,mock-insurance-v2,UK,HJ15 BAH,HJ15BAH,BMW,3 Series,black,DEMO-UK-INS-04,Meadowbrook Demo Auto (fictional),Conducteur fictif UK 0615,conducteur-uk-0615@example.test,Gestionnaire fictif DEMO-UK-INS-04,sinistres@demo-uk-ins-04.test,DEMO-UK-POL-0615,2026-01-01,2026-12-31,DEMO-CORR-FR-04,Rivage Demo Recours (fictional)
DEMO-UK-0616,True,mock-insurance-v2,UK,CC21 VJV,CC21VJV,BMW,3 Series,red,DEMO-UK-INS-00,Northbridge Demo Motor (fictional),Conducteur fictif UK 0616,conducteur-uk-0616@example.test,Gestionnaire fictif DEMO-UK-INS-00,sinistres@demo-uk-ins-00.test,DEMO-UK-POL-0616,2026-01-01,2026-12-31,DEMO-CORR-FR-00,Hexagone Demo Recours (fictional)
DEMO-UK-0617,True,mock-insurance-v2,UK,XA65 ZXA,XA65ZXA,Volkswagen,Golf,red,DEMO-UK-INS-01,Oakfield Demo Insurance (fictional),Conducteur fictif UK 0617,conducteur-uk-0617@example.test,Gestionnaire fictif DEMO-UK-INS-01,sinistres@demo-uk-ins-01.test,DEMO-UK-POL-0617,2026-01-01,2026-12-31,DEMO-CORR-FR-01,Azur Demo Recours (fictional)
DEMO-UK-0618,True,mock-insurance-v2,UK,MV24 YZD,MV24YZD,Peugeot,208,black,DEMO-UK-INS-02,Westhaven Demo Motor (fictional),Conducteur fictif UK 0618,conducteur-uk-0618@example.test,Gestionnaire fictif DEMO-UK-INS-02,sinistres@demo-uk-ins-02.test,DEMO-UK-POL-0618,2026-01-01,2026-12-31,DEMO-CORR-FR-02,Loire Demo Recours (fictional)
DEMO-UK-0619,True,mock-insurance-v2,UK,HC22 AHH,HC22AHH,Renault,Clio,grey,DEMO-UK-INS-03,Birchwood Demo Cover (fictional),Conducteur fictif UK 0619,conducteur-uk-0619@example.test,Gestionnaire fictif DEMO-UK-INS-03,sinistres@demo-uk-ins-03.test,DEMO-UK-POL-0619,2026-01-01,2026-12-31,DEMO-CORR-FR-03,Alpes Demo Recours (fictional)
DEMO-UK-0620,True,mock-insurance-v2,UK,GN70 JLY,GN70JLY,Volkswagen,Golf,black,DEMO-UK-INS-04,Meadowbrook Demo Auto (fictional),Conducteur fictif UK 0620,conducteur-uk-0620@example.test,Gestionnaire fictif DEMO-UK-INS-04,sinistres@demo-uk-ins-04.test,DEMO-UK-POL-0620,2026-01-01,2026-12-31,DEMO-CORR-FR-04,Rivage Demo Recours (fictional)
DEMO-UK-0621,True,mock-insurance-v2,UK,LW73 YYE,LW73YYE,BMW,3 Series,white,DEMO-UK-INS-00,Northbridge Demo Motor (fictional),Conducteur fictif UK 0621,conducteur-uk-0621@example.test,Gestionnaire fictif DEMO-UK-INS-00,sinistres@demo-uk-ins-00.test,DEMO-UK-POL-0621,2026-01-01,2026-12-31,DEMO-CORR-FR-00,Hexagone Demo Recours (fictional)
DEMO-UK-0622,True,mock-insurance-v2,UK,VG68 PSC,VG68PSC,BMW,3 Series,black,DEMO-UK-INS-01,Oakfield Demo Insurance (fictional),Conducteur fictif UK 0622,conducteur-uk-0622@example.test,Gestionnaire fictif DEMO-UK-INS-01,sinistres@demo-uk-ins-01.test,DEMO-UK-POL-0622,2026-01-01,2026-12-31,DEMO-CORR-FR-01,Azur Demo Recours (fictional)
DEMO-UK-0623,True,mock-insurance-v2,UK,VR25 FYP,VR25FYP,Renault,Clio,blue,DEMO-UK-INS-02,Westhaven Demo Motor (fictional),Conducteur fictif UK 0623,conducteur-uk-0623@example.test,Gestionnaire fictif DEMO-UK-INS-02,sinistres@demo-uk-ins-02.test,DEMO-UK-POL-0623,2026-01-01,2026-12-31,DEMO-CORR-FR-02,Loire Demo Recours (fictional)
DEMO-UK-0624,True,mock-insurance-v2,UK,KS20 MLS,KS20MLS,Toyota,Yaris,white,DEMO-UK-INS-03,Birchwood Demo Cover (fictional),Conducteur fictif UK 0624,conducteur-uk-0624@example.test,Gestionnaire fictif DEMO-UK-INS-03,sinistres@demo-uk-ins-03.test,DEMO-UK-POL-0624,2026-01-01,2026-12-31,DEMO-CORR-FR-03,Alpes Demo Recours (fictional)
DEMO-UK-0625,True,mock-insurance-v2,UK,ZD62 FKB,ZD62FKB,Renault,Clio,white,DEMO-UK-INS-04,Meadowbrook Demo Auto (fictional),Conducteur fictif UK 0625,conducteur-uk-0625@example.test,Gestionnaire fictif DEMO-UK-INS-04,sinistres@demo-uk-ins-04.test,DEMO-UK-POL-0625,2026-01-01,2026-12-31,DEMO-CORR-FR-04,Rivage Demo Recours (fictional)
DEMO-UK-0626,True,mock-insurance-v2,UK,LB18 JYN,LB18JYN,Ford,Focus,blue,DEMO-UK-INS-00,Northbridge Demo Motor (fictional),Conducteur fictif UK 0626,conducteur-uk-0626@example.test,Gestionnaire fictif DEMO-UK-INS-00,sinistres@demo-uk-ins-00.test,DEMO-UK-POL-0626,2026-01-01,2026-12-31,DEMO-CORR-FR-00,Hexagone Demo Recours (fictional)
DEMO-UK-0627,True,mock-insurance-v2,UK,CC74 JDA,CC74JDA,Toyota,Yaris,white,DEMO-UK-INS-01,Oakfield Demo Insurance (fictional),Conducteur fictif UK 0627,conducteur-uk-0627@example.test,Gestionnaire fictif DEMO-UK-INS-01,sinistres@demo-uk-ins-01.test,DEMO-UK-POL-0627,2026-01-01,2026-12-31,DEMO-CORR-FR-01,Azur Demo Recours (fictional)
DEMO-UK-0628,True,mock-insurance-v2,UK,GZ21 MXP,GZ21MXP,Volkswagen,Golf,blue,DEMO-UK-INS-02,Westhaven Demo Motor (fictional),Conducteur fictif UK 0628,conducteur-uk-0628@example.test,Gestionnaire fictif DEMO-UK-INS-02,sinistres@demo-uk-ins-02.test,DEMO-UK-POL-0628,2026-01-01,2026-12-31,DEMO-CORR-FR-02,Loire Demo Recours (fictional)
DEMO-UK-0629,True,mock-insurance-v2,UK,FS71 GNT,FS71GNT,Renault,Clio,black,DEMO-UK-INS-03,Birchwood Demo Cover (fictional),Conducteur fictif UK 0629,conducteur-uk-0629@example.test,Gestionnaire fictif DEMO-UK-INS-03,sinistres@demo-uk-ins-03.test,DEMO-UK-POL-0629,2026-01-01,2026-12-31,DEMO-CORR-FR-03,Alpes Demo Recours (fictional)
DEMO-UK-0630,True,mock-insurance-v2,UK,XR15 YCB,XR15YCB,Volkswagen,Golf,grey,DEMO-UK-INS-04,Meadowbrook Demo Auto (fictional),Conducteur fictif UK 0630,conducteur-uk-0630@example.test,Gestionnaire fictif DEMO-UK-INS-04,sinistres@demo-uk-ins-04.test,DEMO-UK-POL-0630,2026-01-01,2026-12-31,DEMO-CORR-FR-04,Rivage Demo Recours (fictional)
DEMO-UK-0631,True,mock-insurance-v2,UK,FC75 DFD,FC75DFD,Ford,Focus,silver,DEMO-UK-INS-00,Northbridge Demo Motor (fictional),Conducteur fictif UK 0631,conducteur-uk-0631@example.test,Gestionnaire fictif DEMO-UK-INS-00,sinistres@demo-uk-ins-00.test,DEMO-UK-POL-0631,2026-01-01,2026-12-31,DEMO-CORR-FR-00,Hexagone Demo Recours (fictional)
DEMO-UK-0632,True,mock-insurance-v2,UK,LL23 MKH,LL23MKH,Renault,Clio,silver,DEMO-UK-INS-01,Oakfield Demo Insurance (fictional),Conducteur fictif UK 0632,conducteur-uk-0632@example.test,Gestionnaire fictif DEMO-UK-INS-01,sinistres@demo-uk-ins-01.test,DEMO-UK-POL-0632,2026-01-01,2026-12-31,DEMO-CORR-FR-01,Azur Demo Recours (fictional)
DEMO-UK-0633,True,mock-insurance-v2,UK,LA68 YWJ,LA68YWJ,Toyota,Yaris,black,DEMO-UK-INS-02,Westhaven Demo Motor (fictional),Conducteur fictif UK 0633,conducteur-uk-0633@example.test,Gestionnaire fictif DEMO-UK-INS-02,sinistres@demo-uk-ins-02.test,DEMO-UK-POL-0633,2026-01-01,2026-12-31,DEMO-CORR-FR-02,Loire Demo Recours (fictional)
DEMO-UK-0634,True,mock-insurance-v2,UK,VS74 DZT,VS74DZT,Volkswagen,Golf,red,DEMO-UK-INS-03,Birchwood Demo Cover (fictional),Conducteur fictif UK 0634,conducteur-uk-0634@example.test,Gestionnaire fictif DEMO-UK-INS-03,sinistres@demo-uk-ins-03.test,DEMO-UK-POL-0634,2026-01-01,2026-12-31,DEMO-CORR-FR-03,Alpes Demo Recours (fictional)
DEMO-UK-0635,True,mock-insurance-v2,UK,CN72 ECA,CN72ECA,Ford,Focus,blue,DEMO-UK-INS-04,Meadowbrook Demo Auto (fictional),Conducteur fictif UK 0635,conducteur-uk-0635@example.test,Gestionnaire fictif DEMO-UK-INS-04,sinistres@demo-uk-ins-04.test,DEMO-UK-POL-0635,2026-01-01,2026-12-31,DEMO-CORR-FR-04,Rivage Demo Recours (fictional)
DEMO-UK-0636,True,mock-insurance-v2,UK,VD72 GSA,VD72GSA,Renault,Clio,red,DEMO-UK-INS-00,Northbridge Demo Motor (fictional),Conducteur fictif UK 0636,conducteur-uk-0636@example.test,Gestionnaire fictif DEMO-UK-INS-00,sinistres@demo-uk-ins-00.test,DEMO-UK-POL-0636,2026-01-01,2026-12-31,DEMO-CORR-FR-00,Hexagone Demo Recours (fictional)
DEMO-UK-0637,True,mock-insurance-v2,UK,KH65 KZF,KH65KZF,Peugeot,208,white,DEMO-UK-INS-01,Oakfield Demo Insurance (fictional),Conducteur fictif UK 0637,conducteur-uk-0637@example.test,Gestionnaire fictif DEMO-UK-INS-01,sinistres@demo-uk-ins-01.test,DEMO-UK-POL-0637,2026-01-01,2026-12-31,DEMO-CORR-FR-01,Azur Demo Recours (fictional)
DEMO-UK-0638,True,mock-insurance-v2,UK,BS65 MRZ,BS65MRZ,Ford,Focus,grey,DEMO-UK-INS-02,Westhaven Demo Motor (fictional),Conducteur fictif UK 0638,conducteur-uk-0638@example.test,Gestionnaire fictif DEMO-UK-INS-02,sinistres@demo-uk-ins-02.test,DEMO-UK-POL-0638,2026-01-01,2026-12-31,DEMO-CORR-FR-02,Loire Demo Recours (fictional)
DEMO-UK-0639,True,mock-insurance-v2,UK,RE71 DTZ,RE71DTZ,Toyota,Yaris,white,DEMO-UK-INS-03,Birchwood Demo Cover (fictional),Conducteur fictif UK 0639,conducteur-uk-0639@example.test,Gestionnaire fictif DEMO-UK-INS-03,sinistres@demo-uk-ins-03.test,DEMO-UK-POL-0639,2026-01-01,2026-12-31,DEMO-CORR-FR-03,Alpes Demo Recours (fictional)
DEMO-UK-0640,True,mock-insurance-v2,UK,ZJ62 DAC,ZJ62DAC,Renault,Clio,silver,DEMO-UK-INS-04,Meadowbrook Demo Auto (fictional),Conducteur fictif UK 0640,conducteur-uk-0640@example.test,Gestionnaire fictif DEMO-UK-INS-04,sinistres@demo-uk-ins-04.test,DEMO-UK-POL-0640,2026-01-01,2026-12-31,DEMO-CORR-FR-04,Rivage Demo Recours (fictional)
DEMO-UK-0641,True,mock-insurance-v2,UK,ZM23 HVG,ZM23HVG,Toyota,Yaris,red,DEMO-UK-INS-00,Northbridge Demo Motor (fictional),Conducteur fictif UK 0641,conducteur-uk-0641@example.test,Gestionnaire fictif DEMO-UK-INS-00,sinistres@demo-uk-ins-00.test,DEMO-UK-POL-0641,2026-01-01,2026-12-31,DEMO-CORR-FR-00,Hexagone Demo Recours (fictional)
DEMO-UK-0642,True,mock-insurance-v2,UK,XD68 YXK,XD68YXK,Peugeot,208,white,DEMO-UK-INS-01,Oakfield Demo Insurance (fictional),Conducteur fictif UK 0642,conducteur-uk-0642@example.test,Gestionnaire fictif DEMO-UK-INS-01,sinistres@demo-uk-ins-01.test,DEMO-UK-POL-0642,2026-01-01,2026-12-31,DEMO-CORR-FR-01,Azur Demo Recours (fictional)
DEMO-UK-0643,True,mock-insurance-v2,UK,FL21 BES,FL21BES,Toyota,Yaris,black,DEMO-UK-INS-02,Westhaven Demo Motor (fictional),Conducteur fictif UK 0643,conducteur-uk-0643@example.test,Gestionnaire fictif DEMO-UK-INS-02,sinistres@demo-uk-ins-02.test,DEMO-UK-POL-0643,2026-01-01,2026-12-31,DEMO-CORR-FR-02,Loire Demo Recours (fictional)
DEMO-UK-0644,True,mock-insurance-v2,UK,WG12 GCC,WG12GCC,Ford,Focus,grey,DEMO-UK-INS-03,Birchwood Demo Cover (fictional),Conducteur fictif UK 0644,conducteur-uk-0644@example.test,Gestionnaire fictif DEMO-UK-INS-03,sinistres@demo-uk-ins-03.test,DEMO-UK-POL-0644,2026-01-01,2026-12-31,DEMO-CORR-FR-03,Alpes Demo Recours (fictional)
DEMO-UK-0645,True,mock-insurance-v2,UK,FB73 JDT,FB73JDT,Renault,Clio,black,DEMO-UK-INS-04,Meadowbrook Demo Auto (fictional),Conducteur fictif UK 0645,conducteur-uk-0645@example.test,Gestionnaire fictif DEMO-UK-INS-04,sinistres@demo-uk-ins-04.test,DEMO-UK-POL-0645,2026-01-01,2026-12-31,DEMO-CORR-FR-04,Rivage Demo Recours (fictional)
DEMO-UK-0646,True,mock-insurance-v2,UK,NK25 VRJ,NK25VRJ,Volkswagen,Golf,grey,DEMO-UK-INS-00,Northbridge Demo Motor (fictional),Conducteur fictif UK 0646,conducteur-uk-0646@example.test,Gestionnaire fictif DEMO-UK-INS-00,sinistres@demo-uk-ins-00.test,DEMO-UK-POL-0646,2026-01-01,2026-12-31,DEMO-CORR-FR-00,Hexagone Demo Recours (fictional)
DEMO-UK-0647,True,mock-insurance-v2,UK,YR65 KXT,YR65KXT,Peugeot,208,red,DEMO-UK-INS-01,Oakfield Demo Insurance (fictional),Conducteur fictif UK 0647,conducteur-uk-0647@example.test,Gestionnaire fictif DEMO-UK-INS-01,sinistres@demo-uk-ins-01.test,DEMO-UK-POL-0647,2026-01-01,2026-12-31,DEMO-CORR-FR-01,Azur Demo Recours (fictional)
DEMO-UK-0648,True,mock-insurance-v2,UK,TF68 EKJ,TF68EKJ,Volkswagen,Golf,grey,DEMO-UK-INS-02,Westhaven Demo Motor (fictional),Conducteur fictif UK 0648,conducteur-uk-0648@example.test,Gestionnaire fictif DEMO-UK-INS-02,sinistres@demo-uk-ins-02.test,DEMO-UK-POL-0648,2026-01-01,2026-12-31,DEMO-CORR-FR-02,Loire Demo Recours (fictional)
DEMO-UK-0649,True,mock-insurance-v2,UK,RH21 CHG,RH21CHG,Peugeot,208,blue,DEMO-UK-INS-03,Birchwood Demo Cover (fictional),Conducteur fictif UK 0649,conducteur-uk-0649@example.test,Gestionnaire fictif DEMO-UK-INS-03,sinistres@demo-uk-ins-03.test,DEMO-UK-POL-0649,2026-01-01,2026-12-31,DEMO-CORR-FR-03,Alpes Demo Recours (fictional)
DEMO-UK-0650,True,mock-insurance-v2,UK,BK20 YVK,BK20YVK,Toyota,Yaris,blue,DEMO-UK-INS-04,Meadowbrook Demo Auto (fictional),Conducteur fictif UK 0650,conducteur-uk-0650@example.test,Gestionnaire fictif DEMO-UK-INS-04,sinistres@demo-uk-ins-04.test,DEMO-UK-POL-0650,2026-01-01,2026-12-31,DEMO-CORR-FR-04,Rivage Demo Recours (fictional)
DEMO-UK-0651,True,mock-insurance-v2,UK,GG12 GYF,GG12GYF,Renault,Clio,grey,DEMO-UK-INS-00,Northbridge Demo Motor (fictional),Conducteur fictif UK 0651,conducteur-uk-0651@example.test,Gestionnaire fictif DEMO-UK-INS-00,sinistres@demo-uk-ins-00.test,DEMO-UK-POL-0651,2026-01-01,2026-12-31,DEMO-CORR-FR-00,Hexagone Demo Recours (fictional)
DEMO-UK-0652,True,mock-insurance-v2,UK,LW20 JHN,LW20JHN,Peugeot,208,black,DEMO-UK-INS-01,Oakfield Demo Insurance (fictional),Conducteur fictif UK 0652,conducteur-uk-0652@example.test,Gestionnaire fictif DEMO-UK-INS-01,sinistres@demo-uk-ins-01.test,DEMO-UK-POL-0652,2026-01-01,2026-12-31,DEMO-CORR-FR-01,Azur Demo Recours (fictional)
DEMO-UK-0653,True,mock-insurance-v2,UK,FZ12 EWM,FZ12EWM,Volkswagen,Golf,black,DEMO-UK-INS-02,Westhaven Demo Motor (fictional),Conducteur fictif UK 0653,conducteur-uk-0653@example.test,Gestionnaire fictif DEMO-UK-INS-02,sinistres@demo-uk-ins-02.test,DEMO-UK-POL-0653,2026-01-01,2026-12-31,DEMO-CORR-FR-02,Loire Demo Recours (fictional)
DEMO-UK-0654,True,mock-insurance-v2,UK,ZS22 WAX,ZS22WAX,Toyota,Yaris,grey,DEMO-UK-INS-03,Birchwood Demo Cover (fictional),Conducteur fictif UK 0654,conducteur-uk-0654@example.test,Gestionnaire fictif DEMO-UK-INS-03,sinistres@demo-uk-ins-03.test,DEMO-UK-POL-0654,2026-01-01,2026-12-31,DEMO-CORR-FR-03,Alpes Demo Recours (fictional)
DEMO-UK-0655,True,mock-insurance-v2,UK,PR15 BDB,PR15BDB,Renault,Clio,blue,DEMO-UK-INS-04,Meadowbrook Demo Auto (fictional),Conducteur fictif UK 0655,conducteur-uk-0655@example.test,Gestionnaire fictif DEMO-UK-INS-04,sinistres@demo-uk-ins-04.test,DEMO-UK-POL-0655,2026-01-01,2026-12-31,DEMO-CORR-FR-04,Rivage Demo Recours (fictional)
DEMO-UK-0656,True,mock-insurance-v2,UK,FX22 FSB,FX22FSB,Toyota,Yaris,red,DEMO-UK-INS-00,Northbridge Demo Motor (fictional),Conducteur fictif UK 0656,conducteur-uk-0656@example.test,Gestionnaire fictif DEMO-UK-INS-00,sinistres@demo-uk-ins-00.test,DEMO-UK-POL-0656,2026-01-01,2026-12-31,DEMO-CORR-FR-00,Hexagone Demo Recours (fictional)
DEMO-UK-0657,True,mock-insurance-v2,UK,BM22 WLF,BM22WLF,Ford,Focus,grey,DEMO-UK-INS-01,Oakfield Demo Insurance (fictional),Conducteur fictif UK 0657,conducteur-uk-0657@example.test,Gestionnaire fictif DEMO-UK-INS-01,sinistres@demo-uk-ins-01.test,DEMO-UK-POL-0657,2026-01-01,2026-12-31,DEMO-CORR-FR-01,Azur Demo Recours (fictional)
DEMO-UK-0658,True,mock-insurance-v2,UK,GL20 TNH,GL20TNH,BMW,3 Series,red,DEMO-UK-INS-02,Westhaven Demo Motor (fictional),Conducteur fictif UK 0658,conducteur-uk-0658@example.test,Gestionnaire fictif DEMO-UK-INS-02,sinistres@demo-uk-ins-02.test,DEMO-UK-POL-0658,2026-01-01,2026-12-31,DEMO-CORR-FR-02,Loire Demo Recours (fictional)
DEMO-UK-0659,True,mock-insurance-v2,UK,JC24 ESE,JC24ESE,Ford,Focus,red,DEMO-UK-INS-03,Birchwood Demo Cover (fictional),Conducteur fictif UK 0659,conducteur-uk-0659@example.test,Gestionnaire fictif DEMO-UK-INS-03,sinistres@demo-uk-ins-03.test,DEMO-UK-POL-0659,2026-01-01,2026-12-31,DEMO-CORR-FR-03,Alpes Demo Recours (fictional)
DEMO-UK-0660,True,mock-insurance-v2,UK,RF12 VHB,RF12VHB,BMW,3 Series,silver,DEMO-UK-INS-04,Meadowbrook Demo Auto (fictional),Conducteur fictif UK 0660,conducteur-uk-0660@example.test,Gestionnaire fictif DEMO-UK-INS-04,sinistres@demo-uk-ins-04.test,DEMO-UK-POL-0660,2026-01-01,2026-12-31,DEMO-CORR-FR-04,Rivage Demo Recours (fictional)
DEMO-UK-0661,True,mock-insurance-v2,UK,CM20 WRB,CM20WRB,BMW,3 Series,blue,DEMO-UK-INS-00,Northbridge Demo Motor (fictional),Conducteur fictif UK 0661,conducteur-uk-0661@example.test,Gestionnaire fictif DEMO-UK-INS-00,sinistres@demo-uk-ins-00.test,DEMO-UK-POL-0661,2026-01-01,2026-12-31,DEMO-CORR-FR-00,Hexagone Demo Recours (fictional)
DEMO-UK-0662,True,mock-insurance-v2,UK,WJ70 HAP,WJ70HAP,Renault,Clio,red,DEMO-UK-INS-01,Oakfield Demo Insurance (fictional),Conducteur fictif UK 0662,conducteur-uk-0662@example.test,Gestionnaire fictif DEMO-UK-INS-01,sinistres@demo-uk-ins-01.test,DEMO-UK-POL-0662,2026-01-01,2026-12-31,DEMO-CORR-FR-01,Azur Demo Recours (fictional)
DEMO-UK-0663,True,mock-insurance-v2,UK,TJ62 NYF,TJ62NYF,Renault,Clio,grey,DEMO-UK-INS-02,Westhaven Demo Motor (fictional),Conducteur fictif UK 0663,conducteur-uk-0663@example.test,Gestionnaire fictif DEMO-UK-INS-02,sinistres@demo-uk-ins-02.test,DEMO-UK-POL-0663,2026-01-01,2026-12-31,DEMO-CORR-FR-02,Loire Demo Recours (fictional)
DEMO-UK-0664,True,mock-insurance-v2,UK,CP18 CGP,CP18CGP,BMW,3 Series,blue,DEMO-UK-INS-03,Birchwood Demo Cover (fictional),Conducteur fictif UK 0664,conducteur-uk-0664@example.test,Gestionnaire fictif DEMO-UK-INS-03,sinistres@demo-uk-ins-03.test,DEMO-UK-POL-0664,2026-01-01,2026-12-31,DEMO-CORR-FR-03,Alpes Demo Recours (fictional)
DEMO-UK-0665,True,mock-insurance-v2,UK,MM23 PZC,MM23PZC,BMW,3 Series,blue,DEMO-UK-INS-04,Meadowbrook Demo Auto (fictional),Conducteur fictif UK 0665,conducteur-uk-0665@example.test,Gestionnaire fictif DEMO-UK-INS-04,sinistres@demo-uk-ins-04.test,DEMO-UK-POL-0665,2026-01-01,2026-12-31,DEMO-CORR-FR-04,Rivage Demo Recours (fictional)
DEMO-UK-0666,True,mock-insurance-v2,UK,YD23 SVF,YD23SVF,Toyota,Yaris,black,DEMO-UK-INS-00,Northbridge Demo Motor (fictional),Conducteur fictif UK 0666,conducteur-uk-0666@example.test,Gestionnaire fictif DEMO-UK-INS-00,sinistres@demo-uk-ins-00.test,DEMO-UK-POL-0666,2026-01-01,2026-12-31,DEMO-CORR-FR-00,Hexagone Demo Recours (fictional)
DEMO-UK-0667,True,mock-insurance-v2,UK,AX12 VFH,AX12VFH,BMW,3 Series,silver,DEMO-UK-INS-01,Oakfield Demo Insurance (fictional),Conducteur fictif UK 0667,conducteur-uk-0667@example.test,Gestionnaire fictif DEMO-UK-INS-01,sinistres@demo-uk-ins-01.test,DEMO-UK-POL-0667,2026-01-01,2026-12-31,DEMO-CORR-FR-01,Azur Demo Recours (fictional)
DEMO-UK-0668,True,mock-insurance-v2,UK,HK71 AVB,HK71AVB,Toyota,Yaris,silver,DEMO-UK-INS-02,Westhaven Demo Motor (fictional),Conducteur fictif UK 0668,conducteur-uk-0668@example.test,Gestionnaire fictif DEMO-UK-INS-02,sinistres@demo-uk-ins-02.test,DEMO-UK-POL-0668,2026-01-01,2026-12-31,DEMO-CORR-FR-02,Loire Demo Recours (fictional)
DEMO-UK-0669,True,mock-insurance-v2,UK,YR20 KYK,YR20KYK,Ford,Focus,blue,DEMO-UK-INS-03,Birchwood Demo Cover (fictional),Conducteur fictif UK 0669,conducteur-uk-0669@example.test,Gestionnaire fictif DEMO-UK-INS-03,sinistres@demo-uk-ins-03.test,DEMO-UK-POL-0669,2026-01-01,2026-12-31,DEMO-CORR-FR-03,Alpes Demo Recours (fictional)
DEMO-UK-0670,True,mock-insurance-v2,UK,DT72 LVH,DT72LVH,BMW,3 Series,white,DEMO-UK-INS-04,Meadowbrook Demo Auto (fictional),Conducteur fictif UK 0670,conducteur-uk-0670@example.test,Gestionnaire fictif DEMO-UK-INS-04,sinistres@demo-uk-ins-04.test,DEMO-UK-POL-0670,2026-01-01,2026-12-31,DEMO-CORR-FR-04,Rivage Demo Recours (fictional)
DEMO-UK-0671,True,mock-insurance-v2,UK,YP12 LLX,YP12LLX,Volkswagen,Golf,grey,DEMO-UK-INS-00,Northbridge Demo Motor (fictional),Conducteur fictif UK 0671,conducteur-uk-0671@example.test,Gestionnaire fictif DEMO-UK-INS-00,sinistres@demo-uk-ins-00.test,DEMO-UK-POL-0671,2026-01-01,2026-12-31,DEMO-CORR-FR-00,Hexagone Demo Recours (fictional)
DEMO-UK-0672,True,mock-insurance-v2,UK,GB24 VPL,GB24VPL,BMW,3 Series,white,DEMO-UK-INS-01,Oakfield Demo Insurance (fictional),Conducteur fictif UK 0672,conducteur-uk-0672@example.test,Gestionnaire fictif DEMO-UK-INS-01,sinistres@demo-uk-ins-01.test,DEMO-UK-POL-0672,2026-01-01,2026-12-31,DEMO-CORR-FR-01,Azur Demo Recours (fictional)
DEMO-UK-0673,True,mock-insurance-v2,UK,EA73 VPV,EA73VPV,Renault,Clio,silver,DEMO-UK-INS-02,Westhaven Demo Motor (fictional),Conducteur fictif UK 0673,conducteur-uk-0673@example.test,Gestionnaire fictif DEMO-UK-INS-02,sinistres@demo-uk-ins-02.test,DEMO-UK-POL-0673,2026-01-01,2026-12-31,DEMO-CORR-FR-02,Loire Demo Recours (fictional)
DEMO-UK-0674,True,mock-insurance-v2,UK,ZA15 FYK,ZA15FYK,Volkswagen,Golf,grey,DEMO-UK-INS-03,Birchwood Demo Cover (fictional),Conducteur fictif UK 0674,conducteur-uk-0674@example.test,Gestionnaire fictif DEMO-UK-INS-03,sinistres@demo-uk-ins-03.test,DEMO-UK-POL-0674,2026-01-01,2026-12-31,DEMO-CORR-FR-03,Alpes Demo Recours (fictional)
DEMO-UK-0675,True,mock-insurance-v2,UK,YE24 BXL,YE24BXL,BMW,3 Series,silver,DEMO-UK-INS-04,Meadowbrook Demo Auto (fictional),Conducteur fictif UK 0675,conducteur-uk-0675@example.test,Gestionnaire fictif DEMO-UK-INS-04,sinistres@demo-uk-ins-04.test,DEMO-UK-POL-0675,2026-01-01,2026-12-31,DEMO-CORR-FR-04,Rivage Demo Recours (fictional)
DEMO-UK-0676,True,mock-insurance-v2,UK,PC62 VHF,PC62VHF,Ford,Focus,black,DEMO-UK-INS-00,Northbridge Demo Motor (fictional),Conducteur fictif UK 0676,conducteur-uk-0676@example.test,Gestionnaire fictif DEMO-UK-INS-00,sinistres@demo-uk-ins-00.test,DEMO-UK-POL-0676,2026-01-01,2026-12-31,DEMO-CORR-FR-00,Hexagone Demo Recours (fictional)
DEMO-UK-0677,True,mock-insurance-v2,UK,LC25 XTT,LC25XTT,Ford,Focus,grey,DEMO-UK-INS-01,Oakfield Demo Insurance (fictional),Conducteur fictif UK 0677,conducteur-uk-0677@example.test,Gestionnaire fictif DEMO-UK-INS-01,sinistres@demo-uk-ins-01.test,DEMO-UK-POL-0677,2026-01-01,2026-12-31,DEMO-CORR-FR-01,Azur Demo Recours (fictional)
DEMO-UK-0678,True,mock-insurance-v2,UK,YT70 ACS,YT70ACS,BMW,3 Series,red,DEMO-UK-INS-02,Westhaven Demo Motor (fictional),Conducteur fictif UK 0678,conducteur-uk-0678@example.test,Gestionnaire fictif DEMO-UK-INS-02,sinistres@demo-uk-ins-02.test,DEMO-UK-POL-0678,2026-01-01,2026-12-31,DEMO-CORR-FR-02,Loire Demo Recours (fictional)
DEMO-UK-0679,True,mock-insurance-v2,UK,NL21 SVP,NL21SVP,Toyota,Yaris,silver,DEMO-UK-INS-03,Birchwood Demo Cover (fictional),Conducteur fictif UK 0679,conducteur-uk-0679@example.test,Gestionnaire fictif DEMO-UK-INS-03,sinistres@demo-uk-ins-03.test,DEMO-UK-POL-0679,2026-01-01,2026-12-31,DEMO-CORR-FR-03,Alpes Demo Recours (fictional)
DEMO-UK-0680,True,mock-insurance-v2,UK,AJ22 CJA,AJ22CJA,Toyota,Yaris,blue,DEMO-UK-INS-04,Meadowbrook Demo Auto (fictional),Conducteur fictif UK 0680,conducteur-uk-0680@example.test,Gestionnaire fictif DEMO-UK-INS-04,sinistres@demo-uk-ins-04.test,DEMO-UK-POL-0680,2026-01-01,2026-12-31,DEMO-CORR-FR-04,Rivage Demo Recours (fictional)
DEMO-UK-0681,True,mock-insurance-v2,UK,WA68 JHS,WA68JHS,Renault,Clio,grey,DEMO-UK-INS-00,Northbridge Demo Motor (fictional),Conducteur fictif UK 0681,conducteur-uk-0681@example.test,Gestionnaire fictif DEMO-UK-INS-00,sinistres@demo-uk-ins-00.test,DEMO-UK-POL-0681,2026-01-01,2026-12-31,DEMO-CORR-FR-00,Hexagone Demo Recours (fictional)
DEMO-UK-0682,True,mock-insurance-v2,UK,KM74 JYZ,KM74JYZ,Volkswagen,Golf,black,DEMO-UK-INS-01,Oakfield Demo Insurance (fictional),Conducteur fictif UK 0682,conducteur-uk-0682@example.test,Gestionnaire fictif DEMO-UK-INS-01,sinistres@demo-uk-ins-01.test,DEMO-UK-POL-0682,2026-01-01,2026-12-31,DEMO-CORR-FR-01,Azur Demo Recours (fictional)
DEMO-UK-0683,True,mock-insurance-v2,UK,WY73 WHX,WY73WHX,Renault,Clio,white,DEMO-UK-INS-02,Westhaven Demo Motor (fictional),Conducteur fictif UK 0683,conducteur-uk-0683@example.test,Gestionnaire fictif DEMO-UK-INS-02,sinistres@demo-uk-ins-02.test,DEMO-UK-POL-0683,2026-01-01,2026-12-31,DEMO-CORR-FR-02,Loire Demo Recours (fictional)
DEMO-UK-0684,True,mock-insurance-v2,UK,AL74 KYD,AL74KYD,Toyota,Yaris,black,DEMO-UK-INS-03,Birchwood Demo Cover (fictional),Conducteur fictif UK 0684,conducteur-uk-0684@example.test,Gestionnaire fictif DEMO-UK-INS-03,sinistres@demo-uk-ins-03.test,DEMO-UK-POL-0684,2026-01-01,2026-12-31,DEMO-CORR-FR-03,Alpes Demo Recours (fictional)
DEMO-UK-0685,True,mock-insurance-v2,UK,HH62 MGV,HH62MGV,BMW,3 Series,black,DEMO-UK-INS-04,Meadowbrook Demo Auto (fictional),Conducteur fictif UK 0685,conducteur-uk-0685@example.test,Gestionnaire fictif DEMO-UK-INS-04,sinistres@demo-uk-ins-04.test,DEMO-UK-POL-0685,2026-01-01,2026-12-31,DEMO-CORR-FR-04,Rivage Demo Recours (fictional)
DEMO-UK-0686,True,mock-insurance-v2,UK,CH62 YTK,CH62YTK,BMW,3 Series,grey,DEMO-UK-INS-00,Northbridge Demo Motor (fictional),Conducteur fictif UK 0686,conducteur-uk-0686@example.test,Gestionnaire fictif DEMO-UK-INS-00,sinistres@demo-uk-ins-00.test,DEMO-UK-POL-0686,2026-01-01,2026-12-31,DEMO-CORR-FR-00,Hexagone Demo Recours (fictional)
DEMO-UK-0687,True,mock-insurance-v2,UK,TC75 ZDY,TC75ZDY,BMW,3 Series,red,DEMO-UK-INS-01,Oakfield Demo Insurance (fictional),Conducteur fictif UK 0687,conducteur-uk-0687@example.test,Gestionnaire fictif DEMO-UK-INS-01,sinistres@demo-uk-ins-01.test,DEMO-UK-POL-0687,2026-01-01,2026-12-31,DEMO-CORR-FR-01,Azur Demo Recours (fictional)
DEMO-UK-0688,True,mock-insurance-v2,UK,VA18 SFX,VA18SFX,Renault,Clio,silver,DEMO-UK-INS-02,Westhaven Demo Motor (fictional),Conducteur fictif UK 0688,conducteur-uk-0688@example.test,Gestionnaire fictif DEMO-UK-INS-02,sinistres@demo-uk-ins-02.test,DEMO-UK-POL-0688,2026-01-01,2026-12-31,DEMO-CORR-FR-02,Loire Demo Recours (fictional)
DEMO-UK-0689,True,mock-insurance-v2,UK,YC71 TCZ,YC71TCZ,Ford,Focus,black,DEMO-UK-INS-03,Birchwood Demo Cover (fictional),Conducteur fictif UK 0689,conducteur-uk-0689@example.test,Gestionnaire fictif DEMO-UK-INS-03,sinistres@demo-uk-ins-03.test,DEMO-UK-POL-0689,2026-01-01,2026-12-31,DEMO-CORR-FR-03,Alpes Demo Recours (fictional)
DEMO-UK-0690,True,mock-insurance-v2,UK,LE15 HLN,LE15HLN,Toyota,Yaris,grey,DEMO-UK-INS-04,Meadowbrook Demo Auto (fictional),Conducteur fictif UK 0690,conducteur-uk-0690@example.test,Gestionnaire fictif DEMO-UK-INS-04,sinistres@demo-uk-ins-04.test,DEMO-UK-POL-0690,2026-01-01,2026-12-31,DEMO-CORR-FR-04,Rivage Demo Recours (fictional)
DEMO-UK-0691,True,mock-insurance-v2,UK,TH70 BAZ,TH70BAZ,Ford,Focus,silver,DEMO-UK-INS-00,Northbridge Demo Motor (fictional),Conducteur fictif UK 0691,conducteur-uk-0691@example.test,Gestionnaire fictif DEMO-UK-INS-00,sinistres@demo-uk-ins-00.test,DEMO-UK-POL-0691,2026-01-01,2026-12-31,DEMO-CORR-FR-00,Hexagone Demo Recours (fictional)
DEMO-UK-0692,True,mock-insurance-v2,UK,HC70 FAH,HC70FAH,Renault,Clio,black,DEMO-UK-INS-01,Oakfield Demo Insurance (fictional),Conducteur fictif UK 0692,conducteur-uk-0692@example.test,Gestionnaire fictif DEMO-UK-INS-01,sinistres@demo-uk-ins-01.test,DEMO-UK-POL-0692,2026-01-01,2026-12-31,DEMO-CORR-FR-01,Azur Demo Recours (fictional)
DEMO-UK-0693,True,mock-insurance-v2,UK,VP75 LCV,VP75LCV,Renault,Clio,blue,DEMO-UK-INS-02,Westhaven Demo Motor (fictional),Conducteur fictif UK 0693,conducteur-uk-0693@example.test,Gestionnaire fictif DEMO-UK-INS-02,sinistres@demo-uk-ins-02.test,DEMO-UK-POL-0693,2026-01-01,2026-12-31,DEMO-CORR-FR-02,Loire Demo Recours (fictional)
DEMO-UK-0694,True,mock-insurance-v2,UK,TK74 TEA,TK74TEA,Renault,Clio,blue,DEMO-UK-INS-03,Birchwood Demo Cover (fictional),Conducteur fictif UK 0694,conducteur-uk-0694@example.test,Gestionnaire fictif DEMO-UK-INS-03,sinistres@demo-uk-ins-03.test,DEMO-UK-POL-0694,2026-01-01,2026-12-31,DEMO-CORR-FR-03,Alpes Demo Recours (fictional)
DEMO-UK-0695,True,mock-insurance-v2,UK,AZ18 XJY,AZ18XJY,Peugeot,208,blue,DEMO-UK-INS-04,Meadowbrook Demo Auto (fictional),Conducteur fictif UK 0695,conducteur-uk-0695@example.test,Gestionnaire fictif DEMO-UK-INS-04,sinistres@demo-uk-ins-04.test,DEMO-UK-POL-0695,2026-01-01,2026-12-31,DEMO-CORR-FR-04,Rivage Demo Recours (fictional)
DEMO-UK-0696,True,mock-insurance-v2,UK,NP70 LDW,NP70LDW,BMW,3 Series,grey,DEMO-UK-INS-00,Northbridge Demo Motor (fictional),Conducteur fictif UK 0696,conducteur-uk-0696@example.test,Gestionnaire fictif DEMO-UK-INS-00,sinistres@demo-uk-ins-00.test,DEMO-UK-POL-0696,2026-01-01,2026-12-31,DEMO-CORR-FR-00,Hexagone Demo Recours (fictional)
DEMO-UK-0697,True,mock-insurance-v2,UK,FG70 DTS,FG70DTS,Renault,Clio,red,DEMO-UK-INS-01,Oakfield Demo Insurance (fictional),Conducteur fictif UK 0697,conducteur-uk-0697@example.test,Gestionnaire fictif DEMO-UK-INS-01,sinistres@demo-uk-ins-01.test,DEMO-UK-POL-0697,2026-01-01,2026-12-31,DEMO-CORR-FR-01,Azur Demo Recours (fictional)
DEMO-UK-0698,True,mock-insurance-v2,UK,BY72 WPA,BY72WPA,Peugeot,208,black,DEMO-UK-INS-02,Westhaven Demo Motor (fictional),Conducteur fictif UK 0698,conducteur-uk-0698@example.test,Gestionnaire fictif DEMO-UK-INS-02,sinistres@demo-uk-ins-02.test,DEMO-UK-POL-0698,2026-01-01,2026-12-31,DEMO-CORR-FR-02,Loire Demo Recours (fictional)
DEMO-UK-0699,True,mock-insurance-v2,UK,DZ12 DWH,DZ12DWH,BMW,3 Series,black,DEMO-UK-INS-03,Birchwood Demo Cover (fictional),Conducteur fictif UK 0699,conducteur-uk-0699@example.test,Gestionnaire fictif DEMO-UK-INS-03,sinistres@demo-uk-ins-03.test,DEMO-UK-POL-0699,2026-01-01,2026-12-31,DEMO-CORR-FR-03,Alpes Demo Recours (fictional)
DEMO-UK-0700,True,mock-insurance-v2,UK,PJ70 DMA,PJ70DMA,Volkswagen,Golf,grey,DEMO-UK-INS-04,Meadowbrook Demo Auto (fictional),Conducteur fictif UK 0700,conducteur-uk-0700@example.test,Gestionnaire fictif DEMO-UK-INS-04,sinistres@demo-uk-ins-04.test,DEMO-UK-POL-0700,2026-01-01,2026-12-31,DEMO-CORR-FR-04,Rivage Demo Recours (fictional)
DEMO-UK-0701,True,mock-insurance-v2,UK,AM72 KME,AM72KME,BMW,3 Series,black,DEMO-UK-INS-00,Northbridge Demo Motor (fictional),Conducteur fictif UK 0701,conducteur-uk-0701@example.test,Gestionnaire fictif DEMO-UK-INS-00,sinistres@demo-uk-ins-00.test,DEMO-UK-POL-0701,2026-01-01,2026-12-31,DEMO-CORR-FR-00,Hexagone Demo Recours (fictional)
DEMO-UK-0702,True,mock-insurance-v2,UK,RS62 BAF,RS62BAF,BMW,3 Series,blue,DEMO-UK-INS-01,Oakfield Demo Insurance (fictional),Conducteur fictif UK 0702,conducteur-uk-0702@example.test,Gestionnaire fictif DEMO-UK-INS-01,sinistres@demo-uk-ins-01.test,DEMO-UK-POL-0702,2026-01-01,2026-12-31,DEMO-CORR-FR-01,Azur Demo Recours (fictional)
DEMO-UK-0703,True,mock-insurance-v2,UK,YM25 KCV,YM25KCV,BMW,3 Series,blue,DEMO-UK-INS-02,Westhaven Demo Motor (fictional),Conducteur fictif UK 0703,conducteur-uk-0703@example.test,Gestionnaire fictif DEMO-UK-INS-02,sinistres@demo-uk-ins-02.test,DEMO-UK-POL-0703,2026-01-01,2026-12-31,DEMO-CORR-FR-02,Loire Demo Recours (fictional)
DEMO-UK-0704,True,mock-insurance-v2,UK,TG65 FFH,TG65FFH,Toyota,Yaris,red,DEMO-UK-INS-03,Birchwood Demo Cover (fictional),Conducteur fictif UK 0704,conducteur-uk-0704@example.test,Gestionnaire fictif DEMO-UK-INS-03,sinistres@demo-uk-ins-03.test,DEMO-UK-POL-0704,2026-01-01,2026-12-31,DEMO-CORR-FR-03,Alpes Demo Recours (fictional)
DEMO-UK-0705,True,mock-insurance-v2,UK,CT70 VZD,CT70VZD,Peugeot,208,silver,DEMO-UK-INS-04,Meadowbrook Demo Auto (fictional),Conducteur fictif UK 0705,conducteur-uk-0705@example.test,Gestionnaire fictif DEMO-UK-INS-04,sinistres@demo-uk-ins-04.test,DEMO-UK-POL-0705,2026-01-01,2026-12-31,DEMO-CORR-FR-04,Rivage Demo Recours (fictional)
DEMO-UK-0706,True,mock-insurance-v2,UK,CK15 TTT,CK15TTT,Ford,Focus,grey,DEMO-UK-INS-00,Northbridge Demo Motor (fictional),Conducteur fictif UK 0706,conducteur-uk-0706@example.test,Gestionnaire fictif DEMO-UK-INS-00,sinistres@demo-uk-ins-00.test,DEMO-UK-POL-0706,2026-01-01,2026-12-31,DEMO-CORR-FR-00,Hexagone Demo Recours (fictional)
DEMO-UK-0707,True,mock-insurance-v2,UK,MD12 FMW,MD12FMW,BMW,3 Series,white,DEMO-UK-INS-01,Oakfield Demo Insurance (fictional),Conducteur fictif UK 0707,conducteur-uk-0707@example.test,Gestionnaire fictif DEMO-UK-INS-01,sinistres@demo-uk-ins-01.test,DEMO-UK-POL-0707,2026-01-01,2026-12-31,DEMO-CORR-FR-01,Azur Demo Recours (fictional)
DEMO-UK-0708,True,mock-insurance-v2,UK,YV21 MPH,YV21MPH,Ford,Focus,red,DEMO-UK-INS-02,Westhaven Demo Motor (fictional),Conducteur fictif UK 0708,conducteur-uk-0708@example.test,Gestionnaire fictif DEMO-UK-INS-02,sinistres@demo-uk-ins-02.test,DEMO-UK-POL-0708,2026-01-01,2026-12-31,DEMO-CORR-FR-02,Loire Demo Recours (fictional)
DEMO-UK-0709,True,mock-insurance-v2,UK,TH74 NER,TH74NER,Volkswagen,Golf,silver,DEMO-UK-INS-03,Birchwood Demo Cover (fictional),Conducteur fictif UK 0709,conducteur-uk-0709@example.test,Gestionnaire fictif DEMO-UK-INS-03,sinistres@demo-uk-ins-03.test,DEMO-UK-POL-0709,2026-01-01,2026-12-31,DEMO-CORR-FR-03,Alpes Demo Recours (fictional)
DEMO-UK-0710,True,mock-insurance-v2,UK,TT71 BBW,TT71BBW,Renault,Clio,black,DEMO-UK-INS-04,Meadowbrook Demo Auto (fictional),Conducteur fictif UK 0710,conducteur-uk-0710@example.test,Gestionnaire fictif DEMO-UK-INS-04,sinistres@demo-uk-ins-04.test,DEMO-UK-POL-0710,2026-01-01,2026-12-31,DEMO-CORR-FR-04,Rivage Demo Recours (fictional)
DEMO-UK-0711,True,mock-insurance-v2,UK,EN68 FSA,EN68FSA,Renault,Clio,white,DEMO-UK-INS-00,Northbridge Demo Motor (fictional),Conducteur fictif UK 0711,conducteur-uk-0711@example.test,Gestionnaire fictif DEMO-UK-INS-00,sinistres@demo-uk-ins-00.test,DEMO-UK-POL-0711,2026-01-01,2026-12-31,DEMO-CORR-FR-00,Hexagone Demo Recours (fictional)
DEMO-UK-0712,True,mock-insurance-v2,UK,CR12 TYM,CR12TYM,Volkswagen,Golf,black,DEMO-UK-INS-01,Oakfield Demo Insurance (fictional),Conducteur fictif UK 0712,conducteur-uk-0712@example.test,Gestionnaire fictif DEMO-UK-INS-01,sinistres@demo-uk-ins-01.test,DEMO-UK-POL-0712,2026-01-01,2026-12-31,DEMO-CORR-FR-01,Azur Demo Recours (fictional)
DEMO-UK-0713,True,mock-insurance-v2,UK,VG20 MCP,VG20MCP,Renault,Clio,red,DEMO-UK-INS-02,Westhaven Demo Motor (fictional),Conducteur fictif UK 0713,conducteur-uk-0713@example.test,Gestionnaire fictif DEMO-UK-INS-02,sinistres@demo-uk-ins-02.test,DEMO-UK-POL-0713,2026-01-01,2026-12-31,DEMO-CORR-FR-02,Loire Demo Recours (fictional)
DEMO-UK-0714,True,mock-insurance-v2,UK,PH65 KGP,PH65KGP,Toyota,Yaris,silver,DEMO-UK-INS-03,Birchwood Demo Cover (fictional),Conducteur fictif UK 0714,conducteur-uk-0714@example.test,Gestionnaire fictif DEMO-UK-INS-03,sinistres@demo-uk-ins-03.test,DEMO-UK-POL-0714,2026-01-01,2026-12-31,DEMO-CORR-FR-03,Alpes Demo Recours (fictional)
DEMO-UK-0715,True,mock-insurance-v2,UK,VL22 YAW,VL22YAW,Peugeot,208,silver,DEMO-UK-INS-04,Meadowbrook Demo Auto (fictional),Conducteur fictif UK 0715,conducteur-uk-0715@example.test,Gestionnaire fictif DEMO-UK-INS-04,sinistres@demo-uk-ins-04.test,DEMO-UK-POL-0715,2026-01-01,2026-12-31,DEMO-CORR-FR-04,Rivage Demo Recours (fictional)
DEMO-UK-0716,True,mock-insurance-v2,UK,DS21 CHV,DS21CHV,Ford,Focus,silver,DEMO-UK-INS-00,Northbridge Demo Motor (fictional),Conducteur fictif UK 0716,conducteur-uk-0716@example.test,Gestionnaire fictif DEMO-UK-INS-00,sinistres@demo-uk-ins-00.test,DEMO-UK-POL-0716,2026-01-01,2026-12-31,DEMO-CORR-FR-00,Hexagone Demo Recours (fictional)
DEMO-UK-0717,True,mock-insurance-v2,UK,NG65 HET,NG65HET,Volkswagen,Golf,black,DEMO-UK-INS-01,Oakfield Demo Insurance (fictional),Conducteur fictif UK 0717,conducteur-uk-0717@example.test,Gestionnaire fictif DEMO-UK-INS-01,sinistres@demo-uk-ins-01.test,DEMO-UK-POL-0717,2026-01-01,2026-12-31,DEMO-CORR-FR-01,Azur Demo Recours (fictional)
DEMO-UK-0718,True,mock-insurance-v2,UK,YA12 FFV,YA12FFV,Toyota,Yaris,red,DEMO-UK-INS-02,Westhaven Demo Motor (fictional),Conducteur fictif UK 0718,conducteur-uk-0718@example.test,Gestionnaire fictif DEMO-UK-INS-02,sinistres@demo-uk-ins-02.test,DEMO-UK-POL-0718,2026-01-01,2026-12-31,DEMO-CORR-FR-02,Loire Demo Recours (fictional)
DEMO-UK-0719,True,mock-insurance-v2,UK,GF24 HRR,GF24HRR,Toyota,Yaris,black,DEMO-UK-INS-03,Birchwood Demo Cover (fictional),Conducteur fictif UK 0719,conducteur-uk-0719@example.test,Gestionnaire fictif DEMO-UK-INS-03,sinistres@demo-uk-ins-03.test,DEMO-UK-POL-0719,2026-01-01,2026-12-31,DEMO-CORR-FR-03,Alpes Demo Recours (fictional)
DEMO-UK-0720,True,mock-insurance-v2,UK,BV68 HCK,BV68HCK,Volkswagen,Golf,silver,DEMO-UK-INS-04,Meadowbrook Demo Auto (fictional),Conducteur fictif UK 0720,conducteur-uk-0720@example.test,Gestionnaire fictif DEMO-UK-INS-04,sinistres@demo-uk-ins-04.test,DEMO-UK-POL-0720,2026-01-01,2026-12-31,DEMO-CORR-FR-04,Rivage Demo Recours (fictional)
DEMO-UK-0721,True,mock-insurance-v2,UK,YY74 YRE,YY74YRE,Volkswagen,Golf,white,DEMO-UK-INS-00,Northbridge Demo Motor (fictional),Conducteur fictif UK 0721,conducteur-uk-0721@example.test,Gestionnaire fictif DEMO-UK-INS-00,sinistres@demo-uk-ins-00.test,DEMO-UK-POL-0721,2026-01-01,2026-12-31,DEMO-CORR-FR-00,Hexagone Demo Recours (fictional)
DEMO-UK-0722,True,mock-insurance-v2,UK,ZT18 MWJ,ZT18MWJ,Peugeot,208,grey,DEMO-UK-INS-01,Oakfield Demo Insurance (fictional),Conducteur fictif UK 0722,conducteur-uk-0722@example.test,Gestionnaire fictif DEMO-UK-INS-01,sinistres@demo-uk-ins-01.test,DEMO-UK-POL-0722,2026-01-01,2026-12-31,DEMO-CORR-FR-01,Azur Demo Recours (fictional)
DEMO-UK-0723,True,mock-insurance-v2,UK,DW25 XEH,DW25XEH,Renault,Clio,blue,DEMO-UK-INS-02,Westhaven Demo Motor (fictional),Conducteur fictif UK 0723,conducteur-uk-0723@example.test,Gestionnaire fictif DEMO-UK-INS-02,sinistres@demo-uk-ins-02.test,DEMO-UK-POL-0723,2026-01-01,2026-12-31,DEMO-CORR-FR-02,Loire Demo Recours (fictional)
DEMO-UK-0724,True,mock-insurance-v2,UK,NG75 GRX,NG75GRX,Ford,Focus,grey,DEMO-UK-INS-03,Birchwood Demo Cover (fictional),Conducteur fictif UK 0724,conducteur-uk-0724@example.test,Gestionnaire fictif DEMO-UK-INS-03,sinistres@demo-uk-ins-03.test,DEMO-UK-POL-0724,2026-01-01,2026-12-31,DEMO-CORR-FR-03,Alpes Demo Recours (fictional)
DEMO-UK-0725,True,mock-insurance-v2,UK,DM74 ABB,DM74ABB,Ford,Focus,grey,DEMO-UK-INS-04,Meadowbrook Demo Auto (fictional),Conducteur fictif UK 0725,conducteur-uk-0725@example.test,Gestionnaire fictif DEMO-UK-INS-04,sinistres@demo-uk-ins-04.test,DEMO-UK-POL-0725,2026-01-01,2026-12-31,DEMO-CORR-FR-04,Rivage Demo Recours (fictional)
DEMO-UK-0726,True,mock-insurance-v2,UK,JR72 SLV,JR72SLV,Volkswagen,Golf,black,DEMO-UK-INS-00,Northbridge Demo Motor (fictional),Conducteur fictif UK 0726,conducteur-uk-0726@example.test,Gestionnaire fictif DEMO-UK-INS-00,sinistres@demo-uk-ins-00.test,DEMO-UK-POL-0726,2026-01-01,2026-12-31,DEMO-CORR-FR-00,Hexagone Demo Recours (fictional)
DEMO-UK-0727,True,mock-insurance-v2,UK,RN68 KMC,RN68KMC,Toyota,Yaris,red,DEMO-UK-INS-01,Oakfield Demo Insurance (fictional),Conducteur fictif UK 0727,conducteur-uk-0727@example.test,Gestionnaire fictif DEMO-UK-INS-01,sinistres@demo-uk-ins-01.test,DEMO-UK-POL-0727,2026-01-01,2026-12-31,DEMO-CORR-FR-01,Azur Demo Recours (fictional)
DEMO-UK-0728,True,mock-insurance-v2,UK,PY65 WBN,PY65WBN,Peugeot,208,black,DEMO-UK-INS-02,Westhaven Demo Motor (fictional),Conducteur fictif UK 0728,conducteur-uk-0728@example.test,Gestionnaire fictif DEMO-UK-INS-02,sinistres@demo-uk-ins-02.test,DEMO-UK-POL-0728,2026-01-01,2026-12-31,DEMO-CORR-FR-02,Loire Demo Recours (fictional)
DEMO-UK-0729,True,mock-insurance-v2,UK,RR18 ATE,RR18ATE,Toyota,Yaris,red,DEMO-UK-INS-03,Birchwood Demo Cover (fictional),Conducteur fictif UK 0729,conducteur-uk-0729@example.test,Gestionnaire fictif DEMO-UK-INS-03,sinistres@demo-uk-ins-03.test,DEMO-UK-POL-0729,2026-01-01,2026-12-31,DEMO-CORR-FR-03,Alpes Demo Recours (fictional)
DEMO-UK-0730,True,mock-insurance-v2,UK,PW24 NTM,PW24NTM,Ford,Focus,black,DEMO-UK-INS-04,Meadowbrook Demo Auto (fictional),Conducteur fictif UK 0730,conducteur-uk-0730@example.test,Gestionnaire fictif DEMO-UK-INS-04,sinistres@demo-uk-ins-04.test,DEMO-UK-POL-0730,2026-01-01,2026-12-31,DEMO-CORR-FR-04,Rivage Demo Recours (fictional)
DEMO-UK-0731,True,mock-insurance-v2,UK,WB23 BSA,WB23BSA,Renault,Clio,grey,DEMO-UK-INS-00,Northbridge Demo Motor (fictional),Conducteur fictif UK 0731,conducteur-uk-0731@example.test,Gestionnaire fictif DEMO-UK-INS-00,sinistres@demo-uk-ins-00.test,DEMO-UK-POL-0731,2026-01-01,2026-12-31,DEMO-CORR-FR-00,Hexagone Demo Recours (fictional)
DEMO-UK-0732,True,mock-insurance-v2,UK,XA72 VYY,XA72VYY,Ford,Focus,white,DEMO-UK-INS-01,Oakfield Demo Insurance (fictional),Conducteur fictif UK 0732,conducteur-uk-0732@example.test,Gestionnaire fictif DEMO-UK-INS-01,sinistres@demo-uk-ins-01.test,DEMO-UK-POL-0732,2026-01-01,2026-12-31,DEMO-CORR-FR-01,Azur Demo Recours (fictional)
DEMO-UK-0733,True,mock-insurance-v2,UK,LJ71 AHG,LJ71AHG,Renault,Clio,blue,DEMO-UK-INS-02,Westhaven Demo Motor (fictional),Conducteur fictif UK 0733,conducteur-uk-0733@example.test,Gestionnaire fictif DEMO-UK-INS-02,sinistres@demo-uk-ins-02.test,DEMO-UK-POL-0733,2026-01-01,2026-12-31,DEMO-CORR-FR-02,Loire Demo Recours (fictional)
DEMO-UK-0734,True,mock-insurance-v2,UK,XW74 GPG,XW74GPG,BMW,3 Series,blue,DEMO-UK-INS-03,Birchwood Demo Cover (fictional),Conducteur fictif UK 0734,conducteur-uk-0734@example.test,Gestionnaire fictif DEMO-UK-INS-03,sinistres@demo-uk-ins-03.test,DEMO-UK-POL-0734,2026-01-01,2026-12-31,DEMO-CORR-FR-03,Alpes Demo Recours (fictional)
DEMO-UK-0735,True,mock-insurance-v2,UK,ZR72 XSS,ZR72XSS,Renault,Clio,grey,DEMO-UK-INS-04,Meadowbrook Demo Auto (fictional),Conducteur fictif UK 0735,conducteur-uk-0735@example.test,Gestionnaire fictif DEMO-UK-INS-04,sinistres@demo-uk-ins-04.test,DEMO-UK-POL-0735,2026-01-01,2026-12-31,DEMO-CORR-FR-04,Rivage Demo Recours (fictional)
DEMO-UK-0736,True,mock-insurance-v2,UK,TR68 WHD,TR68WHD,BMW,3 Series,white,DEMO-UK-INS-00,Northbridge Demo Motor (fictional),Conducteur fictif UK 0736,conducteur-uk-0736@example.test,Gestionnaire fictif DEMO-UK-INS-00,sinistres@demo-uk-ins-00.test,DEMO-UK-POL-0736,2026-01-01,2026-12-31,DEMO-CORR-FR-00,Hexagone Demo Recours (fictional)
DEMO-UK-0737,True,mock-insurance-v2,UK,DW18 RZR,DW18RZR,Peugeot,208,blue,DEMO-UK-INS-01,Oakfield Demo Insurance (fictional),Conducteur fictif UK 0737,conducteur-uk-0737@example.test,Gestionnaire fictif DEMO-UK-INS-01,sinistres@demo-uk-ins-01.test,DEMO-UK-POL-0737,2026-01-01,2026-12-31,DEMO-CORR-FR-01,Azur Demo Recours (fictional)
DEMO-UK-0738,True,mock-insurance-v2,UK,BT74 GLY,BT74GLY,BMW,3 Series,black,DEMO-UK-INS-02,Westhaven Demo Motor (fictional),Conducteur fictif UK 0738,conducteur-uk-0738@example.test,Gestionnaire fictif DEMO-UK-INS-02,sinistres@demo-uk-ins-02.test,DEMO-UK-POL-0738,2026-01-01,2026-12-31,DEMO-CORR-FR-02,Loire Demo Recours (fictional)
DEMO-UK-0739,True,mock-insurance-v2,UK,MD70 LGN,MD70LGN,Peugeot,208,silver,DEMO-UK-INS-03,Birchwood Demo Cover (fictional),Conducteur fictif UK 0739,conducteur-uk-0739@example.test,Gestionnaire fictif DEMO-UK-INS-03,sinistres@demo-uk-ins-03.test,DEMO-UK-POL-0739,2026-01-01,2026-12-31,DEMO-CORR-FR-03,Alpes Demo Recours (fictional)
DEMO-UK-0740,True,mock-insurance-v2,UK,MV75 AVL,MV75AVL,Renault,Clio,silver,DEMO-UK-INS-04,Meadowbrook Demo Auto (fictional),Conducteur fictif UK 0740,conducteur-uk-0740@example.test,Gestionnaire fictif DEMO-UK-INS-04,sinistres@demo-uk-ins-04.test,DEMO-UK-POL-0740,2026-01-01,2026-12-31,DEMO-CORR-FR-04,Rivage Demo Recours (fictional)
DEMO-UK-0741,True,mock-insurance-v2,UK,GX65 EYH,GX65EYH,Ford,Focus,blue,DEMO-UK-INS-00,Northbridge Demo Motor (fictional),Conducteur fictif UK 0741,conducteur-uk-0741@example.test,Gestionnaire fictif DEMO-UK-INS-00,sinistres@demo-uk-ins-00.test,DEMO-UK-POL-0741,2026-01-01,2026-12-31,DEMO-CORR-FR-00,Hexagone Demo Recours (fictional)
DEMO-UK-0742,True,mock-insurance-v2,UK,VK74 DRV,VK74DRV,Ford,Focus,white,DEMO-UK-INS-01,Oakfield Demo Insurance (fictional),Conducteur fictif UK 0742,conducteur-uk-0742@example.test,Gestionnaire fictif DEMO-UK-INS-01,sinistres@demo-uk-ins-01.test,DEMO-UK-POL-0742,2026-01-01,2026-12-31,DEMO-CORR-FR-01,Azur Demo Recours (fictional)
DEMO-UK-0743,True,mock-insurance-v2,UK,CZ70 ZNJ,CZ70ZNJ,BMW,3 Series,white,DEMO-UK-INS-02,Westhaven Demo Motor (fictional),Conducteur fictif UK 0743,conducteur-uk-0743@example.test,Gestionnaire fictif DEMO-UK-INS-02,sinistres@demo-uk-ins-02.test,DEMO-UK-POL-0743,2026-01-01,2026-12-31,DEMO-CORR-FR-02,Loire Demo Recours (fictional)
DEMO-UK-0744,True,mock-insurance-v2,UK,GW70 DLD,GW70DLD,Renault,Clio,grey,DEMO-UK-INS-03,Birchwood Demo Cover (fictional),Conducteur fictif UK 0744,conducteur-uk-0744@example.test,Gestionnaire fictif DEMO-UK-INS-03,sinistres@demo-uk-ins-03.test,DEMO-UK-POL-0744,2026-01-01,2026-12-31,DEMO-CORR-FR-03,Alpes Demo Recours (fictional)
DEMO-UK-0745,True,mock-insurance-v2,UK,DR12 FER,DR12FER,Ford,Focus,red,DEMO-UK-INS-04,Meadowbrook Demo Auto (fictional),Conducteur fictif UK 0745,conducteur-uk-0745@example.test,Gestionnaire fictif DEMO-UK-INS-04,sinistres@demo-uk-ins-04.test,DEMO-UK-POL-0745,2026-01-01,2026-12-31,DEMO-CORR-FR-04,Rivage Demo Recours (fictional)
DEMO-UK-0746,True,mock-insurance-v2,UK,ZZ23 ZTS,ZZ23ZTS,Volkswagen,Golf,red,DEMO-UK-INS-00,Northbridge Demo Motor (fictional),Conducteur fictif UK 0746,conducteur-uk-0746@example.test,Gestionnaire fictif DEMO-UK-INS-00,sinistres@demo-uk-ins-00.test,DEMO-UK-POL-0746,2026-01-01,2026-12-31,DEMO-CORR-FR-00,Hexagone Demo Recours (fictional)
DEMO-UK-0747,True,mock-insurance-v2,UK,BG12 DVM,BG12DVM,BMW,3 Series,black,DEMO-UK-INS-01,Oakfield Demo Insurance (fictional),Conducteur fictif UK 0747,conducteur-uk-0747@example.test,Gestionnaire fictif DEMO-UK-INS-01,sinistres@demo-uk-ins-01.test,DEMO-UK-POL-0747,2026-01-01,2026-12-31,DEMO-CORR-FR-01,Azur Demo Recours (fictional)
DEMO-UK-0748,True,mock-insurance-v2,UK,CD68 NBZ,CD68NBZ,Renault,Clio,black,DEMO-UK-INS-02,Westhaven Demo Motor (fictional),Conducteur fictif UK 0748,conducteur-uk-0748@example.test,Gestionnaire fictif DEMO-UK-INS-02,sinistres@demo-uk-ins-02.test,DEMO-UK-POL-0748,2026-01-01,2026-12-31,DEMO-CORR-FR-02,Loire Demo Recours (fictional)
DEMO-UK-0749,True,mock-insurance-v2,UK,FA22 WMR,FA22WMR,BMW,3 Series,red,DEMO-UK-INS-03,Birchwood Demo Cover (fictional),Conducteur fictif UK 0749,conducteur-uk-0749@example.test,Gestionnaire fictif DEMO-UK-INS-03,sinistres@demo-uk-ins-03.test,DEMO-UK-POL-0749,2026-01-01,2026-12-31,DEMO-CORR-FR-03,Alpes Demo Recours (fictional)
DEMO-UK-0750,True,mock-insurance-v2,UK,ST20 MTH,ST20MTH,Ford,Focus,blue,DEMO-UK-INS-04,Meadowbrook Demo Auto (fictional),Conducteur fictif UK 0750,conducteur-uk-0750@example.test,Gestionnaire fictif DEMO-UK-INS-04,sinistres@demo-uk-ins-04.test,DEMO-UK-POL-0750,2026-01-01,2026-12-31,DEMO-CORR-FR-04,Rivage Demo Recours (fictional)
DEMO-UK-0751,True,mock-insurance-v2,UK,AB16 CDE,AB16CDE,Volkswagen,Golf,grey,DEMO-UK-INS-05,Harbour Demo Unlisted Motor (fictional),Conducteur fictif UK 0751,conducteur-uk-0751@example.test,Gestionnaire fictif DEMO-UK-INS-05,sinistres@demo-uk-ins-05.test,DEMO-UK-POL-0751,2026-01-01,2026-12-31,,
DEMO-UK-0752,True,mock-insurance-v2,UK,YJ71 HEZ,YJ71HEZ,BMW,3 Series,grey,DEMO-UK-INS-05,Harbour Demo Unlisted Motor (fictional),Conducteur fictif UK 0752,conducteur-uk-0752@example.test,Gestionnaire fictif DEMO-UK-INS-05,sinistres@demo-uk-ins-05.test,DEMO-UK-POL-0752,2026-01-01,2026-12-31,,
DEMO-UK-0753,True,mock-insurance-v2,UK,BA71 DRJ,BA71DRJ,Peugeot,208,blue,DEMO-UK-INS-05,Harbour Demo Unlisted Motor (fictional),Conducteur fictif UK 0753,conducteur-uk-0753@example.test,Gestionnaire fictif DEMO-UK-INS-05,sinistres@demo-uk-ins-05.test,DEMO-UK-POL-0753,2026-01-01,2026-12-31,,
DEMO-UK-0754,True,mock-insurance-v2,UK,PW71 FKJ,PW71FKJ,Ford,Focus,red,DEMO-UK-INS-05,Harbour Demo Unlisted Motor (fictional),Conducteur fictif UK 0754,conducteur-uk-0754@example.test,Gestionnaire fictif DEMO-UK-INS-05,sinistres@demo-uk-ins-05.test,DEMO-UK-POL-0754,2026-01-01,2026-12-31,,
DEMO-UK-0755,True,mock-insurance-v2,UK,HL22 SKE,HL22SKE,Ford,Focus,red,DEMO-UK-INS-05,Harbour Demo Unlisted Motor (fictional),Conducteur fictif UK 0755,conducteur-uk-0755@example.test,Gestionnaire fictif DEMO-UK-INS-05,sinistres@demo-uk-ins-05.test,DEMO-UK-POL-0755,2026-01-01,2026-12-31,,
DEMO-UK-0756,True,mock-insurance-v2,UK,SE65 HWV,SE65HWV,Renault,Clio,grey,DEMO-UK-INS-05,Harbour Demo Unlisted Motor (fictional),Conducteur fictif UK 0756,conducteur-uk-0756@example.test,Gestionnaire fictif DEMO-UK-INS-05,sinistres@demo-uk-ins-05.test,DEMO-UK-POL-0756,2026-01-01,2026-12-31,,
DEMO-UK-0757,True,mock-insurance-v2,UK,TF68 TRA,TF68TRA,Renault,Clio,grey,DEMO-UK-INS-05,Harbour Demo Unlisted Motor (fictional),Conducteur fictif UK 0757,conducteur-uk-0757@example.test,Gestionnaire fictif DEMO-UK-INS-05,sinistres@demo-uk-ins-05.test,DEMO-UK-POL-0757,2026-01-01,2026-12-31,,
DEMO-UK-0758,True,mock-insurance-v2,UK,EE65 RDH,EE65RDH,Ford,Focus,grey,DEMO-UK-INS-05,Harbour Demo Unlisted Motor (fictional),Conducteur fictif UK 0758,conducteur-uk-0758@example.test,Gestionnaire fictif DEMO-UK-INS-05,sinistres@demo-uk-ins-05.test,DEMO-UK-POL-0758,2026-01-01,2026-12-31,,
DEMO-UK-0759,True,mock-insurance-v2,UK,XL73 FRF,XL73FRF,Peugeot,208,blue,DEMO-UK-INS-05,Harbour Demo Unlisted Motor (fictional),Conducteur fictif UK 0759,conducteur-uk-0759@example.test,Gestionnaire fictif DEMO-UK-INS-05,sinistres@demo-uk-ins-05.test,DEMO-UK-POL-0759,2026-01-01,2026-12-31,,
DEMO-UK-0760,True,mock-insurance-v2,UK,ST71 RGD,ST71RGD,Ford,Focus,white,DEMO-UK-INS-05,Harbour Demo Unlisted Motor (fictional),Conducteur fictif UK 0760,conducteur-uk-0760@example.test,Gestionnaire fictif DEMO-UK-INS-05,sinistres@demo-uk-ins-05.test,DEMO-UK-POL-0760,2026-01-01,2026-12-31,,
DEMO-UK-0761,True,mock-insurance-v2,UK,YK12 LSV,YK12LSV,Volkswagen,Golf,silver,DEMO-UK-INS-05,Harbour Demo Unlisted Motor (fictional),Conducteur fictif UK 0761,conducteur-uk-0761@example.test,Gestionnaire fictif DEMO-UK-INS-05,sinistres@demo-uk-ins-05.test,DEMO-UK-POL-0761,2026-01-01,2026-12-31,,
DEMO-UK-0762,True,mock-insurance-v2,UK,WX75 DPE,WX75DPE,Renault,Clio,grey,DEMO-UK-INS-05,Harbour Demo Unlisted Motor (fictional),Conducteur fictif UK 0762,conducteur-uk-0762@example.test,Gestionnaire fictif DEMO-UK-INS-05,sinistres@demo-uk-ins-05.test,DEMO-UK-POL-0762,2026-01-01,2026-12-31,,
DEMO-UK-0763,True,mock-insurance-v2,UK,SS23 AEG,SS23AEG,Ford,Focus,blue,DEMO-UK-INS-05,Harbour Demo Unlisted Motor (fictional),Conducteur fictif UK 0763,conducteur-uk-0763@example.test,Gestionnaire fictif DEMO-UK-INS-05,sinistres@demo-uk-ins-05.test,DEMO-UK-POL-0763,2026-01-01,2026-12-31,,
DEMO-UK-0764,True,mock-insurance-v2,UK,WW65 TKK,WW65TKK,Toyota,Yaris,red,DEMO-UK-INS-05,Harbour Demo Unlisted Motor (fictional),Conducteur fictif UK 0764,conducteur-uk-0764@example.test,Gestionnaire fictif DEMO-UK-INS-05,sinistres@demo-uk-ins-05.test,DEMO-UK-POL-0764,2026-01-01,2026-12-31,,
DEMO-UK-0765,True,mock-insurance-v2,UK,HX24 RXM,HX24RXM,Peugeot,208,white,DEMO-UK-INS-05,Harbour Demo Unlisted Motor (fictional),Conducteur fictif UK 0765,conducteur-uk-0765@example.test,Gestionnaire fictif DEMO-UK-INS-05,sinistres@demo-uk-ins-05.test,DEMO-UK-POL-0765,2026-01-01,2026-12-31,,
DEMO-UK-0766,True,mock-insurance-v2,UK,VJ62 TDT,VJ62TDT,BMW,3 Series,red,DEMO-UK-INS-05,Harbour Demo Unlisted Motor (fictional),Conducteur fictif UK 0766,conducteur-uk-0766@example.test,Gestionnaire fictif DEMO-UK-INS-05,sinistres@demo-uk-ins-05.test,DEMO-UK-POL-0766,2026-01-01,2026-12-31,,
DEMO-UK-0767,True,mock-insurance-v2,UK,SX22 ZMG,SX22ZMG,BMW,3 Series,black,DEMO-UK-INS-05,Harbour Demo Unlisted Motor (fictional),Conducteur fictif UK 0767,conducteur-uk-0767@example.test,Gestionnaire fictif DEMO-UK-INS-05,sinistres@demo-uk-ins-05.test,DEMO-UK-POL-0767,2026-01-01,2026-12-31,,
DEMO-UK-0768,True,mock-insurance-v2,UK,GV18 BTS,GV18BTS,BMW,3 Series,grey,DEMO-UK-INS-05,Harbour Demo Unlisted Motor (fictional),Conducteur fictif UK 0768,conducteur-uk-0768@example.test,Gestionnaire fictif DEMO-UK-INS-05,sinistres@demo-uk-ins-05.test,DEMO-UK-POL-0768,2026-01-01,2026-12-31,,
DEMO-UK-0769,True,mock-insurance-v2,UK,PN74 CHH,PN74CHH,Renault,Clio,white,DEMO-UK-INS-05,Harbour Demo Unlisted Motor (fictional),Conducteur fictif UK 0769,conducteur-uk-0769@example.test,Gestionnaire fictif DEMO-UK-INS-05,sinistres@demo-uk-ins-05.test,DEMO-UK-POL-0769,2026-01-01,2026-12-31,,
DEMO-UK-0770,True,mock-insurance-v2,UK,RE12 PFP,RE12PFP,Ford,Focus,silver,DEMO-UK-INS-05,Harbour Demo Unlisted Motor (fictional),Conducteur fictif UK 0770,conducteur-uk-0770@example.test,Gestionnaire fictif DEMO-UK-INS-05,sinistres@demo-uk-ins-05.test,DEMO-UK-POL-0770,2026-01-01,2026-12-31,,
DEMO-UK-0771,True,mock-insurance-v2,UK,DR20 TSH,DR20TSH,Ford,Focus,black,DEMO-UK-INS-05,Harbour Demo Unlisted Motor (fictional),Conducteur fictif UK 0771,conducteur-uk-0771@example.test,Gestionnaire fictif DEMO-UK-INS-05,sinistres@demo-uk-ins-05.test,DEMO-UK-POL-0771,2026-01-01,2026-12-31,,
DEMO-UK-0772,True,mock-insurance-v2,UK,NT15 BLR,NT15BLR,Volkswagen,Golf,blue,DEMO-UK-INS-05,Harbour Demo Unlisted Motor (fictional),Conducteur fictif UK 0772,conducteur-uk-0772@example.test,Gestionnaire fictif DEMO-UK-INS-05,sinistres@demo-uk-ins-05.test,DEMO-UK-POL-0772,2026-01-01,2026-12-31,,
DEMO-UK-0773,True,mock-insurance-v2,UK,KC18 MRN,KC18MRN,BMW,3 Series,blue,DEMO-UK-INS-05,Harbour Demo Unlisted Motor (fictional),Conducteur fictif UK 0773,conducteur-uk-0773@example.test,Gestionnaire fictif DEMO-UK-INS-05,sinistres@demo-uk-ins-05.test,DEMO-UK-POL-0773,2026-01-01,2026-12-31,,
DEMO-UK-0774,True,mock-insurance-v2,UK,CV24 GYM,CV24GYM,BMW,3 Series,silver,DEMO-UK-INS-05,Harbour Demo Unlisted Motor (fictional),Conducteur fictif UK 0774,conducteur-uk-0774@example.test,Gestionnaire fictif DEMO-UK-INS-05,sinistres@demo-uk-ins-05.test,DEMO-UK-POL-0774,2026-01-01,2026-12-31,,
DEMO-UK-0775,True,mock-insurance-v2,UK,AH75 GCV,AH75GCV,Renault,Clio,silver,DEMO-UK-INS-05,Harbour Demo Unlisted Motor (fictional),Conducteur fictif UK 0775,conducteur-uk-0775@example.test,Gestionnaire fictif DEMO-UK-INS-05,sinistres@demo-uk-ins-05.test,DEMO-UK-POL-0775,2026-01-01,2026-12-31,,
DEMO-UK-0776,True,mock-insurance-v2,UK,FH25 REN,FH25REN,Renault,Clio,grey,DEMO-UK-INS-05,Harbour Demo Unlisted Motor (fictional),Conducteur fictif UK 0776,conducteur-uk-0776@example.test,Gestionnaire fictif DEMO-UK-INS-05,sinistres@demo-uk-ins-05.test,DEMO-UK-POL-0776,2026-01-01,2026-12-31,,
DEMO-UK-0777,True,mock-insurance-v2,UK,KW75 LTP,KW75LTP,Renault,Clio,black,DEMO-UK-INS-05,Harbour Demo Unlisted Motor (fictional),Conducteur fictif UK 0777,conducteur-uk-0777@example.test,Gestionnaire fictif DEMO-UK-INS-05,sinistres@demo-uk-ins-05.test,DEMO-UK-POL-0777,2026-01-01,2026-12-31,,
DEMO-UK-0778,True,mock-insurance-v2,UK,CK71 DDW,CK71DDW,Renault,Clio,silver,DEMO-UK-INS-05,Harbour Demo Unlisted Motor (fictional),Conducteur fictif UK 0778,conducteur-uk-0778@example.test,Gestionnaire fictif DEMO-UK-INS-05,sinistres@demo-uk-ins-05.test,DEMO-UK-POL-0778,2026-01-01,2026-12-31,,
DEMO-UK-0779,True,mock-insurance-v2,UK,EV20 TPZ,EV20TPZ,Toyota,Yaris,white,DEMO-UK-INS-05,Harbour Demo Unlisted Motor (fictional),Conducteur fictif UK 0779,conducteur-uk-0779@example.test,Gestionnaire fictif DEMO-UK-INS-05,sinistres@demo-uk-ins-05.test,DEMO-UK-POL-0779,2026-01-01,2026-12-31,,
DEMO-UK-0780,True,mock-insurance-v2,UK,EZ62 JTL,EZ62JTL,Volkswagen,Golf,red,DEMO-UK-INS-05,Harbour Demo Unlisted Motor (fictional),Conducteur fictif UK 0780,conducteur-uk-0780@example.test,Gestionnaire fictif DEMO-UK-INS-05,sinistres@demo-uk-ins-05.test,DEMO-UK-POL-0780,2026-01-01,2026-12-31,,
DEMO-UK-0781,True,mock-insurance-v2,UK,TJ62 TYK,TJ62TYK,Ford,Focus,grey,DEMO-UK-INS-05,Harbour Demo Unlisted Motor (fictional),Conducteur fictif UK 0781,conducteur-uk-0781@example.test,Gestionnaire fictif DEMO-UK-INS-05,sinistres@demo-uk-ins-05.test,DEMO-UK-POL-0781,2026-01-01,2026-12-31,,
DEMO-UK-0782,True,mock-insurance-v2,UK,TN75 AKN,TN75AKN,Toyota,Yaris,black,DEMO-UK-INS-05,Harbour Demo Unlisted Motor (fictional),Conducteur fictif UK 0782,conducteur-uk-0782@example.test,Gestionnaire fictif DEMO-UK-INS-05,sinistres@demo-uk-ins-05.test,DEMO-UK-POL-0782,2026-01-01,2026-12-31,,
DEMO-UK-0783,True,mock-insurance-v2,UK,JR71 ZAX,JR71ZAX,Ford,Focus,blue,DEMO-UK-INS-05,Harbour Demo Unlisted Motor (fictional),Conducteur fictif UK 0783,conducteur-uk-0783@example.test,Gestionnaire fictif DEMO-UK-INS-05,sinistres@demo-uk-ins-05.test,DEMO-UK-POL-0783,2026-01-01,2026-12-31,,
DEMO-UK-0784,True,mock-insurance-v2,UK,MB12 REZ,MB12REZ,Volkswagen,Golf,black,DEMO-UK-INS-05,Harbour Demo Unlisted Motor (fictional),Conducteur fictif UK 0784,conducteur-uk-0784@example.test,Gestionnaire fictif DEMO-UK-INS-05,sinistres@demo-uk-ins-05.test,DEMO-UK-POL-0784,2026-01-01,2026-12-31,,
DEMO-UK-0785,True,mock-insurance-v2,UK,VE21 MHF,VE21MHF,Toyota,Yaris,silver,DEMO-UK-INS-05,Harbour Demo Unlisted Motor (fictional),Conducteur fictif UK 0785,conducteur-uk-0785@example.test,Gestionnaire fictif DEMO-UK-INS-05,sinistres@demo-uk-ins-05.test,DEMO-UK-POL-0785,2026-01-01,2026-12-31,,
DEMO-UK-0786,True,mock-insurance-v2,UK,CD21 ZGG,CD21ZGG,Toyota,Yaris,red,DEMO-UK-INS-05,Harbour Demo Unlisted Motor (fictional),Conducteur fictif UK 0786,conducteur-uk-0786@example.test,Gestionnaire fictif DEMO-UK-INS-05,sinistres@demo-uk-ins-05.test,DEMO-UK-POL-0786,2026-01-01,2026-12-31,,
DEMO-UK-0787,True,mock-insurance-v2,UK,RT22 VXA,RT22VXA,Volkswagen,Golf,silver,DEMO-UK-INS-05,Harbour Demo Unlisted Motor (fictional),Conducteur fictif UK 0787,conducteur-uk-0787@example.test,Gestionnaire fictif DEMO-UK-INS-05,sinistres@demo-uk-ins-05.test,DEMO-UK-POL-0787,2026-01-01,2026-12-31,,
DEMO-UK-0788,True,mock-insurance-v2,UK,MA72 XZB,MA72XZB,BMW,3 Series,grey,DEMO-UK-INS-05,Harbour Demo Unlisted Motor (fictional),Conducteur fictif UK 0788,conducteur-uk-0788@example.test,Gestionnaire fictif DEMO-UK-INS-05,sinistres@demo-uk-ins-05.test,DEMO-UK-POL-0788,2026-01-01,2026-12-31,,
DEMO-UK-0789,True,mock-insurance-v2,UK,VC70 EMY,VC70EMY,Volkswagen,Golf,grey,DEMO-UK-INS-05,Harbour Demo Unlisted Motor (fictional),Conducteur fictif UK 0789,conducteur-uk-0789@example.test,Gestionnaire fictif DEMO-UK-INS-05,sinistres@demo-uk-ins-05.test,DEMO-UK-POL-0789,2026-01-01,2026-12-31,,
DEMO-UK-0790,True,mock-insurance-v2,UK,RD72 ZXS,RD72ZXS,Toyota,Yaris,red,DEMO-UK-INS-05,Harbour Demo Unlisted Motor (fictional),Conducteur fictif UK 0790,conducteur-uk-0790@example.test,Gestionnaire fictif DEMO-UK-INS-05,sinistres@demo-uk-ins-05.test,DEMO-UK-POL-0790,2026-01-01,2026-12-31,,
DEMO-UK-0791,True,mock-insurance-v2,UK,YB72 PCJ,YB72PCJ,BMW,3 Series,white,DEMO-UK-INS-05,Harbour Demo Unlisted Motor (fictional),Conducteur fictif UK 0791,conducteur-uk-0791@example.test,Gestionnaire fictif DEMO-UK-INS-05,sinistres@demo-uk-ins-05.test,DEMO-UK-POL-0791,2026-01-01,2026-12-31,,
DEMO-UK-0792,True,mock-insurance-v2,UK,HZ24 FWH,HZ24FWH,Ford,Focus,white,DEMO-UK-INS-05,Harbour Demo Unlisted Motor (fictional),Conducteur fictif UK 0792,conducteur-uk-0792@example.test,Gestionnaire fictif DEMO-UK-INS-05,sinistres@demo-uk-ins-05.test,DEMO-UK-POL-0792,2026-01-01,2026-12-31,,
DEMO-UK-0793,True,mock-insurance-v2,UK,ZK20 GLD,ZK20GLD,Renault,Clio,red,DEMO-UK-INS-05,Harbour Demo Unlisted Motor (fictional),Conducteur fictif UK 0793,conducteur-uk-0793@example.test,Gestionnaire fictif DEMO-UK-INS-05,sinistres@demo-uk-ins-05.test,DEMO-UK-POL-0793,2026-01-01,2026-12-31,,
DEMO-UK-0794,True,mock-insurance-v2,UK,VW20 DMD,VW20DMD,Toyota,Yaris,silver,DEMO-UK-INS-05,Harbour Demo Unlisted Motor (fictional),Conducteur fictif UK 0794,conducteur-uk-0794@example.test,Gestionnaire fictif DEMO-UK-INS-05,sinistres@demo-uk-ins-05.test,DEMO-UK-POL-0794,2026-01-01,2026-12-31,,
DEMO-UK-0795,True,mock-insurance-v2,UK,RB70 XLH,RB70XLH,Toyota,Yaris,white,DEMO-UK-INS-05,Harbour Demo Unlisted Motor (fictional),Conducteur fictif UK 0795,conducteur-uk-0795@example.test,Gestionnaire fictif DEMO-UK-INS-05,sinistres@demo-uk-ins-05.test,DEMO-UK-POL-0795,2026-01-01,2026-12-31,,
DEMO-UK-0796,True,mock-insurance-v2,UK,BG25 KRX,BG25KRX,BMW,3 Series,red,DEMO-UK-INS-05,Harbour Demo Unlisted Motor (fictional),Conducteur fictif UK 0796,conducteur-uk-0796@example.test,Gestionnaire fictif DEMO-UK-INS-05,sinistres@demo-uk-ins-05.test,DEMO-UK-POL-0796,2026-01-01,2026-12-31,,
DEMO-UK-0797,True,mock-insurance-v2,UK,BN20 PND,BN20PND,Volkswagen,Golf,black,DEMO-UK-INS-05,Harbour Demo Unlisted Motor (fictional),Conducteur fictif UK 0797,conducteur-uk-0797@example.test,Gestionnaire fictif DEMO-UK-INS-05,sinistres@demo-uk-ins-05.test,DEMO-UK-POL-0797,2026-01-01,2026-12-31,,
DEMO-UK-0798,True,mock-insurance-v2,UK,RM72 NEG,RM72NEG,Renault,Clio,blue,DEMO-UK-INS-05,Harbour Demo Unlisted Motor (fictional),Conducteur fictif UK 0798,conducteur-uk-0798@example.test,Gestionnaire fictif DEMO-UK-INS-05,sinistres@demo-uk-ins-05.test,DEMO-UK-POL-0798,2026-01-01,2026-12-31,,
DEMO-UK-0799,True,mock-insurance-v2,UK,FM24 VPM,FM24VPM,Toyota,Yaris,red,DEMO-UK-INS-05,Harbour Demo Unlisted Motor (fictional),Conducteur fictif UK 0799,conducteur-uk-0799@example.test,Gestionnaire fictif DEMO-UK-INS-05,sinistres@demo-uk-ins-05.test,DEMO-UK-POL-0799,2026-01-01,2026-12-31,,
DEMO-UK-0800,True,mock-insurance-v2,UK,NW65 YNZ,NW65YNZ,BMW,3 Series,grey,DEMO-UK-INS-05,Harbour Demo Unlisted Motor (fictional),Conducteur fictif UK 0800,conducteur-uk-0800@example.test,Gestionnaire fictif DEMO-UK-INS-05,sinistres@demo-uk-ins-05.test,DEMO-UK-POL-0800,2026-01-01,2026-12-31,,
DEMO-UK-0801,True,mock-insurance-v2,UK,AB13 CDE,AB13CDE,Renault,Clio,grey,DEMO-UK-INS-00,Northbridge Demo Motor (fictional),Conducteur fictif UK 0801,conducteur-uk-0801@example.test,Gestionnaire fictif DEMO-UK-INS-00,sinistres@demo-uk-ins-00.test,DEMO-UK-POL-0801,2026-01-01,2026-09-24,DEMO-CORR-FR-00,Hexagone Demo Recours (fictional)
DEMO-UK-0802,True,mock-insurance-v2,UK,GT74 EMA,GT74EMA,Ford,Focus,blue,DEMO-UK-INS-01,Oakfield Demo Insurance (fictional),Conducteur fictif UK 0802,conducteur-uk-0802@example.test,Gestionnaire fictif DEMO-UK-INS-01,sinistres@demo-uk-ins-01.test,DEMO-UK-POL-0802,2026-01-01,2026-09-24,DEMO-CORR-FR-01,Azur Demo Recours (fictional)
DEMO-UK-0803,True,mock-insurance-v2,UK,VH70 SGM,VH70SGM,Renault,Clio,red,DEMO-UK-INS-02,Westhaven Demo Motor (fictional),Conducteur fictif UK 0803,conducteur-uk-0803@example.test,Gestionnaire fictif DEMO-UK-INS-02,sinistres@demo-uk-ins-02.test,DEMO-UK-POL-0803,2026-01-01,2026-09-24,DEMO-CORR-FR-02,Loire Demo Recours (fictional)
DEMO-UK-0804,True,mock-insurance-v2,UK,JZ15 XNC,JZ15XNC,Volkswagen,Golf,silver,DEMO-UK-INS-03,Birchwood Demo Cover (fictional),Conducteur fictif UK 0804,conducteur-uk-0804@example.test,Gestionnaire fictif DEMO-UK-INS-03,sinistres@demo-uk-ins-03.test,DEMO-UK-POL-0804,2026-01-01,2026-09-24,DEMO-CORR-FR-03,Alpes Demo Recours (fictional)
DEMO-UK-0805,True,mock-insurance-v2,UK,KM24 XJD,KM24XJD,Peugeot,208,red,DEMO-UK-INS-04,Meadowbrook Demo Auto (fictional),Conducteur fictif UK 0805,conducteur-uk-0805@example.test,Gestionnaire fictif DEMO-UK-INS-04,sinistres@demo-uk-ins-04.test,DEMO-UK-POL-0805,2026-01-01,2026-09-24,DEMO-CORR-FR-04,Rivage Demo Recours (fictional)
DEMO-UK-0806,True,mock-insurance-v2,UK,GV75 KYS,GV75KYS,Renault,Clio,black,DEMO-UK-INS-00,Northbridge Demo Motor (fictional),Conducteur fictif UK 0806,conducteur-uk-0806@example.test,Gestionnaire fictif DEMO-UK-INS-00,sinistres@demo-uk-ins-00.test,DEMO-UK-POL-0806,2026-01-01,2026-09-24,DEMO-CORR-FR-00,Hexagone Demo Recours (fictional)
DEMO-UK-0807,True,mock-insurance-v2,UK,HM24 CAC,HM24CAC,Ford,Focus,black,DEMO-UK-INS-01,Oakfield Demo Insurance (fictional),Conducteur fictif UK 0807,conducteur-uk-0807@example.test,Gestionnaire fictif DEMO-UK-INS-01,sinistres@demo-uk-ins-01.test,DEMO-UK-POL-0807,2026-01-01,2026-09-24,DEMO-CORR-FR-01,Azur Demo Recours (fictional)
DEMO-UK-0808,True,mock-insurance-v2,UK,VL24 RGH,VL24RGH,BMW,3 Series,red,DEMO-UK-INS-02,Westhaven Demo Motor (fictional),Conducteur fictif UK 0808,conducteur-uk-0808@example.test,Gestionnaire fictif DEMO-UK-INS-02,sinistres@demo-uk-ins-02.test,DEMO-UK-POL-0808,2026-01-01,2026-09-24,DEMO-CORR-FR-02,Loire Demo Recours (fictional)
DEMO-UK-0809,True,mock-insurance-v2,UK,NV73 FDL,NV73FDL,Volkswagen,Golf,red,DEMO-UK-INS-03,Birchwood Demo Cover (fictional),Conducteur fictif UK 0809,conducteur-uk-0809@example.test,Gestionnaire fictif DEMO-UK-INS-03,sinistres@demo-uk-ins-03.test,DEMO-UK-POL-0809,2026-01-01,2026-09-24,DEMO-CORR-FR-03,Alpes Demo Recours (fictional)
DEMO-UK-0810,True,mock-insurance-v2,UK,XE22 BGA,XE22BGA,Volkswagen,Golf,white,DEMO-UK-INS-04,Meadowbrook Demo Auto (fictional),Conducteur fictif UK 0810,conducteur-uk-0810@example.test,Gestionnaire fictif DEMO-UK-INS-04,sinistres@demo-uk-ins-04.test,DEMO-UK-POL-0810,2026-01-01,2026-09-24,DEMO-CORR-FR-04,Rivage Demo Recours (fictional)
DEMO-UK-0811,True,mock-insurance-v2,UK,BR12 NNJ,BR12NNJ,Volkswagen,Golf,silver,DEMO-UK-INS-00,Northbridge Demo Motor (fictional),Conducteur fictif UK 0811,conducteur-uk-0811@example.test,Gestionnaire fictif DEMO-UK-INS-00,sinistres@demo-uk-ins-00.test,DEMO-UK-POL-0811,2026-01-01,2026-09-24,DEMO-CORR-FR-00,Hexagone Demo Recours (fictional)
DEMO-UK-0812,True,mock-insurance-v2,UK,KR65 RTZ,KR65RTZ,Ford,Focus,silver,DEMO-UK-INS-01,Oakfield Demo Insurance (fictional),Conducteur fictif UK 0812,conducteur-uk-0812@example.test,Gestionnaire fictif DEMO-UK-INS-01,sinistres@demo-uk-ins-01.test,DEMO-UK-POL-0812,2026-01-01,2026-09-24,DEMO-CORR-FR-01,Azur Demo Recours (fictional)
DEMO-UK-0813,True,mock-insurance-v2,UK,RZ62 ZPC,RZ62ZPC,Volkswagen,Golf,white,DEMO-UK-INS-02,Westhaven Demo Motor (fictional),Conducteur fictif UK 0813,conducteur-uk-0813@example.test,Gestionnaire fictif DEMO-UK-INS-02,sinistres@demo-uk-ins-02.test,DEMO-UK-POL-0813,2026-01-01,2026-09-24,DEMO-CORR-FR-02,Loire Demo Recours (fictional)
DEMO-UK-0814,True,mock-insurance-v2,UK,XC74 LHW,XC74LHW,Renault,Clio,black,DEMO-UK-INS-03,Birchwood Demo Cover (fictional),Conducteur fictif UK 0814,conducteur-uk-0814@example.test,Gestionnaire fictif DEMO-UK-INS-03,sinistres@demo-uk-ins-03.test,DEMO-UK-POL-0814,2026-01-01,2026-09-24,DEMO-CORR-FR-03,Alpes Demo Recours (fictional)
DEMO-UK-0815,True,mock-insurance-v2,UK,WT65 WXD,WT65WXD,Volkswagen,Golf,blue,DEMO-UK-INS-04,Meadowbrook Demo Auto (fictional),Conducteur fictif UK 0815,conducteur-uk-0815@example.test,Gestionnaire fictif DEMO-UK-INS-04,sinistres@demo-uk-ins-04.test,DEMO-UK-POL-0815,2026-01-01,2026-09-24,DEMO-CORR-FR-04,Rivage Demo Recours (fictional)
DEMO-UK-0816,True,mock-insurance-v2,UK,MF65 ALZ,MF65ALZ,Peugeot,208,blue,DEMO-UK-INS-00,Northbridge Demo Motor (fictional),Conducteur fictif UK 0816,conducteur-uk-0816@example.test,Gestionnaire fictif DEMO-UK-INS-00,sinistres@demo-uk-ins-00.test,DEMO-UK-POL-0816,2026-01-01,2026-09-24,DEMO-CORR-FR-00,Hexagone Demo Recours (fictional)
DEMO-UK-0817,True,mock-insurance-v2,UK,TA74 ZWA,TA74ZWA,Ford,Focus,white,DEMO-UK-INS-01,Oakfield Demo Insurance (fictional),Conducteur fictif UK 0817,conducteur-uk-0817@example.test,Gestionnaire fictif DEMO-UK-INS-01,sinistres@demo-uk-ins-01.test,DEMO-UK-POL-0817,2026-01-01,2026-09-24,DEMO-CORR-FR-01,Azur Demo Recours (fictional)
DEMO-UK-0818,True,mock-insurance-v2,UK,FT12 RBX,FT12RBX,Volkswagen,Golf,black,DEMO-UK-INS-02,Westhaven Demo Motor (fictional),Conducteur fictif UK 0818,conducteur-uk-0818@example.test,Gestionnaire fictif DEMO-UK-INS-02,sinistres@demo-uk-ins-02.test,DEMO-UK-POL-0818,2026-01-01,2026-09-24,DEMO-CORR-FR-02,Loire Demo Recours (fictional)
DEMO-UK-0819,True,mock-insurance-v2,UK,RV18 PJV,RV18PJV,Toyota,Yaris,black,DEMO-UK-INS-03,Birchwood Demo Cover (fictional),Conducteur fictif UK 0819,conducteur-uk-0819@example.test,Gestionnaire fictif DEMO-UK-INS-03,sinistres@demo-uk-ins-03.test,DEMO-UK-POL-0819,2026-01-01,2026-09-24,DEMO-CORR-FR-03,Alpes Demo Recours (fictional)
DEMO-UK-0820,True,mock-insurance-v2,UK,HV68 DTG,HV68DTG,Toyota,Yaris,silver,DEMO-UK-INS-04,Meadowbrook Demo Auto (fictional),Conducteur fictif UK 0820,conducteur-uk-0820@example.test,Gestionnaire fictif DEMO-UK-INS-04,sinistres@demo-uk-ins-04.test,DEMO-UK-POL-0820,2026-01-01,2026-09-24,DEMO-CORR-FR-04,Rivage Demo Recours (fictional)
DEMO-UK-0821,True,mock-insurance-v2,UK,SX15 WPW,SX15WPW,Renault,Clio,black,DEMO-UK-INS-00,Northbridge Demo Motor (fictional),Conducteur fictif UK 0821,conducteur-uk-0821@example.test,Gestionnaire fictif DEMO-UK-INS-00,sinistres@demo-uk-ins-00.test,DEMO-UK-POL-0821,2026-01-01,2026-09-24,DEMO-CORR-FR-00,Hexagone Demo Recours (fictional)
DEMO-UK-0822,True,mock-insurance-v2,UK,MJ72 HLM,MJ72HLM,BMW,3 Series,white,DEMO-UK-INS-01,Oakfield Demo Insurance (fictional),Conducteur fictif UK 0822,conducteur-uk-0822@example.test,Gestionnaire fictif DEMO-UK-INS-01,sinistres@demo-uk-ins-01.test,DEMO-UK-POL-0822,2026-01-01,2026-09-24,DEMO-CORR-FR-01,Azur Demo Recours (fictional)
DEMO-UK-0823,True,mock-insurance-v2,UK,ZZ71 KJV,ZZ71KJV,Volkswagen,Golf,white,DEMO-UK-INS-02,Westhaven Demo Motor (fictional),Conducteur fictif UK 0823,conducteur-uk-0823@example.test,Gestionnaire fictif DEMO-UK-INS-02,sinistres@demo-uk-ins-02.test,DEMO-UK-POL-0823,2026-01-01,2026-09-24,DEMO-CORR-FR-02,Loire Demo Recours (fictional)
DEMO-UK-0824,True,mock-insurance-v2,UK,EK73 XCL,EK73XCL,Renault,Clio,grey,DEMO-UK-INS-03,Birchwood Demo Cover (fictional),Conducteur fictif UK 0824,conducteur-uk-0824@example.test,Gestionnaire fictif DEMO-UK-INS-03,sinistres@demo-uk-ins-03.test,DEMO-UK-POL-0824,2026-01-01,2026-09-24,DEMO-CORR-FR-03,Alpes Demo Recours (fictional)
DEMO-UK-0825,True,mock-insurance-v2,UK,CB65 PWD,CB65PWD,Toyota,Yaris,blue,DEMO-UK-INS-04,Meadowbrook Demo Auto (fictional),Conducteur fictif UK 0825,conducteur-uk-0825@example.test,Gestionnaire fictif DEMO-UK-INS-04,sinistres@demo-uk-ins-04.test,DEMO-UK-POL-0825,2026-01-01,2026-09-24,DEMO-CORR-FR-04,Rivage Demo Recours (fictional)
DEMO-UK-0826,True,mock-insurance-v2,UK,PF75 CWY,PF75CWY,Peugeot,208,blue,DEMO-UK-INS-00,Northbridge Demo Motor (fictional),Conducteur fictif UK 0826,conducteur-uk-0826@example.test,Gestionnaire fictif DEMO-UK-INS-00,sinistres@demo-uk-ins-00.test,DEMO-UK-POL-0826,2026-01-01,2026-09-24,DEMO-CORR-FR-00,Hexagone Demo Recours (fictional)
DEMO-UK-0827,True,mock-insurance-v2,UK,KX18 YRB,KX18YRB,Ford,Focus,red,DEMO-UK-INS-01,Oakfield Demo Insurance (fictional),Conducteur fictif UK 0827,conducteur-uk-0827@example.test,Gestionnaire fictif DEMO-UK-INS-01,sinistres@demo-uk-ins-01.test,DEMO-UK-POL-0827,2026-01-01,2026-09-24,DEMO-CORR-FR-01,Azur Demo Recours (fictional)
DEMO-UK-0828,True,mock-insurance-v2,UK,BF68 MEC,BF68MEC,Renault,Clio,silver,DEMO-UK-INS-02,Westhaven Demo Motor (fictional),Conducteur fictif UK 0828,conducteur-uk-0828@example.test,Gestionnaire fictif DEMO-UK-INS-02,sinistres@demo-uk-ins-02.test,DEMO-UK-POL-0828,2026-01-01,2026-09-24,DEMO-CORR-FR-02,Loire Demo Recours (fictional)
DEMO-UK-0829,True,mock-insurance-v2,UK,AZ73 ECL,AZ73ECL,Renault,Clio,blue,DEMO-UK-INS-03,Birchwood Demo Cover (fictional),Conducteur fictif UK 0829,conducteur-uk-0829@example.test,Gestionnaire fictif DEMO-UK-INS-03,sinistres@demo-uk-ins-03.test,DEMO-UK-POL-0829,2026-01-01,2026-09-24,DEMO-CORR-FR-03,Alpes Demo Recours (fictional)
DEMO-UK-0830,True,mock-insurance-v2,UK,KZ21 RXC,KZ21RXC,Toyota,Yaris,blue,DEMO-UK-INS-04,Meadowbrook Demo Auto (fictional),Conducteur fictif UK 0830,conducteur-uk-0830@example.test,Gestionnaire fictif DEMO-UK-INS-04,sinistres@demo-uk-ins-04.test,DEMO-UK-POL-0830,2026-01-01,2026-09-24,DEMO-CORR-FR-04,Rivage Demo Recours (fictional)
DEMO-UK-0831,True,mock-insurance-v2,UK,PF23 GDW,PF23GDW,Toyota,Yaris,silver,DEMO-UK-INS-00,Northbridge Demo Motor (fictional),Conducteur fictif UK 0831,conducteur-uk-0831@example.test,Gestionnaire fictif DEMO-UK-INS-00,sinistres@demo-uk-ins-00.test,DEMO-UK-POL-0831,2026-01-01,2026-09-24,DEMO-CORR-FR-00,Hexagone Demo Recours (fictional)
DEMO-UK-0832,True,mock-insurance-v2,UK,YX24 CAA,YX24CAA,Ford,Focus,grey,DEMO-UK-INS-01,Oakfield Demo Insurance (fictional),Conducteur fictif UK 0832,conducteur-uk-0832@example.test,Gestionnaire fictif DEMO-UK-INS-01,sinistres@demo-uk-ins-01.test,DEMO-UK-POL-0832,2026-01-01,2026-09-24,DEMO-CORR-FR-01,Azur Demo Recours (fictional)
DEMO-UK-0833,True,mock-insurance-v2,UK,WX70 BFX,WX70BFX,Toyota,Yaris,blue,DEMO-UK-INS-02,Westhaven Demo Motor (fictional),Conducteur fictif UK 0833,conducteur-uk-0833@example.test,Gestionnaire fictif DEMO-UK-INS-02,sinistres@demo-uk-ins-02.test,DEMO-UK-POL-0833,2026-01-01,2026-09-24,DEMO-CORR-FR-02,Loire Demo Recours (fictional)
DEMO-UK-0834,True,mock-insurance-v2,UK,WP15 EPF,WP15EPF,Renault,Clio,blue,DEMO-UK-INS-03,Birchwood Demo Cover (fictional),Conducteur fictif UK 0834,conducteur-uk-0834@example.test,Gestionnaire fictif DEMO-UK-INS-03,sinistres@demo-uk-ins-03.test,DEMO-UK-POL-0834,2026-01-01,2026-09-24,DEMO-CORR-FR-03,Alpes Demo Recours (fictional)
DEMO-UK-0835,True,mock-insurance-v2,UK,EZ71 NKD,EZ71NKD,Volkswagen,Golf,silver,DEMO-UK-INS-04,Meadowbrook Demo Auto (fictional),Conducteur fictif UK 0835,conducteur-uk-0835@example.test,Gestionnaire fictif DEMO-UK-INS-04,sinistres@demo-uk-ins-04.test,DEMO-UK-POL-0835,2026-01-01,2026-09-24,DEMO-CORR-FR-04,Rivage Demo Recours (fictional)
DEMO-UK-0836,True,mock-insurance-v2,UK,EL73 PYT,EL73PYT,Peugeot,208,grey,DEMO-UK-INS-00,Northbridge Demo Motor (fictional),Conducteur fictif UK 0836,conducteur-uk-0836@example.test,Gestionnaire fictif DEMO-UK-INS-00,sinistres@demo-uk-ins-00.test,DEMO-UK-POL-0836,2026-01-01,2026-09-24,DEMO-CORR-FR-00,Hexagone Demo Recours (fictional)
DEMO-UK-0837,True,mock-insurance-v2,UK,MN21 EYM,MN21EYM,Volkswagen,Golf,silver,DEMO-UK-INS-01,Oakfield Demo Insurance (fictional),Conducteur fictif UK 0837,conducteur-uk-0837@example.test,Gestionnaire fictif DEMO-UK-INS-01,sinistres@demo-uk-ins-01.test,DEMO-UK-POL-0837,2026-01-01,2026-09-24,DEMO-CORR-FR-01,Azur Demo Recours (fictional)
DEMO-UK-0838,True,mock-insurance-v2,UK,HP18 XDD,HP18XDD,BMW,3 Series,silver,DEMO-UK-INS-02,Westhaven Demo Motor (fictional),Conducteur fictif UK 0838,conducteur-uk-0838@example.test,Gestionnaire fictif DEMO-UK-INS-02,sinistres@demo-uk-ins-02.test,DEMO-UK-POL-0838,2026-01-01,2026-09-24,DEMO-CORR-FR-02,Loire Demo Recours (fictional)
DEMO-UK-0839,True,mock-insurance-v2,UK,PF65 MEL,PF65MEL,Volkswagen,Golf,black,DEMO-UK-INS-03,Birchwood Demo Cover (fictional),Conducteur fictif UK 0839,conducteur-uk-0839@example.test,Gestionnaire fictif DEMO-UK-INS-03,sinistres@demo-uk-ins-03.test,DEMO-UK-POL-0839,2026-01-01,2026-09-24,DEMO-CORR-FR-03,Alpes Demo Recours (fictional)
DEMO-UK-0840,True,mock-insurance-v2,UK,RS18 BPM,RS18BPM,Renault,Clio,grey,DEMO-UK-INS-04,Meadowbrook Demo Auto (fictional),Conducteur fictif UK 0840,conducteur-uk-0840@example.test,Gestionnaire fictif DEMO-UK-INS-04,sinistres@demo-uk-ins-04.test,DEMO-UK-POL-0840,2026-01-01,2026-09-24,DEMO-CORR-FR-04,Rivage Demo Recours (fictional)
DEMO-UK-0841,True,mock-insurance-v2,UK,CN24 JEJ,CN24JEJ,Renault,Clio,red,DEMO-UK-INS-00,Northbridge Demo Motor (fictional),Conducteur fictif UK 0841,conducteur-uk-0841@example.test,Gestionnaire fictif DEMO-UK-INS-00,sinistres@demo-uk-ins-00.test,DEMO-UK-POL-0841,2026-01-01,2026-09-24,DEMO-CORR-FR-00,Hexagone Demo Recours (fictional)
DEMO-UK-0842,True,mock-insurance-v2,UK,ZF65 DPY,ZF65DPY,Volkswagen,Golf,red,DEMO-UK-INS-01,Oakfield Demo Insurance (fictional),Conducteur fictif UK 0842,conducteur-uk-0842@example.test,Gestionnaire fictif DEMO-UK-INS-01,sinistres@demo-uk-ins-01.test,DEMO-UK-POL-0842,2026-01-01,2026-09-24,DEMO-CORR-FR-01,Azur Demo Recours (fictional)
DEMO-UK-0843,True,mock-insurance-v2,UK,ZJ65 AJE,ZJ65AJE,Ford,Focus,silver,DEMO-UK-INS-02,Westhaven Demo Motor (fictional),Conducteur fictif UK 0843,conducteur-uk-0843@example.test,Gestionnaire fictif DEMO-UK-INS-02,sinistres@demo-uk-ins-02.test,DEMO-UK-POL-0843,2026-01-01,2026-09-24,DEMO-CORR-FR-02,Loire Demo Recours (fictional)
DEMO-UK-0844,True,mock-insurance-v2,UK,CP23 HVW,CP23HVW,Volkswagen,Golf,grey,DEMO-UK-INS-03,Birchwood Demo Cover (fictional),Conducteur fictif UK 0844,conducteur-uk-0844@example.test,Gestionnaire fictif DEMO-UK-INS-03,sinistres@demo-uk-ins-03.test,DEMO-UK-POL-0844,2026-01-01,2026-09-24,DEMO-CORR-FR-03,Alpes Demo Recours (fictional)
DEMO-UK-0845,True,mock-insurance-v2,UK,HM73 VYL,HM73VYL,BMW,3 Series,blue,DEMO-UK-INS-04,Meadowbrook Demo Auto (fictional),Conducteur fictif UK 0845,conducteur-uk-0845@example.test,Gestionnaire fictif DEMO-UK-INS-04,sinistres@demo-uk-ins-04.test,DEMO-UK-POL-0845,2026-01-01,2026-09-24,DEMO-CORR-FR-04,Rivage Demo Recours (fictional)
DEMO-UK-0846,True,mock-insurance-v2,UK,YA15 FND,YA15FND,Volkswagen,Golf,blue,DEMO-UK-INS-00,Northbridge Demo Motor (fictional),Conducteur fictif UK 0846,conducteur-uk-0846@example.test,Gestionnaire fictif DEMO-UK-INS-00,sinistres@demo-uk-ins-00.test,DEMO-UK-POL-0846,2026-01-01,2026-09-24,DEMO-CORR-FR-00,Hexagone Demo Recours (fictional)
DEMO-UK-0847,True,mock-insurance-v2,UK,GP65 FKR,GP65FKR,Peugeot,208,white,DEMO-UK-INS-01,Oakfield Demo Insurance (fictional),Conducteur fictif UK 0847,conducteur-uk-0847@example.test,Gestionnaire fictif DEMO-UK-INS-01,sinistres@demo-uk-ins-01.test,DEMO-UK-POL-0847,2026-01-01,2026-09-24,DEMO-CORR-FR-01,Azur Demo Recours (fictional)
DEMO-UK-0848,True,mock-insurance-v2,UK,VJ65 TCS,VJ65TCS,Toyota,Yaris,blue,DEMO-UK-INS-02,Westhaven Demo Motor (fictional),Conducteur fictif UK 0848,conducteur-uk-0848@example.test,Gestionnaire fictif DEMO-UK-INS-02,sinistres@demo-uk-ins-02.test,DEMO-UK-POL-0848,2026-01-01,2026-09-24,DEMO-CORR-FR-02,Loire Demo Recours (fictional)
DEMO-UK-0849,True,mock-insurance-v2,UK,JP74 ARL,JP74ARL,Volkswagen,Golf,white,DEMO-UK-INS-03,Birchwood Demo Cover (fictional),Conducteur fictif UK 0849,conducteur-uk-0849@example.test,Gestionnaire fictif DEMO-UK-INS-03,sinistres@demo-uk-ins-03.test,DEMO-UK-POL-0849,2026-01-01,2026-09-24,DEMO-CORR-FR-03,Alpes Demo Recours (fictional)
DEMO-UK-0850,True,mock-insurance-v2,UK,ZS22 MME,ZS22MME,Renault,Clio,black,DEMO-UK-INS-04,Meadowbrook Demo Auto (fictional),Conducteur fictif UK 0850,conducteur-uk-0850@example.test,Gestionnaire fictif DEMO-UK-INS-04,sinistres@demo-uk-ins-04.test,DEMO-UK-POL-0850,2026-01-01,2026-09-24,DEMO-CORR-FR-04,Rivage Demo Recours (fictional)
DEMO-UK-0851,True,mock-insurance-v2,UK,PM21 JHE,PM21JHE,Renault,Clio,red,DEMO-UK-INS-00,Northbridge Demo Motor (fictional),Conducteur fictif UK 0851,conducteur-uk-0851@example.test,Gestionnaire fictif DEMO-UK-INS-00,sinistres@demo-uk-ins-00.test,DEMO-UK-POL-0851,2026-01-01,2026-09-24,DEMO-CORR-FR-00,Hexagone Demo Recours (fictional)
DEMO-UK-0852,True,mock-insurance-v2,UK,NV18 TDW,NV18TDW,Toyota,Yaris,blue,DEMO-UK-INS-01,Oakfield Demo Insurance (fictional),Conducteur fictif UK 0852,conducteur-uk-0852@example.test,Gestionnaire fictif DEMO-UK-INS-01,sinistres@demo-uk-ins-01.test,DEMO-UK-POL-0852,2026-01-01,2026-09-24,DEMO-CORR-FR-01,Azur Demo Recours (fictional)
DEMO-UK-0853,True,mock-insurance-v2,UK,AK72 FTD,AK72FTD,Volkswagen,Golf,silver,DEMO-UK-INS-02,Westhaven Demo Motor (fictional),Conducteur fictif UK 0853,conducteur-uk-0853@example.test,Gestionnaire fictif DEMO-UK-INS-02,sinistres@demo-uk-ins-02.test,DEMO-UK-POL-0853,2026-01-01,2026-09-24,DEMO-CORR-FR-02,Loire Demo Recours (fictional)
DEMO-UK-0854,True,mock-insurance-v2,UK,CY23 XCW,CY23XCW,Volkswagen,Golf,silver,DEMO-UK-INS-03,Birchwood Demo Cover (fictional),Conducteur fictif UK 0854,conducteur-uk-0854@example.test,Gestionnaire fictif DEMO-UK-INS-03,sinistres@demo-uk-ins-03.test,DEMO-UK-POL-0854,2026-01-01,2026-09-24,DEMO-CORR-FR-03,Alpes Demo Recours (fictional)
DEMO-UK-0855,True,mock-insurance-v2,UK,EX62 PYL,EX62PYL,Toyota,Yaris,black,DEMO-UK-INS-04,Meadowbrook Demo Auto (fictional),Conducteur fictif UK 0855,conducteur-uk-0855@example.test,Gestionnaire fictif DEMO-UK-INS-04,sinistres@demo-uk-ins-04.test,DEMO-UK-POL-0855,2026-01-01,2026-09-24,DEMO-CORR-FR-04,Rivage Demo Recours (fictional)
DEMO-UK-0856,True,mock-insurance-v2,UK,PE24 WPX,PE24WPX,Renault,Clio,blue,DEMO-UK-INS-00,Northbridge Demo Motor (fictional),Conducteur fictif UK 0856,conducteur-uk-0856@example.test,Gestionnaire fictif DEMO-UK-INS-00,sinistres@demo-uk-ins-00.test,DEMO-UK-POL-0856,2026-01-01,2026-09-24,DEMO-CORR-FR-00,Hexagone Demo Recours (fictional)
DEMO-UK-0857,True,mock-insurance-v2,UK,TT24 CTP,TT24CTP,Ford,Focus,white,DEMO-UK-INS-01,Oakfield Demo Insurance (fictional),Conducteur fictif UK 0857,conducteur-uk-0857@example.test,Gestionnaire fictif DEMO-UK-INS-01,sinistres@demo-uk-ins-01.test,DEMO-UK-POL-0857,2026-01-01,2026-09-24,DEMO-CORR-FR-01,Azur Demo Recours (fictional)
DEMO-UK-0858,True,mock-insurance-v2,UK,WH70 SZA,WH70SZA,Ford,Focus,blue,DEMO-UK-INS-02,Westhaven Demo Motor (fictional),Conducteur fictif UK 0858,conducteur-uk-0858@example.test,Gestionnaire fictif DEMO-UK-INS-02,sinistres@demo-uk-ins-02.test,DEMO-UK-POL-0858,2026-01-01,2026-09-24,DEMO-CORR-FR-02,Loire Demo Recours (fictional)
DEMO-UK-0859,True,mock-insurance-v2,UK,KF71 CEF,KF71CEF,Ford,Focus,red,DEMO-UK-INS-03,Birchwood Demo Cover (fictional),Conducteur fictif UK 0859,conducteur-uk-0859@example.test,Gestionnaire fictif DEMO-UK-INS-03,sinistres@demo-uk-ins-03.test,DEMO-UK-POL-0859,2026-01-01,2026-09-24,DEMO-CORR-FR-03,Alpes Demo Recours (fictional)
DEMO-UK-0860,True,mock-insurance-v2,UK,VT71 BKE,VT71BKE,Renault,Clio,white,DEMO-UK-INS-04,Meadowbrook Demo Auto (fictional),Conducteur fictif UK 0860,conducteur-uk-0860@example.test,Gestionnaire fictif DEMO-UK-INS-04,sinistres@demo-uk-ins-04.test,DEMO-UK-POL-0860,2026-01-01,2026-09-24,DEMO-CORR-FR-04,Rivage Demo Recours (fictional)
DEMO-UK-0861,True,mock-insurance-v2,UK,XM20 ZVM,XM20ZVM,Ford,Focus,red,DEMO-UK-INS-00,Northbridge Demo Motor (fictional),Conducteur fictif UK 0861,conducteur-uk-0861@example.test,Gestionnaire fictif DEMO-UK-INS-00,sinistres@demo-uk-ins-00.test,DEMO-UK-POL-0861,2026-01-01,2026-09-24,DEMO-CORR-FR-00,Hexagone Demo Recours (fictional)
DEMO-UK-0862,True,mock-insurance-v2,UK,DP70 WWY,DP70WWY,Ford,Focus,red,DEMO-UK-INS-01,Oakfield Demo Insurance (fictional),Conducteur fictif UK 0862,conducteur-uk-0862@example.test,Gestionnaire fictif DEMO-UK-INS-01,sinistres@demo-uk-ins-01.test,DEMO-UK-POL-0862,2026-01-01,2026-09-24,DEMO-CORR-FR-01,Azur Demo Recours (fictional)
DEMO-UK-0863,True,mock-insurance-v2,UK,JG72 EPH,JG72EPH,Ford,Focus,white,DEMO-UK-INS-02,Westhaven Demo Motor (fictional),Conducteur fictif UK 0863,conducteur-uk-0863@example.test,Gestionnaire fictif DEMO-UK-INS-02,sinistres@demo-uk-ins-02.test,DEMO-UK-POL-0863,2026-01-01,2026-09-24,DEMO-CORR-FR-02,Loire Demo Recours (fictional)
DEMO-UK-0864,True,mock-insurance-v2,UK,YW73 VVP,YW73VVP,Peugeot,208,red,DEMO-UK-INS-03,Birchwood Demo Cover (fictional),Conducteur fictif UK 0864,conducteur-uk-0864@example.test,Gestionnaire fictif DEMO-UK-INS-03,sinistres@demo-uk-ins-03.test,DEMO-UK-POL-0864,2026-01-01,2026-09-24,DEMO-CORR-FR-03,Alpes Demo Recours (fictional)
DEMO-UK-0865,True,mock-insurance-v2,UK,JX73 CPR,JX73CPR,Peugeot,208,black,DEMO-UK-INS-04,Meadowbrook Demo Auto (fictional),Conducteur fictif UK 0865,conducteur-uk-0865@example.test,Gestionnaire fictif DEMO-UK-INS-04,sinistres@demo-uk-ins-04.test,DEMO-UK-POL-0865,2026-01-01,2026-09-24,DEMO-CORR-FR-04,Rivage Demo Recours (fictional)
DEMO-UK-0866,True,mock-insurance-v2,UK,XK25 MYJ,XK25MYJ,Toyota,Yaris,red,DEMO-UK-INS-00,Northbridge Demo Motor (fictional),Conducteur fictif UK 0866,conducteur-uk-0866@example.test,Gestionnaire fictif DEMO-UK-INS-00,sinistres@demo-uk-ins-00.test,DEMO-UK-POL-0866,2026-01-01,2026-09-24,DEMO-CORR-FR-00,Hexagone Demo Recours (fictional)
DEMO-UK-0867,True,mock-insurance-v2,UK,DW18 MMA,DW18MMA,Toyota,Yaris,black,DEMO-UK-INS-01,Oakfield Demo Insurance (fictional),Conducteur fictif UK 0867,conducteur-uk-0867@example.test,Gestionnaire fictif DEMO-UK-INS-01,sinistres@demo-uk-ins-01.test,DEMO-UK-POL-0867,2026-01-01,2026-09-24,DEMO-CORR-FR-01,Azur Demo Recours (fictional)
DEMO-UK-0868,True,mock-insurance-v2,UK,EB71 FJD,EB71FJD,Renault,Clio,black,DEMO-UK-INS-02,Westhaven Demo Motor (fictional),Conducteur fictif UK 0868,conducteur-uk-0868@example.test,Gestionnaire fictif DEMO-UK-INS-02,sinistres@demo-uk-ins-02.test,DEMO-UK-POL-0868,2026-01-01,2026-09-24,DEMO-CORR-FR-02,Loire Demo Recours (fictional)
DEMO-UK-0869,True,mock-insurance-v2,UK,XB70 WSH,XB70WSH,Renault,Clio,red,DEMO-UK-INS-03,Birchwood Demo Cover (fictional),Conducteur fictif UK 0869,conducteur-uk-0869@example.test,Gestionnaire fictif DEMO-UK-INS-03,sinistres@demo-uk-ins-03.test,DEMO-UK-POL-0869,2026-01-01,2026-09-24,DEMO-CORR-FR-03,Alpes Demo Recours (fictional)
DEMO-UK-0870,True,mock-insurance-v2,UK,FK74 BDK,FK74BDK,Renault,Clio,red,DEMO-UK-INS-04,Meadowbrook Demo Auto (fictional),Conducteur fictif UK 0870,conducteur-uk-0870@example.test,Gestionnaire fictif DEMO-UK-INS-04,sinistres@demo-uk-ins-04.test,DEMO-UK-POL-0870,2026-01-01,2026-09-24,DEMO-CORR-FR-04,Rivage Demo Recours (fictional)
DEMO-UK-0871,True,mock-insurance-v2,UK,YG73 XZE,YG73XZE,Renault,Clio,grey,DEMO-UK-INS-00,Northbridge Demo Motor (fictional),Conducteur fictif UK 0871,conducteur-uk-0871@example.test,Gestionnaire fictif DEMO-UK-INS-00,sinistres@demo-uk-ins-00.test,DEMO-UK-POL-0871,2026-01-01,2026-09-24,DEMO-CORR-FR-00,Hexagone Demo Recours (fictional)
DEMO-UK-0872,True,mock-insurance-v2,UK,JR24 AVW,JR24AVW,BMW,3 Series,silver,DEMO-UK-INS-01,Oakfield Demo Insurance (fictional),Conducteur fictif UK 0872,conducteur-uk-0872@example.test,Gestionnaire fictif DEMO-UK-INS-01,sinistres@demo-uk-ins-01.test,DEMO-UK-POL-0872,2026-01-01,2026-09-24,DEMO-CORR-FR-01,Azur Demo Recours (fictional)
DEMO-UK-0873,True,mock-insurance-v2,UK,MA12 YKS,MA12YKS,Volkswagen,Golf,blue,DEMO-UK-INS-02,Westhaven Demo Motor (fictional),Conducteur fictif UK 0873,conducteur-uk-0873@example.test,Gestionnaire fictif DEMO-UK-INS-02,sinistres@demo-uk-ins-02.test,DEMO-UK-POL-0873,2026-01-01,2026-09-24,DEMO-CORR-FR-02,Loire Demo Recours (fictional)
DEMO-UK-0874,True,mock-insurance-v2,UK,SY12 KZG,SY12KZG,Renault,Clio,blue,DEMO-UK-INS-03,Birchwood Demo Cover (fictional),Conducteur fictif UK 0874,conducteur-uk-0874@example.test,Gestionnaire fictif DEMO-UK-INS-03,sinistres@demo-uk-ins-03.test,DEMO-UK-POL-0874,2026-01-01,2026-09-24,DEMO-CORR-FR-03,Alpes Demo Recours (fictional)
DEMO-UK-0875,True,mock-insurance-v2,UK,RF71 FWW,RF71FWW,Ford,Focus,blue,DEMO-UK-INS-04,Meadowbrook Demo Auto (fictional),Conducteur fictif UK 0875,conducteur-uk-0875@example.test,Gestionnaire fictif DEMO-UK-INS-04,sinistres@demo-uk-ins-04.test,DEMO-UK-POL-0875,2026-01-01,2026-09-24,DEMO-CORR-FR-04,Rivage Demo Recours (fictional)
DEMO-UK-0876,True,mock-insurance-v2,UK,GJ68 LNE,GJ68LNE,Toyota,Yaris,silver,DEMO-UK-INS-00,Northbridge Demo Motor (fictional),Conducteur fictif UK 0876,conducteur-uk-0876@example.test,Gestionnaire fictif DEMO-UK-INS-00,sinistres@demo-uk-ins-00.test,DEMO-UK-POL-0876,2026-01-01,2026-09-24,DEMO-CORR-FR-00,Hexagone Demo Recours (fictional)
DEMO-UK-0877,True,mock-insurance-v2,UK,WL24 ZRY,WL24ZRY,Volkswagen,Golf,white,DEMO-UK-INS-01,Oakfield Demo Insurance (fictional),Conducteur fictif UK 0877,conducteur-uk-0877@example.test,Gestionnaire fictif DEMO-UK-INS-01,sinistres@demo-uk-ins-01.test,DEMO-UK-POL-0877,2026-01-01,2026-09-24,DEMO-CORR-FR-01,Azur Demo Recours (fictional)
DEMO-UK-0878,True,mock-insurance-v2,UK,BJ62 LWL,BJ62LWL,Peugeot,208,white,DEMO-UK-INS-02,Westhaven Demo Motor (fictional),Conducteur fictif UK 0878,conducteur-uk-0878@example.test,Gestionnaire fictif DEMO-UK-INS-02,sinistres@demo-uk-ins-02.test,DEMO-UK-POL-0878,2026-01-01,2026-09-24,DEMO-CORR-FR-02,Loire Demo Recours (fictional)
DEMO-UK-0879,True,mock-insurance-v2,UK,CZ70 WBC,CZ70WBC,Renault,Clio,white,DEMO-UK-INS-03,Birchwood Demo Cover (fictional),Conducteur fictif UK 0879,conducteur-uk-0879@example.test,Gestionnaire fictif DEMO-UK-INS-03,sinistres@demo-uk-ins-03.test,DEMO-UK-POL-0879,2026-01-01,2026-09-24,DEMO-CORR-FR-03,Alpes Demo Recours (fictional)
DEMO-UK-0880,True,mock-insurance-v2,UK,FX65 FEN,FX65FEN,Ford,Focus,white,DEMO-UK-INS-04,Meadowbrook Demo Auto (fictional),Conducteur fictif UK 0880,conducteur-uk-0880@example.test,Gestionnaire fictif DEMO-UK-INS-04,sinistres@demo-uk-ins-04.test,DEMO-UK-POL-0880,2026-01-01,2026-09-24,DEMO-CORR-FR-04,Rivage Demo Recours (fictional)
DEMO-UK-0881,True,mock-insurance-v2,UK,AR75 FAW,AR75FAW,Peugeot,208,white,DEMO-UK-INS-00,Northbridge Demo Motor (fictional),Conducteur fictif UK 0881,conducteur-uk-0881@example.test,Gestionnaire fictif DEMO-UK-INS-00,sinistres@demo-uk-ins-00.test,DEMO-UK-POL-0881,2026-01-01,2026-09-24,DEMO-CORR-FR-00,Hexagone Demo Recours (fictional)
DEMO-UK-0882,True,mock-insurance-v2,UK,HD20 HGR,HD20HGR,Renault,Clio,black,DEMO-UK-INS-01,Oakfield Demo Insurance (fictional),Conducteur fictif UK 0882,conducteur-uk-0882@example.test,Gestionnaire fictif DEMO-UK-INS-01,sinistres@demo-uk-ins-01.test,DEMO-UK-POL-0882,2026-01-01,2026-09-24,DEMO-CORR-FR-01,Azur Demo Recours (fictional)
DEMO-UK-0883,True,mock-insurance-v2,UK,KN12 JKF,KN12JKF,Peugeot,208,silver,DEMO-UK-INS-02,Westhaven Demo Motor (fictional),Conducteur fictif UK 0883,conducteur-uk-0883@example.test,Gestionnaire fictif DEMO-UK-INS-02,sinistres@demo-uk-ins-02.test,DEMO-UK-POL-0883,2026-01-01,2026-09-24,DEMO-CORR-FR-02,Loire Demo Recours (fictional)
DEMO-UK-0884,True,mock-insurance-v2,UK,BN74 JBF,BN74JBF,Toyota,Yaris,red,DEMO-UK-INS-03,Birchwood Demo Cover (fictional),Conducteur fictif UK 0884,conducteur-uk-0884@example.test,Gestionnaire fictif DEMO-UK-INS-03,sinistres@demo-uk-ins-03.test,DEMO-UK-POL-0884,2026-01-01,2026-09-24,DEMO-CORR-FR-03,Alpes Demo Recours (fictional)
DEMO-UK-0885,True,mock-insurance-v2,UK,DL68 KEL,DL68KEL,Toyota,Yaris,white,DEMO-UK-INS-04,Meadowbrook Demo Auto (fictional),Conducteur fictif UK 0885,conducteur-uk-0885@example.test,Gestionnaire fictif DEMO-UK-INS-04,sinistres@demo-uk-ins-04.test,DEMO-UK-POL-0885,2026-01-01,2026-09-24,DEMO-CORR-FR-04,Rivage Demo Recours (fictional)
DEMO-UK-0886,True,mock-insurance-v2,UK,NV12 WGD,NV12WGD,Peugeot,208,blue,DEMO-UK-INS-00,Northbridge Demo Motor (fictional),Conducteur fictif UK 0886,conducteur-uk-0886@example.test,Gestionnaire fictif DEMO-UK-INS-00,sinistres@demo-uk-ins-00.test,DEMO-UK-POL-0886,2026-01-01,2026-09-24,DEMO-CORR-FR-00,Hexagone Demo Recours (fictional)
DEMO-UK-0887,True,mock-insurance-v2,UK,ML72 VFS,ML72VFS,BMW,3 Series,blue,DEMO-UK-INS-01,Oakfield Demo Insurance (fictional),Conducteur fictif UK 0887,conducteur-uk-0887@example.test,Gestionnaire fictif DEMO-UK-INS-01,sinistres@demo-uk-ins-01.test,DEMO-UK-POL-0887,2026-01-01,2026-09-24,DEMO-CORR-FR-01,Azur Demo Recours (fictional)
DEMO-UK-0888,True,mock-insurance-v2,UK,DG21 VKJ,DG21VKJ,Peugeot,208,white,DEMO-UK-INS-02,Westhaven Demo Motor (fictional),Conducteur fictif UK 0888,conducteur-uk-0888@example.test,Gestionnaire fictif DEMO-UK-INS-02,sinistres@demo-uk-ins-02.test,DEMO-UK-POL-0888,2026-01-01,2026-09-24,DEMO-CORR-FR-02,Loire Demo Recours (fictional)
DEMO-UK-0889,True,mock-insurance-v2,UK,GZ12 BEZ,GZ12BEZ,Toyota,Yaris,grey,DEMO-UK-INS-03,Birchwood Demo Cover (fictional),Conducteur fictif UK 0889,conducteur-uk-0889@example.test,Gestionnaire fictif DEMO-UK-INS-03,sinistres@demo-uk-ins-03.test,DEMO-UK-POL-0889,2026-01-01,2026-09-24,DEMO-CORR-FR-03,Alpes Demo Recours (fictional)
DEMO-UK-0890,True,mock-insurance-v2,UK,DP12 NWS,DP12NWS,Peugeot,208,white,DEMO-UK-INS-04,Meadowbrook Demo Auto (fictional),Conducteur fictif UK 0890,conducteur-uk-0890@example.test,Gestionnaire fictif DEMO-UK-INS-04,sinistres@demo-uk-ins-04.test,DEMO-UK-POL-0890,2026-01-01,2026-09-24,DEMO-CORR-FR-04,Rivage Demo Recours (fictional)
DEMO-UK-0891,True,mock-insurance-v2,UK,VP15 SHR,VP15SHR,BMW,3 Series,grey,DEMO-UK-INS-00,Northbridge Demo Motor (fictional),Conducteur fictif UK 0891,conducteur-uk-0891@example.test,Gestionnaire fictif DEMO-UK-INS-00,sinistres@demo-uk-ins-00.test,DEMO-UK-POL-0891,2026-01-01,2026-09-24,DEMO-CORR-FR-00,Hexagone Demo Recours (fictional)
DEMO-UK-0892,True,mock-insurance-v2,UK,YS75 KCK,YS75KCK,BMW,3 Series,silver,DEMO-UK-INS-01,Oakfield Demo Insurance (fictional),Conducteur fictif UK 0892,conducteur-uk-0892@example.test,Gestionnaire fictif DEMO-UK-INS-01,sinistres@demo-uk-ins-01.test,DEMO-UK-POL-0892,2026-01-01,2026-09-24,DEMO-CORR-FR-01,Azur Demo Recours (fictional)
DEMO-UK-0893,True,mock-insurance-v2,UK,BS68 JSG,BS68JSG,Renault,Clio,red,DEMO-UK-INS-02,Westhaven Demo Motor (fictional),Conducteur fictif UK 0893,conducteur-uk-0893@example.test,Gestionnaire fictif DEMO-UK-INS-02,sinistres@demo-uk-ins-02.test,DEMO-UK-POL-0893,2026-01-01,2026-09-24,DEMO-CORR-FR-02,Loire Demo Recours (fictional)
DEMO-UK-0894,True,mock-insurance-v2,UK,RE62 CXK,RE62CXK,Ford,Focus,white,DEMO-UK-INS-03,Birchwood Demo Cover (fictional),Conducteur fictif UK 0894,conducteur-uk-0894@example.test,Gestionnaire fictif DEMO-UK-INS-03,sinistres@demo-uk-ins-03.test,DEMO-UK-POL-0894,2026-01-01,2026-09-24,DEMO-CORR-FR-03,Alpes Demo Recours (fictional)
DEMO-UK-0895,True,mock-insurance-v2,UK,SW70 HDX,SW70HDX,Renault,Clio,blue,DEMO-UK-INS-04,Meadowbrook Demo Auto (fictional),Conducteur fictif UK 0895,conducteur-uk-0895@example.test,Gestionnaire fictif DEMO-UK-INS-04,sinistres@demo-uk-ins-04.test,DEMO-UK-POL-0895,2026-01-01,2026-09-24,DEMO-CORR-FR-04,Rivage Demo Recours (fictional)
DEMO-UK-0896,True,mock-insurance-v2,UK,TY22 LAR,TY22LAR,Volkswagen,Golf,red,DEMO-UK-INS-00,Northbridge Demo Motor (fictional),Conducteur fictif UK 0896,conducteur-uk-0896@example.test,Gestionnaire fictif DEMO-UK-INS-00,sinistres@demo-uk-ins-00.test,DEMO-UK-POL-0896,2026-01-01,2026-09-24,DEMO-CORR-FR-00,Hexagone Demo Recours (fictional)
DEMO-UK-0897,True,mock-insurance-v2,UK,RF75 KRD,RF75KRD,Ford,Focus,white,DEMO-UK-INS-01,Oakfield Demo Insurance (fictional),Conducteur fictif UK 0897,conducteur-uk-0897@example.test,Gestionnaire fictif DEMO-UK-INS-01,sinistres@demo-uk-ins-01.test,DEMO-UK-POL-0897,2026-01-01,2026-09-24,DEMO-CORR-FR-01,Azur Demo Recours (fictional)
DEMO-UK-0898,True,mock-insurance-v2,UK,VV71 CCR,VV71CCR,Peugeot,208,silver,DEMO-UK-INS-02,Westhaven Demo Motor (fictional),Conducteur fictif UK 0898,conducteur-uk-0898@example.test,Gestionnaire fictif DEMO-UK-INS-02,sinistres@demo-uk-ins-02.test,DEMO-UK-POL-0898,2026-01-01,2026-09-24,DEMO-CORR-FR-02,Loire Demo Recours (fictional)
DEMO-UK-0899,True,mock-insurance-v2,UK,WR74 BGA,WR74BGA,Renault,Clio,grey,DEMO-UK-INS-03,Birchwood Demo Cover (fictional),Conducteur fictif UK 0899,conducteur-uk-0899@example.test,Gestionnaire fictif DEMO-UK-INS-03,sinistres@demo-uk-ins-03.test,DEMO-UK-POL-0899,2026-01-01,2026-09-24,DEMO-CORR-FR-03,Alpes Demo Recours (fictional)
DEMO-UK-0900,True,mock-insurance-v2,UK,PN21 FZZ,PN21FZZ,BMW,3 Series,blue,DEMO-UK-INS-04,Meadowbrook Demo Auto (fictional),Conducteur fictif UK 0900,conducteur-uk-0900@example.test,Gestionnaire fictif DEMO-UK-INS-04,sinistres@demo-uk-ins-04.test,DEMO-UK-POL-0900,2026-01-01,2026-09-24,DEMO-CORR-FR-04,Rivage Demo Recours (fictional)
DEMO-UK-0901,True,mock-insurance-v2,UK,AB14 CDE,AB14CDE,Toyota,Yaris,black,DEMO-UK-INS-00,Northbridge Demo Motor (fictional),Conducteur fictif UK 0901,conducteur-uk-0901@example.test,Gestionnaire fictif DEMO-UK-INS-00,sinistres@demo-uk-ins-00.test,DEMO-UK-POL-0901,2026-09-26,2026-12-31,DEMO-CORR-FR-00,Hexagone Demo Recours (fictional)
DEMO-UK-0902,True,mock-insurance-v2,UK,LJ73 MMF,LJ73MMF,Peugeot,208,black,DEMO-UK-INS-01,Oakfield Demo Insurance (fictional),Conducteur fictif UK 0902,conducteur-uk-0902@example.test,Gestionnaire fictif DEMO-UK-INS-01,sinistres@demo-uk-ins-01.test,DEMO-UK-POL-0902,2026-09-26,2026-12-31,DEMO-CORR-FR-01,Azur Demo Recours (fictional)
DEMO-UK-0903,True,mock-insurance-v2,UK,PF74 FVZ,PF74FVZ,Toyota,Yaris,white,DEMO-UK-INS-02,Westhaven Demo Motor (fictional),Conducteur fictif UK 0903,conducteur-uk-0903@example.test,Gestionnaire fictif DEMO-UK-INS-02,sinistres@demo-uk-ins-02.test,DEMO-UK-POL-0903,2026-09-26,2026-12-31,DEMO-CORR-FR-02,Loire Demo Recours (fictional)
DEMO-UK-0904,True,mock-insurance-v2,UK,ST68 FZE,ST68FZE,Volkswagen,Golf,silver,DEMO-UK-INS-03,Birchwood Demo Cover (fictional),Conducteur fictif UK 0904,conducteur-uk-0904@example.test,Gestionnaire fictif DEMO-UK-INS-03,sinistres@demo-uk-ins-03.test,DEMO-UK-POL-0904,2026-09-26,2026-12-31,DEMO-CORR-FR-03,Alpes Demo Recours (fictional)
DEMO-UK-0905,True,mock-insurance-v2,UK,PF15 AGC,PF15AGC,Renault,Clio,blue,DEMO-UK-INS-04,Meadowbrook Demo Auto (fictional),Conducteur fictif UK 0905,conducteur-uk-0905@example.test,Gestionnaire fictif DEMO-UK-INS-04,sinistres@demo-uk-ins-04.test,DEMO-UK-POL-0905,2026-09-26,2026-12-31,DEMO-CORR-FR-04,Rivage Demo Recours (fictional)
DEMO-UK-0906,True,mock-insurance-v2,UK,BV12 SDP,BV12SDP,Peugeot,208,silver,DEMO-UK-INS-00,Northbridge Demo Motor (fictional),Conducteur fictif UK 0906,conducteur-uk-0906@example.test,Gestionnaire fictif DEMO-UK-INS-00,sinistres@demo-uk-ins-00.test,DEMO-UK-POL-0906,2026-09-26,2026-12-31,DEMO-CORR-FR-00,Hexagone Demo Recours (fictional)
DEMO-UK-0907,True,mock-insurance-v2,UK,DV62 SWS,DV62SWS,Peugeot,208,white,DEMO-UK-INS-01,Oakfield Demo Insurance (fictional),Conducteur fictif UK 0907,conducteur-uk-0907@example.test,Gestionnaire fictif DEMO-UK-INS-01,sinistres@demo-uk-ins-01.test,DEMO-UK-POL-0907,2026-09-26,2026-12-31,DEMO-CORR-FR-01,Azur Demo Recours (fictional)
DEMO-UK-0908,True,mock-insurance-v2,UK,NH70 KKB,NH70KKB,Toyota,Yaris,black,DEMO-UK-INS-02,Westhaven Demo Motor (fictional),Conducteur fictif UK 0908,conducteur-uk-0908@example.test,Gestionnaire fictif DEMO-UK-INS-02,sinistres@demo-uk-ins-02.test,DEMO-UK-POL-0908,2026-09-26,2026-12-31,DEMO-CORR-FR-02,Loire Demo Recours (fictional)
DEMO-UK-0909,True,mock-insurance-v2,UK,HT21 GWR,HT21GWR,Volkswagen,Golf,silver,DEMO-UK-INS-03,Birchwood Demo Cover (fictional),Conducteur fictif UK 0909,conducteur-uk-0909@example.test,Gestionnaire fictif DEMO-UK-INS-03,sinistres@demo-uk-ins-03.test,DEMO-UK-POL-0909,2026-09-26,2026-12-31,DEMO-CORR-FR-03,Alpes Demo Recours (fictional)
DEMO-UK-0910,True,mock-insurance-v2,UK,TM21 YLX,TM21YLX,Ford,Focus,black,DEMO-UK-INS-04,Meadowbrook Demo Auto (fictional),Conducteur fictif UK 0910,conducteur-uk-0910@example.test,Gestionnaire fictif DEMO-UK-INS-04,sinistres@demo-uk-ins-04.test,DEMO-UK-POL-0910,2026-09-26,2026-12-31,DEMO-CORR-FR-04,Rivage Demo Recours (fictional)
DEMO-UK-0911,True,mock-insurance-v2,UK,BA15 XGD,BA15XGD,BMW,3 Series,red,DEMO-UK-INS-00,Northbridge Demo Motor (fictional),Conducteur fictif UK 0911,conducteur-uk-0911@example.test,Gestionnaire fictif DEMO-UK-INS-00,sinistres@demo-uk-ins-00.test,DEMO-UK-POL-0911,2026-09-26,2026-12-31,DEMO-CORR-FR-00,Hexagone Demo Recours (fictional)
DEMO-UK-0912,True,mock-insurance-v2,UK,CC74 XLK,CC74XLK,Peugeot,208,grey,DEMO-UK-INS-01,Oakfield Demo Insurance (fictional),Conducteur fictif UK 0912,conducteur-uk-0912@example.test,Gestionnaire fictif DEMO-UK-INS-01,sinistres@demo-uk-ins-01.test,DEMO-UK-POL-0912,2026-09-26,2026-12-31,DEMO-CORR-FR-01,Azur Demo Recours (fictional)
DEMO-UK-0913,True,mock-insurance-v2,UK,PF73 AFF,PF73AFF,Volkswagen,Golf,silver,DEMO-UK-INS-02,Westhaven Demo Motor (fictional),Conducteur fictif UK 0913,conducteur-uk-0913@example.test,Gestionnaire fictif DEMO-UK-INS-02,sinistres@demo-uk-ins-02.test,DEMO-UK-POL-0913,2026-09-26,2026-12-31,DEMO-CORR-FR-02,Loire Demo Recours (fictional)
DEMO-UK-0914,True,mock-insurance-v2,UK,VM72 TFS,VM72TFS,Renault,Clio,white,DEMO-UK-INS-03,Birchwood Demo Cover (fictional),Conducteur fictif UK 0914,conducteur-uk-0914@example.test,Gestionnaire fictif DEMO-UK-INS-03,sinistres@demo-uk-ins-03.test,DEMO-UK-POL-0914,2026-09-26,2026-12-31,DEMO-CORR-FR-03,Alpes Demo Recours (fictional)
DEMO-UK-0915,True,mock-insurance-v2,UK,EA71 APT,EA71APT,Renault,Clio,white,DEMO-UK-INS-04,Meadowbrook Demo Auto (fictional),Conducteur fictif UK 0915,conducteur-uk-0915@example.test,Gestionnaire fictif DEMO-UK-INS-04,sinistres@demo-uk-ins-04.test,DEMO-UK-POL-0915,2026-09-26,2026-12-31,DEMO-CORR-FR-04,Rivage Demo Recours (fictional)
DEMO-UK-0916,True,mock-insurance-v2,UK,XP12 KVY,XP12KVY,Toyota,Yaris,black,DEMO-UK-INS-00,Northbridge Demo Motor (fictional),Conducteur fictif UK 0916,conducteur-uk-0916@example.test,Gestionnaire fictif DEMO-UK-INS-00,sinistres@demo-uk-ins-00.test,DEMO-UK-POL-0916,2026-09-26,2026-12-31,DEMO-CORR-FR-00,Hexagone Demo Recours (fictional)
DEMO-UK-0917,True,mock-insurance-v2,UK,VE25 XMS,VE25XMS,Renault,Clio,black,DEMO-UK-INS-01,Oakfield Demo Insurance (fictional),Conducteur fictif UK 0917,conducteur-uk-0917@example.test,Gestionnaire fictif DEMO-UK-INS-01,sinistres@demo-uk-ins-01.test,DEMO-UK-POL-0917,2026-09-26,2026-12-31,DEMO-CORR-FR-01,Azur Demo Recours (fictional)
DEMO-UK-0918,True,mock-insurance-v2,UK,SX25 BMM,SX25BMM,Volkswagen,Golf,blue,DEMO-UK-INS-02,Westhaven Demo Motor (fictional),Conducteur fictif UK 0918,conducteur-uk-0918@example.test,Gestionnaire fictif DEMO-UK-INS-02,sinistres@demo-uk-ins-02.test,DEMO-UK-POL-0918,2026-09-26,2026-12-31,DEMO-CORR-FR-02,Loire Demo Recours (fictional)
DEMO-UK-0919,True,mock-insurance-v2,UK,LD74 MTX,LD74MTX,Ford,Focus,red,DEMO-UK-INS-03,Birchwood Demo Cover (fictional),Conducteur fictif UK 0919,conducteur-uk-0919@example.test,Gestionnaire fictif DEMO-UK-INS-03,sinistres@demo-uk-ins-03.test,DEMO-UK-POL-0919,2026-09-26,2026-12-31,DEMO-CORR-FR-03,Alpes Demo Recours (fictional)
DEMO-UK-0920,True,mock-insurance-v2,UK,YK12 MKX,YK12MKX,Toyota,Yaris,blue,DEMO-UK-INS-04,Meadowbrook Demo Auto (fictional),Conducteur fictif UK 0920,conducteur-uk-0920@example.test,Gestionnaire fictif DEMO-UK-INS-04,sinistres@demo-uk-ins-04.test,DEMO-UK-POL-0920,2026-09-26,2026-12-31,DEMO-CORR-FR-04,Rivage Demo Recours (fictional)
DEMO-UK-0921,True,mock-insurance-v2,UK,HJ74 XJP,HJ74XJP,Peugeot,208,red,DEMO-UK-INS-00,Northbridge Demo Motor (fictional),Conducteur fictif UK 0921,conducteur-uk-0921@example.test,Gestionnaire fictif DEMO-UK-INS-00,sinistres@demo-uk-ins-00.test,DEMO-UK-POL-0921,2026-09-26,2026-12-31,DEMO-CORR-FR-00,Hexagone Demo Recours (fictional)
DEMO-UK-0922,True,mock-insurance-v2,UK,JW72 KYF,JW72KYF,Peugeot,208,silver,DEMO-UK-INS-01,Oakfield Demo Insurance (fictional),Conducteur fictif UK 0922,conducteur-uk-0922@example.test,Gestionnaire fictif DEMO-UK-INS-01,sinistres@demo-uk-ins-01.test,DEMO-UK-POL-0922,2026-09-26,2026-12-31,DEMO-CORR-FR-01,Azur Demo Recours (fictional)
DEMO-UK-0923,True,mock-insurance-v2,UK,KL70 ATY,KL70ATY,Renault,Clio,black,DEMO-UK-INS-02,Westhaven Demo Motor (fictional),Conducteur fictif UK 0923,conducteur-uk-0923@example.test,Gestionnaire fictif DEMO-UK-INS-02,sinistres@demo-uk-ins-02.test,DEMO-UK-POL-0923,2026-09-26,2026-12-31,DEMO-CORR-FR-02,Loire Demo Recours (fictional)
DEMO-UK-0924,True,mock-insurance-v2,UK,PY12 TJV,PY12TJV,BMW,3 Series,black,DEMO-UK-INS-03,Birchwood Demo Cover (fictional),Conducteur fictif UK 0924,conducteur-uk-0924@example.test,Gestionnaire fictif DEMO-UK-INS-03,sinistres@demo-uk-ins-03.test,DEMO-UK-POL-0924,2026-09-26,2026-12-31,DEMO-CORR-FR-03,Alpes Demo Recours (fictional)
DEMO-UK-0925,True,mock-insurance-v2,UK,YZ74 HJT,YZ74HJT,BMW,3 Series,black,DEMO-UK-INS-04,Meadowbrook Demo Auto (fictional),Conducteur fictif UK 0925,conducteur-uk-0925@example.test,Gestionnaire fictif DEMO-UK-INS-04,sinistres@demo-uk-ins-04.test,DEMO-UK-POL-0925,2026-09-26,2026-12-31,DEMO-CORR-FR-04,Rivage Demo Recours (fictional)
DEMO-UK-0926,True,mock-insurance-v2,UK,HW65 EEV,HW65EEV,BMW,3 Series,grey,DEMO-UK-INS-00,Northbridge Demo Motor (fictional),Conducteur fictif UK 0926,conducteur-uk-0926@example.test,Gestionnaire fictif DEMO-UK-INS-00,sinistres@demo-uk-ins-00.test,DEMO-UK-POL-0926,2026-09-26,2026-12-31,DEMO-CORR-FR-00,Hexagone Demo Recours (fictional)
DEMO-UK-0927,True,mock-insurance-v2,UK,DY70 NZR,DY70NZR,Ford,Focus,black,DEMO-UK-INS-01,Oakfield Demo Insurance (fictional),Conducteur fictif UK 0927,conducteur-uk-0927@example.test,Gestionnaire fictif DEMO-UK-INS-01,sinistres@demo-uk-ins-01.test,DEMO-UK-POL-0927,2026-09-26,2026-12-31,DEMO-CORR-FR-01,Azur Demo Recours (fictional)
DEMO-UK-0928,True,mock-insurance-v2,UK,ZE15 KRK,ZE15KRK,Toyota,Yaris,blue,DEMO-UK-INS-02,Westhaven Demo Motor (fictional),Conducteur fictif UK 0928,conducteur-uk-0928@example.test,Gestionnaire fictif DEMO-UK-INS-02,sinistres@demo-uk-ins-02.test,DEMO-UK-POL-0928,2026-09-26,2026-12-31,DEMO-CORR-FR-02,Loire Demo Recours (fictional)
DEMO-UK-0929,True,mock-insurance-v2,UK,WV75 KMJ,WV75KMJ,Peugeot,208,white,DEMO-UK-INS-03,Birchwood Demo Cover (fictional),Conducteur fictif UK 0929,conducteur-uk-0929@example.test,Gestionnaire fictif DEMO-UK-INS-03,sinistres@demo-uk-ins-03.test,DEMO-UK-POL-0929,2026-09-26,2026-12-31,DEMO-CORR-FR-03,Alpes Demo Recours (fictional)
DEMO-UK-0930,True,mock-insurance-v2,UK,AX65 BLH,AX65BLH,Ford,Focus,silver,DEMO-UK-INS-04,Meadowbrook Demo Auto (fictional),Conducteur fictif UK 0930,conducteur-uk-0930@example.test,Gestionnaire fictif DEMO-UK-INS-04,sinistres@demo-uk-ins-04.test,DEMO-UK-POL-0930,2026-09-26,2026-12-31,DEMO-CORR-FR-04,Rivage Demo Recours (fictional)
DEMO-UK-0931,True,mock-insurance-v2,UK,YP23 XAX,YP23XAX,Renault,Clio,white,DEMO-UK-INS-00,Northbridge Demo Motor (fictional),Conducteur fictif UK 0931,conducteur-uk-0931@example.test,Gestionnaire fictif DEMO-UK-INS-00,sinistres@demo-uk-ins-00.test,DEMO-UK-POL-0931,2026-09-26,2026-12-31,DEMO-CORR-FR-00,Hexagone Demo Recours (fictional)
DEMO-UK-0932,True,mock-insurance-v2,UK,HP22 BCB,HP22BCB,Toyota,Yaris,red,DEMO-UK-INS-01,Oakfield Demo Insurance (fictional),Conducteur fictif UK 0932,conducteur-uk-0932@example.test,Gestionnaire fictif DEMO-UK-INS-01,sinistres@demo-uk-ins-01.test,DEMO-UK-POL-0932,2026-09-26,2026-12-31,DEMO-CORR-FR-01,Azur Demo Recours (fictional)
DEMO-UK-0933,True,mock-insurance-v2,UK,AL62 EGS,AL62EGS,BMW,3 Series,red,DEMO-UK-INS-02,Westhaven Demo Motor (fictional),Conducteur fictif UK 0933,conducteur-uk-0933@example.test,Gestionnaire fictif DEMO-UK-INS-02,sinistres@demo-uk-ins-02.test,DEMO-UK-POL-0933,2026-09-26,2026-12-31,DEMO-CORR-FR-02,Loire Demo Recours (fictional)
DEMO-UK-0934,True,mock-insurance-v2,UK,ET65 AAC,ET65AAC,Peugeot,208,red,DEMO-UK-INS-03,Birchwood Demo Cover (fictional),Conducteur fictif UK 0934,conducteur-uk-0934@example.test,Gestionnaire fictif DEMO-UK-INS-03,sinistres@demo-uk-ins-03.test,DEMO-UK-POL-0934,2026-09-26,2026-12-31,DEMO-CORR-FR-03,Alpes Demo Recours (fictional)
DEMO-UK-0935,True,mock-insurance-v2,UK,SS70 BRV,SS70BRV,Ford,Focus,blue,DEMO-UK-INS-04,Meadowbrook Demo Auto (fictional),Conducteur fictif UK 0935,conducteur-uk-0935@example.test,Gestionnaire fictif DEMO-UK-INS-04,sinistres@demo-uk-ins-04.test,DEMO-UK-POL-0935,2026-09-26,2026-12-31,DEMO-CORR-FR-04,Rivage Demo Recours (fictional)
DEMO-UK-0936,True,mock-insurance-v2,UK,TH62 XNY,TH62XNY,BMW,3 Series,black,DEMO-UK-INS-00,Northbridge Demo Motor (fictional),Conducteur fictif UK 0936,conducteur-uk-0936@example.test,Gestionnaire fictif DEMO-UK-INS-00,sinistres@demo-uk-ins-00.test,DEMO-UK-POL-0936,2026-09-26,2026-12-31,DEMO-CORR-FR-00,Hexagone Demo Recours (fictional)
DEMO-UK-0937,True,mock-insurance-v2,UK,BN73 RDZ,BN73RDZ,Peugeot,208,grey,DEMO-UK-INS-01,Oakfield Demo Insurance (fictional),Conducteur fictif UK 0937,conducteur-uk-0937@example.test,Gestionnaire fictif DEMO-UK-INS-01,sinistres@demo-uk-ins-01.test,DEMO-UK-POL-0937,2026-09-26,2026-12-31,DEMO-CORR-FR-01,Azur Demo Recours (fictional)
DEMO-UK-0938,True,mock-insurance-v2,UK,VN21 GVZ,VN21GVZ,BMW,3 Series,silver,DEMO-UK-INS-02,Westhaven Demo Motor (fictional),Conducteur fictif UK 0938,conducteur-uk-0938@example.test,Gestionnaire fictif DEMO-UK-INS-02,sinistres@demo-uk-ins-02.test,DEMO-UK-POL-0938,2026-09-26,2026-12-31,DEMO-CORR-FR-02,Loire Demo Recours (fictional)
DEMO-UK-0939,True,mock-insurance-v2,UK,ZC15 PKG,ZC15PKG,Ford,Focus,silver,DEMO-UK-INS-03,Birchwood Demo Cover (fictional),Conducteur fictif UK 0939,conducteur-uk-0939@example.test,Gestionnaire fictif DEMO-UK-INS-03,sinistres@demo-uk-ins-03.test,DEMO-UK-POL-0939,2026-09-26,2026-12-31,DEMO-CORR-FR-03,Alpes Demo Recours (fictional)
DEMO-UK-0940,True,mock-insurance-v2,UK,GP73 SGW,GP73SGW,Peugeot,208,grey,DEMO-UK-INS-04,Meadowbrook Demo Auto (fictional),Conducteur fictif UK 0940,conducteur-uk-0940@example.test,Gestionnaire fictif DEMO-UK-INS-04,sinistres@demo-uk-ins-04.test,DEMO-UK-POL-0940,2026-09-26,2026-12-31,DEMO-CORR-FR-04,Rivage Demo Recours (fictional)
DEMO-UK-0941,True,mock-insurance-v2,UK,MK23 ZMH,MK23ZMH,BMW,3 Series,black,DEMO-UK-INS-00,Northbridge Demo Motor (fictional),Conducteur fictif UK 0941,conducteur-uk-0941@example.test,Gestionnaire fictif DEMO-UK-INS-00,sinistres@demo-uk-ins-00.test,DEMO-UK-POL-0941,2026-09-26,2026-12-31,DEMO-CORR-FR-00,Hexagone Demo Recours (fictional)
DEMO-UK-0942,True,mock-insurance-v2,UK,GT62 SFF,GT62SFF,Renault,Clio,white,DEMO-UK-INS-01,Oakfield Demo Insurance (fictional),Conducteur fictif UK 0942,conducteur-uk-0942@example.test,Gestionnaire fictif DEMO-UK-INS-01,sinistres@demo-uk-ins-01.test,DEMO-UK-POL-0942,2026-09-26,2026-12-31,DEMO-CORR-FR-01,Azur Demo Recours (fictional)
DEMO-UK-0943,True,mock-insurance-v2,UK,GE25 RMP,GE25RMP,Volkswagen,Golf,blue,DEMO-UK-INS-02,Westhaven Demo Motor (fictional),Conducteur fictif UK 0943,conducteur-uk-0943@example.test,Gestionnaire fictif DEMO-UK-INS-02,sinistres@demo-uk-ins-02.test,DEMO-UK-POL-0943,2026-09-26,2026-12-31,DEMO-CORR-FR-02,Loire Demo Recours (fictional)
DEMO-UK-0944,True,mock-insurance-v2,UK,RL15 DED,RL15DED,Peugeot,208,grey,DEMO-UK-INS-03,Birchwood Demo Cover (fictional),Conducteur fictif UK 0944,conducteur-uk-0944@example.test,Gestionnaire fictif DEMO-UK-INS-03,sinistres@demo-uk-ins-03.test,DEMO-UK-POL-0944,2026-09-26,2026-12-31,DEMO-CORR-FR-03,Alpes Demo Recours (fictional)
DEMO-UK-0945,True,mock-insurance-v2,UK,CL73 HBH,CL73HBH,Toyota,Yaris,black,DEMO-UK-INS-04,Meadowbrook Demo Auto (fictional),Conducteur fictif UK 0945,conducteur-uk-0945@example.test,Gestionnaire fictif DEMO-UK-INS-04,sinistres@demo-uk-ins-04.test,DEMO-UK-POL-0945,2026-09-26,2026-12-31,DEMO-CORR-FR-04,Rivage Demo Recours (fictional)
DEMO-UK-0946,True,mock-insurance-v2,UK,SP25 ZFC,SP25ZFC,Toyota,Yaris,blue,DEMO-UK-INS-00,Northbridge Demo Motor (fictional),Conducteur fictif UK 0946,conducteur-uk-0946@example.test,Gestionnaire fictif DEMO-UK-INS-00,sinistres@demo-uk-ins-00.test,DEMO-UK-POL-0946,2026-09-26,2026-12-31,DEMO-CORR-FR-00,Hexagone Demo Recours (fictional)
DEMO-UK-0947,True,mock-insurance-v2,UK,EB75 RVF,EB75RVF,Ford,Focus,red,DEMO-UK-INS-01,Oakfield Demo Insurance (fictional),Conducteur fictif UK 0947,conducteur-uk-0947@example.test,Gestionnaire fictif DEMO-UK-INS-01,sinistres@demo-uk-ins-01.test,DEMO-UK-POL-0947,2026-09-26,2026-12-31,DEMO-CORR-FR-01,Azur Demo Recours (fictional)
DEMO-UK-0948,True,mock-insurance-v2,UK,XA12 FGV,XA12FGV,Volkswagen,Golf,grey,DEMO-UK-INS-02,Westhaven Demo Motor (fictional),Conducteur fictif UK 0948,conducteur-uk-0948@example.test,Gestionnaire fictif DEMO-UK-INS-02,sinistres@demo-uk-ins-02.test,DEMO-UK-POL-0948,2026-09-26,2026-12-31,DEMO-CORR-FR-02,Loire Demo Recours (fictional)
DEMO-UK-0949,True,mock-insurance-v2,UK,MX18 FWC,MX18FWC,Peugeot,208,white,DEMO-UK-INS-03,Birchwood Demo Cover (fictional),Conducteur fictif UK 0949,conducteur-uk-0949@example.test,Gestionnaire fictif DEMO-UK-INS-03,sinistres@demo-uk-ins-03.test,DEMO-UK-POL-0949,2026-09-26,2026-12-31,DEMO-CORR-FR-03,Alpes Demo Recours (fictional)
DEMO-UK-0950,True,mock-insurance-v2,UK,EL74 SDW,EL74SDW,Ford,Focus,silver,DEMO-UK-INS-04,Meadowbrook Demo Auto (fictional),Conducteur fictif UK 0950,conducteur-uk-0950@example.test,Gestionnaire fictif DEMO-UK-INS-04,sinistres@demo-uk-ins-04.test,DEMO-UK-POL-0950,2026-09-26,2026-12-31,DEMO-CORR-FR-04,Rivage Demo Recours (fictional)
DEMO-UK-0951,True,mock-insurance-v2,UK,AB15 CDE,AB15CDE,Peugeot,208,silver,DEMO-UK-INS-00,Northbridge Demo Motor (fictional),Conducteur fictif UK 0951,conducteur-uk-0951@example.test,Gestionnaire fictif DEMO-UK-INS-00,sinistres@demo-uk-ins-00.test,,,,,
DEMO-UK-0952,True,mock-insurance-v2,UK,BW22 RCA,BW22RCA,BMW,3 Series,silver,DEMO-UK-INS-01,Oakfield Demo Insurance (fictional),Conducteur fictif UK 0952,conducteur-uk-0952@example.test,Gestionnaire fictif DEMO-UK-INS-01,sinistres@demo-uk-ins-01.test,,,,,
DEMO-UK-0953,True,mock-insurance-v2,UK,CL62 ZNW,CL62ZNW,Volkswagen,Golf,red,DEMO-UK-INS-02,Westhaven Demo Motor (fictional),Conducteur fictif UK 0953,conducteur-uk-0953@example.test,Gestionnaire fictif DEMO-UK-INS-02,sinistres@demo-uk-ins-02.test,,,,,
DEMO-UK-0954,True,mock-insurance-v2,UK,BH21 TMB,BH21TMB,Ford,Focus,black,DEMO-UK-INS-03,Birchwood Demo Cover (fictional),Conducteur fictif UK 0954,conducteur-uk-0954@example.test,Gestionnaire fictif DEMO-UK-INS-03,sinistres@demo-uk-ins-03.test,,,,,
DEMO-UK-0955,True,mock-insurance-v2,UK,XJ70 VAH,XJ70VAH,Toyota,Yaris,blue,DEMO-UK-INS-04,Meadowbrook Demo Auto (fictional),Conducteur fictif UK 0955,conducteur-uk-0955@example.test,Gestionnaire fictif DEMO-UK-INS-04,sinistres@demo-uk-ins-04.test,,,,,
DEMO-UK-0956,True,mock-insurance-v2,UK,CY21 RSE,CY21RSE,Toyota,Yaris,white,DEMO-UK-INS-00,Northbridge Demo Motor (fictional),Conducteur fictif UK 0956,conducteur-uk-0956@example.test,Gestionnaire fictif DEMO-UK-INS-00,sinistres@demo-uk-ins-00.test,,,,,
DEMO-UK-0957,True,mock-insurance-v2,UK,ED72 XVV,ED72XVV,BMW,3 Series,silver,DEMO-UK-INS-01,Oakfield Demo Insurance (fictional),Conducteur fictif UK 0957,conducteur-uk-0957@example.test,Gestionnaire fictif DEMO-UK-INS-01,sinistres@demo-uk-ins-01.test,,,,,
DEMO-UK-0958,True,mock-insurance-v2,UK,EK62 VGB,EK62VGB,BMW,3 Series,silver,DEMO-UK-INS-02,Westhaven Demo Motor (fictional),Conducteur fictif UK 0958,conducteur-uk-0958@example.test,Gestionnaire fictif DEMO-UK-INS-02,sinistres@demo-uk-ins-02.test,,,,,
DEMO-UK-0959,True,mock-insurance-v2,UK,LN70 LTF,LN70LTF,Peugeot,208,blue,DEMO-UK-INS-03,Birchwood Demo Cover (fictional),Conducteur fictif UK 0959,conducteur-uk-0959@example.test,Gestionnaire fictif DEMO-UK-INS-03,sinistres@demo-uk-ins-03.test,,,,,
DEMO-UK-0960,True,mock-insurance-v2,UK,TB74 GZH,TB74GZH,Ford,Focus,white,DEMO-UK-INS-04,Meadowbrook Demo Auto (fictional),Conducteur fictif UK 0960,conducteur-uk-0960@example.test,Gestionnaire fictif DEMO-UK-INS-04,sinistres@demo-uk-ins-04.test,,,,,
DEMO-UK-0961,True,mock-insurance-v2,UK,XE21 RZK,XE21RZK,Peugeot,208,blue,DEMO-UK-INS-00,Northbridge Demo Motor (fictional),Conducteur fictif UK 0961,conducteur-uk-0961@example.test,Gestionnaire fictif DEMO-UK-INS-00,sinistres@demo-uk-ins-00.test,,,,,
DEMO-UK-0962,True,mock-insurance-v2,UK,PV71 SKN,PV71SKN,Peugeot,208,black,DEMO-UK-INS-01,Oakfield Demo Insurance (fictional),Conducteur fictif UK 0962,conducteur-uk-0962@example.test,Gestionnaire fictif DEMO-UK-INS-01,sinistres@demo-uk-ins-01.test,,,,,
DEMO-UK-0963,True,mock-insurance-v2,UK,CF23 RGP,CF23RGP,Renault,Clio,red,DEMO-UK-INS-02,Westhaven Demo Motor (fictional),Conducteur fictif UK 0963,conducteur-uk-0963@example.test,Gestionnaire fictif DEMO-UK-INS-02,sinistres@demo-uk-ins-02.test,,,,,
DEMO-UK-0964,True,mock-insurance-v2,UK,GV24 NVZ,GV24NVZ,Ford,Focus,red,DEMO-UK-INS-03,Birchwood Demo Cover (fictional),Conducteur fictif UK 0964,conducteur-uk-0964@example.test,Gestionnaire fictif DEMO-UK-INS-03,sinistres@demo-uk-ins-03.test,,,,,
DEMO-UK-0965,True,mock-insurance-v2,UK,WA25 KXT,WA25KXT,Toyota,Yaris,silver,DEMO-UK-INS-04,Meadowbrook Demo Auto (fictional),Conducteur fictif UK 0965,conducteur-uk-0965@example.test,Gestionnaire fictif DEMO-UK-INS-04,sinistres@demo-uk-ins-04.test,,,,,
DEMO-UK-0966,True,mock-insurance-v2,UK,ZH25 PTP,ZH25PTP,Toyota,Yaris,black,DEMO-UK-INS-00,Northbridge Demo Motor (fictional),Conducteur fictif UK 0966,conducteur-uk-0966@example.test,Gestionnaire fictif DEMO-UK-INS-00,sinistres@demo-uk-ins-00.test,,,,,
DEMO-UK-0967,True,mock-insurance-v2,UK,YH71 KHW,YH71KHW,Toyota,Yaris,black,DEMO-UK-INS-01,Oakfield Demo Insurance (fictional),Conducteur fictif UK 0967,conducteur-uk-0967@example.test,Gestionnaire fictif DEMO-UK-INS-01,sinistres@demo-uk-ins-01.test,,,,,
DEMO-UK-0968,True,mock-insurance-v2,UK,PP68 GGX,PP68GGX,BMW,3 Series,white,DEMO-UK-INS-02,Westhaven Demo Motor (fictional),Conducteur fictif UK 0968,conducteur-uk-0968@example.test,Gestionnaire fictif DEMO-UK-INS-02,sinistres@demo-uk-ins-02.test,,,,,
DEMO-UK-0969,True,mock-insurance-v2,UK,JP73 VDZ,JP73VDZ,BMW,3 Series,black,DEMO-UK-INS-03,Birchwood Demo Cover (fictional),Conducteur fictif UK 0969,conducteur-uk-0969@example.test,Gestionnaire fictif DEMO-UK-INS-03,sinistres@demo-uk-ins-03.test,,,,,
DEMO-UK-0970,True,mock-insurance-v2,UK,RG15 TPK,RG15TPK,Toyota,Yaris,grey,DEMO-UK-INS-04,Meadowbrook Demo Auto (fictional),Conducteur fictif UK 0970,conducteur-uk-0970@example.test,Gestionnaire fictif DEMO-UK-INS-04,sinistres@demo-uk-ins-04.test,,,,,
DEMO-UK-0971,True,mock-insurance-v2,UK,TB68 ZAS,TB68ZAS,Ford,Focus,red,DEMO-UK-INS-00,Northbridge Demo Motor (fictional),Conducteur fictif UK 0971,conducteur-uk-0971@example.test,Gestionnaire fictif DEMO-UK-INS-00,sinistres@demo-uk-ins-00.test,,,,,
DEMO-UK-0972,True,mock-insurance-v2,UK,NL20 CBG,NL20CBG,Ford,Focus,white,DEMO-UK-INS-01,Oakfield Demo Insurance (fictional),Conducteur fictif UK 0972,conducteur-uk-0972@example.test,Gestionnaire fictif DEMO-UK-INS-01,sinistres@demo-uk-ins-01.test,,,,,
DEMO-UK-0973,True,mock-insurance-v2,UK,CT62 REF,CT62REF,Toyota,Yaris,silver,DEMO-UK-INS-02,Westhaven Demo Motor (fictional),Conducteur fictif UK 0973,conducteur-uk-0973@example.test,Gestionnaire fictif DEMO-UK-INS-02,sinistres@demo-uk-ins-02.test,,,,,
DEMO-UK-0974,True,mock-insurance-v2,UK,HJ12 ACY,HJ12ACY,Ford,Focus,grey,DEMO-UK-INS-03,Birchwood Demo Cover (fictional),Conducteur fictif UK 0974,conducteur-uk-0974@example.test,Gestionnaire fictif DEMO-UK-INS-03,sinistres@demo-uk-ins-03.test,,,,,
DEMO-UK-0975,True,mock-insurance-v2,UK,XH15 WSS,XH15WSS,Toyota,Yaris,red,DEMO-UK-INS-04,Meadowbrook Demo Auto (fictional),Conducteur fictif UK 0975,conducteur-uk-0975@example.test,Gestionnaire fictif DEMO-UK-INS-04,sinistres@demo-uk-ins-04.test,,,,,
DEMO-UK-0976,True,mock-insurance-v2,UK,MZ22 NJS,MZ22NJS,Ford,Focus,red,DEMO-UK-INS-00,Northbridge Demo Motor (fictional),Conducteur fictif UK 0976,conducteur-uk-0976@example.test,Gestionnaire fictif DEMO-UK-INS-00,sinistres@demo-uk-ins-00.test,,,,,
DEMO-UK-0977,True,mock-insurance-v2,UK,ET73 SSV,ET73SSV,Toyota,Yaris,red,DEMO-UK-INS-01,Oakfield Demo Insurance (fictional),Conducteur fictif UK 0977,conducteur-uk-0977@example.test,Gestionnaire fictif DEMO-UK-INS-01,sinistres@demo-uk-ins-01.test,,,,,
DEMO-UK-0978,True,mock-insurance-v2,UK,DD18 JJP,DD18JJP,Peugeot,208,white,DEMO-UK-INS-02,Westhaven Demo Motor (fictional),Conducteur fictif UK 0978,conducteur-uk-0978@example.test,Gestionnaire fictif DEMO-UK-INS-02,sinistres@demo-uk-ins-02.test,,,,,
DEMO-UK-0979,True,mock-insurance-v2,UK,ZW15 PXP,ZW15PXP,Peugeot,208,silver,DEMO-UK-INS-03,Birchwood Demo Cover (fictional),Conducteur fictif UK 0979,conducteur-uk-0979@example.test,Gestionnaire fictif DEMO-UK-INS-03,sinistres@demo-uk-ins-03.test,,,,,
DEMO-UK-0980,True,mock-insurance-v2,UK,KL65 BTZ,KL65BTZ,Ford,Focus,blue,DEMO-UK-INS-04,Meadowbrook Demo Auto (fictional),Conducteur fictif UK 0980,conducteur-uk-0980@example.test,Gestionnaire fictif DEMO-UK-INS-04,sinistres@demo-uk-ins-04.test,,,,,
DEMO-UK-0981,True,mock-insurance-v2,UK,JC15 SKF,JC15SKF,Renault,Clio,silver,DEMO-UK-INS-00,Northbridge Demo Motor (fictional),Conducteur fictif UK 0981,conducteur-uk-0981@example.test,Gestionnaire fictif DEMO-UK-INS-00,sinistres@demo-uk-ins-00.test,,,,,
DEMO-UK-0982,True,mock-insurance-v2,UK,PA18 SEZ,PA18SEZ,Volkswagen,Golf,blue,DEMO-UK-INS-01,Oakfield Demo Insurance (fictional),Conducteur fictif UK 0982,conducteur-uk-0982@example.test,Gestionnaire fictif DEMO-UK-INS-01,sinistres@demo-uk-ins-01.test,,,,,
DEMO-UK-0983,True,mock-insurance-v2,UK,BB75 AAS,BB75AAS,Renault,Clio,blue,DEMO-UK-INS-02,Westhaven Demo Motor (fictional),Conducteur fictif UK 0983,conducteur-uk-0983@example.test,Gestionnaire fictif DEMO-UK-INS-02,sinistres@demo-uk-ins-02.test,,,,,
DEMO-UK-0984,True,mock-insurance-v2,UK,DL15 MLX,DL15MLX,Volkswagen,Golf,silver,DEMO-UK-INS-03,Birchwood Demo Cover (fictional),Conducteur fictif UK 0984,conducteur-uk-0984@example.test,Gestionnaire fictif DEMO-UK-INS-03,sinistres@demo-uk-ins-03.test,,,,,
DEMO-UK-0985,True,mock-insurance-v2,UK,LL71 DKE,LL71DKE,Ford,Focus,grey,DEMO-UK-INS-04,Meadowbrook Demo Auto (fictional),Conducteur fictif UK 0985,conducteur-uk-0985@example.test,Gestionnaire fictif DEMO-UK-INS-04,sinistres@demo-uk-ins-04.test,,,,,
DEMO-UK-0986,True,mock-insurance-v2,UK,LD75 TJG,LD75TJG,Renault,Clio,blue,DEMO-UK-INS-00,Northbridge Demo Motor (fictional),Conducteur fictif UK 0986,conducteur-uk-0986@example.test,Gestionnaire fictif DEMO-UK-INS-00,sinistres@demo-uk-ins-00.test,,,,,
DEMO-UK-0987,True,mock-insurance-v2,UK,BG18 TNM,BG18TNM,Ford,Focus,black,DEMO-UK-INS-01,Oakfield Demo Insurance (fictional),Conducteur fictif UK 0987,conducteur-uk-0987@example.test,Gestionnaire fictif DEMO-UK-INS-01,sinistres@demo-uk-ins-01.test,,,,,
DEMO-UK-0988,True,mock-insurance-v2,UK,AF62 PGH,AF62PGH,BMW,3 Series,black,DEMO-UK-INS-02,Westhaven Demo Motor (fictional),Conducteur fictif UK 0988,conducteur-uk-0988@example.test,Gestionnaire fictif DEMO-UK-INS-02,sinistres@demo-uk-ins-02.test,,,,,
DEMO-UK-0989,True,mock-insurance-v2,UK,PJ65 ZLW,PJ65ZLW,Peugeot,208,silver,DEMO-UK-INS-03,Birchwood Demo Cover (fictional),Conducteur fictif UK 0989,conducteur-uk-0989@example.test,Gestionnaire fictif DEMO-UK-INS-03,sinistres@demo-uk-ins-03.test,,,,,
DEMO-UK-0990,True,mock-insurance-v2,UK,MF18 LWX,MF18LWX,Peugeot,208,grey,DEMO-UK-INS-04,Meadowbrook Demo Auto (fictional),Conducteur fictif UK 0990,conducteur-uk-0990@example.test,Gestionnaire fictif DEMO-UK-INS-04,sinistres@demo-uk-ins-04.test,,,,,
DEMO-UK-0991,True,mock-insurance-v2,UK,EP68 FDX,EP68FDX,Peugeot,208,white,DEMO-UK-INS-00,Northbridge Demo Motor (fictional),Conducteur fictif UK 0991,conducteur-uk-0991@example.test,Gestionnaire fictif DEMO-UK-INS-00,sinistres@demo-uk-ins-00.test,,,,,
DEMO-UK-0992,True,mock-insurance-v2,UK,ZA70 TTW,ZA70TTW,Peugeot,208,red,DEMO-UK-INS-01,Oakfield Demo Insurance (fictional),Conducteur fictif UK 0992,conducteur-uk-0992@example.test,Gestionnaire fictif DEMO-UK-INS-01,sinistres@demo-uk-ins-01.test,,,,,
DEMO-UK-0993,True,mock-insurance-v2,UK,YD25 KRG,YD25KRG,Ford,Focus,black,DEMO-UK-INS-02,Westhaven Demo Motor (fictional),Conducteur fictif UK 0993,conducteur-uk-0993@example.test,Gestionnaire fictif DEMO-UK-INS-02,sinistres@demo-uk-ins-02.test,,,,,
DEMO-UK-0994,True,mock-insurance-v2,UK,YD72 DZX,YD72DZX,Peugeot,208,black,DEMO-UK-INS-03,Birchwood Demo Cover (fictional),Conducteur fictif UK 0994,conducteur-uk-0994@example.test,Gestionnaire fictif DEMO-UK-INS-03,sinistres@demo-uk-ins-03.test,,,,,
DEMO-UK-0995,True,mock-insurance-v2,UK,XL23 ZGX,XL23ZGX,Volkswagen,Golf,grey,DEMO-UK-INS-04,Meadowbrook Demo Auto (fictional),Conducteur fictif UK 0995,conducteur-uk-0995@example.test,Gestionnaire fictif DEMO-UK-INS-04,sinistres@demo-uk-ins-04.test,,,,,
DEMO-UK-0996,True,mock-insurance-v2,UK,FE22 JKJ,FE22JKJ,Volkswagen,Golf,red,DEMO-UK-INS-00,Northbridge Demo Motor (fictional),Conducteur fictif UK 0996,conducteur-uk-0996@example.test,Gestionnaire fictif DEMO-UK-INS-00,sinistres@demo-uk-ins-00.test,,,,,
DEMO-UK-0997,True,mock-insurance-v2,UK,MS15 ESP,MS15ESP,Volkswagen,Golf,silver,DEMO-UK-INS-01,Oakfield Demo Insurance (fictional),Conducteur fictif UK 0997,conducteur-uk-0997@example.test,Gestionnaire fictif DEMO-UK-INS-01,sinistres@demo-uk-ins-01.test,,,,,
DEMO-UK-0998,True,mock-insurance-v2,UK,KJ65 XGD,KJ65XGD,Renault,Clio,black,DEMO-UK-INS-02,Westhaven Demo Motor (fictional),Conducteur fictif UK 0998,conducteur-uk-0998@example.test,Gestionnaire fictif DEMO-UK-INS-02,sinistres@demo-uk-ins-02.test,,,,,
DEMO-UK-0999,True,mock-insurance-v2,UK,GP22 FGA,GP22FGA,BMW,3 Series,black,DEMO-UK-INS-03,Birchwood Demo Cover (fictional),Conducteur fictif UK 0999,conducteur-uk-0999@example.test,Gestionnaire fictif DEMO-UK-INS-03,sinistres@demo-uk-ins-03.test,,,,,
DEMO-UK-1000,True,mock-insurance-v2,UK,MN71 WJY,MN71WJY,BMW,3 Series,grey,DEMO-UK-INS-04,Meadowbrook Demo Auto (fictional),Conducteur fictif UK 1000,conducteur-uk-1000@example.test,Gestionnaire fictif DEMO-UK-INS-04,sinistres@demo-uk-ins-04.test,,,,,
